student_id,gender,branch,study_hours,attendance,sleep_hours,internet_usage,assignments_completed,previous_score,extracurricular,exam_score,placement_status
STU01978,Female,Mechanical,1.5,68.2,6.7,2.6,15.0,63.6,Yes,60.8,Placed
STU03881,Male,Mechanical,5.0,80.9,5.5,6.2,12.0,55.4,No,58.8,Not Placed
STU00053,Female,CSE,0.8,69.4,7.4,3.6,,43.2,No,44.0,Not Placed
STU02552,Female,Commerce,1.3,77.1,7.4,3.6,,76.9,Yes,55.5,Placed
STU02247,Male,IT,0.0,46.8,7.4,5.6,4.0,49.7,Yes,41.6,Not Placed
STU00271,Male,IT,2.9,68.4,6.9,6.7,8.0,54.0,No,46.4,Not Placed
STU00602,Female,Mechanical,5.0,82.0,5.0,5.0,11.0,56.4,Yes,58.0,Placed
STU02442,Female,Mechanical,2.4,72.6,6.3,3.4,19.0,68.6,Yes,68.2,Placed
STU03287,Female,CSE,3.3,46.1,5.7,5.1,8.0,51.1,No,49.3,Not Placed
STU02968,Female,Mechanical,3.1,73.7,4.2,4.1,9.0,50.0,No,47.3,Not Placed
STU04713,Male,Civil,4.0,82.3,6.8,3.5,13.0,80.6,No,71.8,Placed
STU09033,Female,CSE,3.7,63.5,5.5,5.0,15.0,78.6,Yes,71.3,Placed
STU01788,Male,CSE,2.2,78.7,7.2,3.0,7.0,39.2,Yes,43.3,Not Placed
STU01699,Female,Mechanical,3.7,63.9,7.5,4.9,4.0,45.6,No,51.5,Not Placed
STU03226,Male,IT,,55.3,8.4,2.1,7.0,,No,44.6,Not Placed
STU00404,Female,ECE,3.2,69.0,7.5,4.4,16.0,55.5,No,68.8,Not Placed
STU03535,Female,ECE,5.2,74.7,8.1,5.7,11.0,65.4,No,66.2,Placed
STU06047,Male,ECE,,88.4,6.6,2.4,14.0,52.5,Yes,64.7,Placed
STU03048,Female,CSE,6.8,86.3,8.3,1.3,13.0,75.0,No,74.2,Placed
STU08863,Female,CSE,0.3,71.0,6.1,,9.0,59.2,Yes,47.9,Not Placed
STU07147,Male,CSE,6.9,75.7,6.1,4.8,20.0,82.4,No,80.1,Placed
STU00508,Male,Commerce,6.5,80.6,9.0,2.4,16.0,77.0,Yes,83.4,Placed
STU04477,Female,CSE,3.8,89.2,5.6,5.1,17.0,59.8,No,61.7,Placed
STU01678,Female,CSE,5.8,63.8,7.6,6.7,16.0,69.7,Yes,69.1,Placed
STU02021,Male,IT,3.4,76.2,4.7,5.7,13.0,70.1,No,56.0,Placed
STU01683,Male,CSE,2.4,69.3,7.8,3.4,13.0,58.2,No,61.1,Placed
STU01650,Male,Civil,3.6,71.8,6.5,5.9,9.0,63.4,No,47.8,Not Placed
STU02422,Female,IT,0.8,66.7,7.4,,11.0,62.8,No,53.6,Not Placed
STU07538,Male,Civil,3.1,61.1,7.8,3.6,14.0,54.2,No,53.4,Not Placed
STU04794,Female,ECE,6.3,83.3,5.6,4.4,19.0,71.0,No,86.6,Placed
STU09637,Female,Civil,4.6,74.5,4.3,3.6,14.0,51.6,No,57.7,Not Placed
STU01016,Male,CSE,3.0,71.6,6.2,5.7,7.0,44.1,No,47.5,Not Placed
STU08922,Male,IT,5.5,98.2,9.3,4.2,17.0,59.1,Yes,78.5,Placed
STU03045,Male,Commerce,5.1,79.5,,5.9,15.0,70.7,Yes,68.8,Placed
STU03499,Male,Commerce,4.6,85.1,5.7,5.5,12.0,62.3,No,68.1,Placed
STU05525,Male,IT,4.8,73.1,4.1,2.8,14.0,48.1,Yes,59.6,Placed
STU09555,Male,ECE,5.5,78.2,6.4,4.2,13.0,52.6,No,50.4,Not Placed
STU02847,Male,Commerce,1.1,61.0,7.5,6.3,12.0,54.8,No,40.4,Not Placed
STU00836,Female,CSE,2.7,50.1,7.3,4.7,8.0,59.2,No,56.1,Not Placed
STU04864,Male,ECE,2.7,81.0,5.5,4.7,18.0,66.1,Yes,68.7,Placed
STU03298,Male,CSE,2.4,72.1,6.5,5.5,13.0,60.7,No,47.1,Not Placed
STU07962,Male,IT,4.0,70.6,,5.1,8.0,48.6,No,43.0,Not Placed
STU03146,Male,CSE,2.5,79.4,5.2,6.4,15.0,53.3,Yes,52.5,Not Placed
STU06116,Male,CSE,5.7,90.9,7.1,3.4,20.0,77.7,No,89.4,Placed
STU01902,Female,ECE,2.6,88.8,7.9,3.1,17.0,74.0,Yes,73.5,Placed
STU01412,Male,CSE,5.5,81.0,5.5,2.1,18.0,93.6,No,88.2,Placed
STU00624,Male,ECE,3.4,70.8,5.6,4.5,14.0,51.5,No,47.3,Not Placed
STU03504,Male,Mechanical,4.5,71.3,7.1,5.1,5.0,43.8,No,47.5,Not Placed
STU03067,Female,it,5.1,71.7,7.5,3.0,13.0,60.1,No,60.6,Not Placed
STU00642,Female,Commerce,3.5,82.1,8.3,1.8,18.0,66.0,No,66.6,Placed
STU02171,Male,Civil,5.0,78.8,6.4,3.4,8.0,57.2,No,55.1,Not Placed
STU06822,Male,Mechanical,0.4,70.5,5.4,4.8,10.0,53.1,No,41.1,Not Placed
STU07419,Male,ECE,2.0,58.4,6.6,5.1,15.0,56.6,Yes,53.1,Not Placed
STU01720,Male,IT,2.1,62.4,7.1,2.7,11.0,52.2,Yes,49.7,Placed
STU01303,Female,ECE,5.6,84.2,4.3,4.8,18.0,68.0,No,66.4,Placed
STU07828,Female,Commerce,2.7,67.6,8.9,4.3,12.0,61.4,No,54.4,Not Placed
STU05793,Male,Mechanical,6.4,82.9,8.7,5.0,9.0,60.2,Yes,69.6,Not Placed
STU09926,Male,IT,5.0,78.1,6.6,3.5,15.0,76.0,Yes,73.5,Placed
STU08338,Male,ECE,,73.4,7.9,2.8,12.0,61.8,Yes,63.9,Placed
STU03436,Female,CSE,2.5,70.5,8.6,6.1,16.0,70.2,No,67.8,Placed
STU03657,Male,Civil,5.9,77.2,8.2,6.8,9.0,59.3,Yes,51.5,Not Placed
STU05549,Male,ECE,2.6,80.9,7.2,4.7,14.0,73.7,Yes,66.8,Placed
STU00066,Female,Mechanical,2.1,76.2,6.4,4.9,16.0,61.1,No,65.7,Not Placed
STU02418,Female,ECE,1.9,70.5,5.8,8.0,12.0,58.0,No,40.7,Not Placed
STU03693,Male,Mechanical,2.1,46.3,6.4,5.8,9.0,40.2,Yes,33.4,Not Placed
STU04000,Male,CSE,1.5,56.8,7.5,5.8,11.0,50.1,Yes,48.3,Placed
STU05498,Male,Commerce,3.4,81.5,8.0,2.9,14.0,72.7,No,64.9,Placed
STU00439,Female,ECE,1.1,65.5,7.7,6.5,8.0,56.5,No,35.6,Not Placed
STU03567,Female,IT,2.6,72.6,7.7,2.3,15.0,63.8,No,66.3,Not Placed
STU06932,Female,IT,3.4,77.7,3.6,4.4,13.0,78.0,No,63.8,Placed
STU01819,Male,Commerce,5.4,72.4,6.8,4.3,15.0,68.4,No,71.1,Placed
STU03606,Female,CSE,4.3,90.6,4.1,4.4,17.0,70.4,No,57.1,Placed
STU02795,Male,IT,1.2,60.5,7.7,5.0,12.0,71.5,No,58.4,Not Placed
STU05078,Female,Commerce,5.8,92.5,6.0,2.2,17.0,60.4,No,81.9,Placed
STU02466,Male,Mechanical,2.4,74.5,6.4,6.4,8.0,56.4,No,43.4,Not Placed
STU04313,Female,Civil,1.6,80.9,7.0,2.5,12.0,54.5,No,53.7,Not Placed
STU05234,Female,Civil,3.7,96.5,7.8,0.9,20.0,75.2,No,92.4,Placed
STU06476,Male,IT,3.8,84.8,5.9,3.9,10.0,52.8,No,55.3,Not Placed
STU04467,Female,IT,4.4,79.8,6.2,3.0,12.0,50.6,No,67.5,Not Placed
STU04382,Female,IT,0.7,67.6,5.4,6.6,9.0,70.7,Yes,48.1,Placed
STU05121,Male,IT,1.9,71.2,6.7,5.4,11.0,,Yes,44.8,Not Placed
STU04563,Male,Commerce,4.2,88.5,9.2,3.9,13.0,69.4,No,61.5,Placed
STU00379,Female,Mechanical,4.6,85.4,4.7,,19.0,80.3,Yes,73.7,Placed
STU02760,Female,Mechanical,5.6,85.6,6.1,4.9,16.0,81.2,No,81.4,Placed
STU06960,Male,CSE,2.4,78.2,9.2,2.7,6.0,71.1,Yes,63.1,Placed
STU06782,Female,IT,3.2,75.8,6.1,6.8,13.0,67.2,No,52.6,Placed
STU01290,Male,Civil,2.7,90.2,7.5,1.1,16.0,66.6,Yes,69.6,Placed
STU06744,Male,IT,4.6,80.5,6.1,5.1,16.0,80.4,Yes,63.3,Placed
STU00012,Female,Mechanical,2.6,74.4,7.2,5.4,14.0,74.4,No,61.0,Not Placed
STU02067,Male,Civil,0.0,77.2,7.5,8.8,15.0,71.9,No,57.4,Not Placed
STU06211,Male,Mechanical,5.6,78.8,6.0,5.1,17.0,47.1,Yes,77.2,Placed
STU04480,Male,IT,3.6,76.0,6.6,4.1,18.0,55.7,Yes,67.6,Placed
STU01056,Male,Mechanical,5.7,94.6,5.2,5.6,18.0,66.3,No,75.8,Placed
STU03701,Male,ECE,5.0,97.0,6.7,5.1,14.0,62.7,Yes,58.4,Placed
STU05578,Female,CSE,,70.5,5.3,1.7,16.0,54.5,No,59.3,Not Placed
STU09026,Female,Commerce,1.6,62.5,9.2,4.6,10.0,43.3,No,41.7,Not Placed
STU04642,Female,CSE,1.9,63.2,7.4,3.8,10.0,51.4,Yes,55.9,Placed
STU08723,Male,IT,4.2,77.5,5.4,3.0,17.0,62.5,Yes,60.5,Placed
STU09737,Male,Mechanical,7.2,100.0,6.5,0.4,20.0,96.2,Yes,100.0,Placed
STU01112,Female,Mechanical,3.3,75.3,7.4,5.1,12.0,58.5,No,59.3,Not Placed
STU09272,Female,Civil,4.9,,7.5,4.3,11.0,42.5,No,63.5,Not Placed
STU02730,Female,CSE,2.2,66.0,6.4,6.6,12.0,47.1,Yes,50.5,Not Placed
STU00738,Female,CSE,3.4,71.8,6.6,3.7,14.0,77.6,No,71.8,Placed
STU01749,Male,Mechanical,3.8,85.5,8.0,4.0,12.0,55.3,No,67.1,Not Placed
STU09312,Male,CSE,1.1,70.8,4.5,6.0,8.0,46.8,No,32.7,Not Placed
STU07788,Female,Civil,5.0,96.9,6.7,3.2,19.0,65.8,No,77.6,Placed
STU05592,Female,CSE,3.6,75.1,6.8,5.0,15.0,69.8,Yes,65.2,Placed
STU02435,Male,Commerce,4.1,81.9,7.6,3.4,13.0,78.8,No,66.8,Placed
STU01546,Male,ECE,2.1,66.9,6.7,4.1,11.0,45.7,No,50.2,Not Placed
STU02894,Female,Mechanical,3.9,59.8,7.5,4.1,8.0,56.8,Yes,51.9,Not Placed
STU03818,Female,CSE,3.0,79.8,5.9,5.6,16.0,59.7,Yes,62.0,Placed
STU01196,Male,IT,4.2,87.4,5.4,1.6,20.0,81.8,Yes,83.9,Placed
STU08004,Female,CSE,4.5,67.7,6.7,6.7,13.0,53.0,Yes,53.3,Not Placed
STU03449,Female,IT,2.7,75.2,7.1,5.1,11.0,56.2,Yes,51.5,Placed
STU01436,Male,Commerce,4.1,83.1,7.0,1.4,11.0,64.9,No,68.8,Not Placed
STU09474,Male,CSE,6.2,84.9,5.7,3.0,17.0,77.9,No,78.8,Placed
STU08437,Male,ECE,3.1,73.1,6.0,3.0,17.0,57.5,No,64.9,Not Placed
STU03030,Male,Mechanical,3.4,68.2,6.2,3.4,14.0,66.9,No,66.7,Placed
STU06355,Male,CSE,3.9,80.2,7.0,,19.0,79.3,Yes,77.8,Placed
STU03775,Female,IT,3.7,81.3,4.9,3.4,17.0,83.7,Yes,71.8,Placed
STU08923,Female,Commerce,6.9,92.5,7.0,1.9,14.0,58.8,No,81.0,Not Placed
STU00037,Female,Mechanical,2.2,59.4,8.2,6.5,5.0,66.7,No,40.8,Not Placed
STU03553,Male,Commerce,,78.5,7.2,3.8,16.0,69.4,Yes,74.4,Placed
STU03284,F,ECE,3.8,98.4,6.9,5.4,20.0,70.1,No,66.3,Not Placed
STU06451,Female,CSE,4.2,92.6,7.0,3.9,20.0,73.7,No,74.1,Placed
STU09031,Female,CSE,2.2,63.6,7.3,2.0,13.0,61.8,No,60.3,Not Placed
STU05069,Female,Mechanical,2.0,57.4,7.1,6.7,9.0,67.3,No,59.7,Not Placed
STU05358,Male,Mechanical,4.2,81.9,6.2,3.4,14.0,75.4,Yes,73.4,Placed
STU00832,Female,ECE,6.1,87.5,8.2,4.7,20.0,71.3,No,83.2,Placed
STU00375,Female,Civil,2.7,62.5,5.6,3.9,15.0,63.3,Yes,53.8,Not Placed
STU04077,Female,ECE,1.7,52.1,6.9,5.5,5.0,20.0,No,27.2,Not Placed
STU08576,Male,Mechanical,3.6,93.7,7.4,1.8,16.0,81.4,No,79.6,Placed
STU08053,Female,ECE,2.1,75.0,7.1,2.3,17.0,57.7,No,70.4,Placed
STU03731,Female,Commerce,2.8,,7.7,6.8,8.0,59.4,No,51.4,Not Placed
STU04905,Male,CSE,4.5,82.3,7.2,2.9,18.0,79.7,No,83.7,Placed
STU05427,Male,IT,0.9,69.5,6.8,4.1,10.0,46.1,No,39.9,Not Placed
STU01763,Male,CSE,0.7,64.3,7.9,8.4,9.0,52.1,No,50.9,Not Placed
STU01731,Female,Mechanical,4.3,74.9,8.6,3.8,9.0,53.2,No,57.2,Not Placed
STU03753,Female,ECE,,78.4,8.9,5.0,18.0,60.9,Yes,62.5,Placed
STU05464,Female,Commerce,4.0,,6.2,4.4,,51.3,No,55.9,Not Placed
STU03582,Female,CSE,3.3,78.5,6.8,3.4,18.0,74.8,No,75.1,Placed
STU07180,Male,Commerce,1.7,70.4,7.4,5.7,15.0,49.1,Yes,66.9,Placed
STU01544,Female,CSE,4.8,75.4,7.9,1.9,11.0,60.8,Yes,71.7,Placed
STU07171,Female, CSE ,3.1,67.9,,6.4,14.0,56.7,No,59.8,Placed
STU00949,Male,IT,2.2,71.7,8.5,1.5,15.0,65.1,No,66.4,Not Placed
STU00534,Female,commerce,5.2,66.1,6.3,3.9,16.0,66.5,Yes,74.9,Placed
STU02756,Male,IT,1.8,65.1,5.6,5.1,8.0,,No,35.6,Not Placed
STU07168,Female,Mechanical,3.0,84.8,8.2,4.1,13.0,70.4,Yes,62.6,Not Placed
STU01658,Female,ECE,2.1,71.5,3.8,,6.0,51.3,No,33.0,Not Placed
STU02972,Female,ECE,4.7,81.8,6.9,4.4,15.0,75.3,Yes,76.5,Placed
STU03254,Male,IT,8.3,93.8,6.6,3.2,16.0,68.4,No,78.3,Placed
STU02702,Female,IT,3.3,63.3,8.2,4.7,8.0,55.0,No,51.3,Not Placed
STU06839,Male,Commerce,5.6,95.5,7.3,3.7,16.0,69.1,No,71.4,Not Placed
STU08125,Male,CSE,5.2,98.4,5.6,6.6,20.0,87.5,Yes,83.2,Placed
STU00935,Male,CSE,5.4,78.6,6.2,4.1,14.0,76.8,No,73.4,Placed
STU05055,Female,Commerce,5.6,82.9,8.7,3.5,15.0,66.2,No,76.4,Placed
STU00923,Female,Civil,1.0,60.4,6.0,4.5,12.0,59.2,No,41.9,Not Placed
STU09572,Female,ECE,4.0,64.9,5.8,6.0,5.0,37.1,Yes,41.1,Not Placed
STU06089,Male,IT,4.2,76.2,6.4,3.6,,83.9,No,87.8,Placed
STU04892,Female,ECE,2.6,58.1,7.3,4.1,6.0,54.0,No,49.1,Not Placed
STU04649,Female,ECE,3.3,74.4,8.2,5.3,12.0,70.1,No,67.0,Placed
STU01210,Male,ECE,1.4,81.0,6.2,5.3,14.0,50.6,Yes,54.2,Placed
STU04712,Female,ECE,2.0,63.1,7.0,4.8,9.0,56.3,No,50.8,Not Placed
STU04092,Female,ECE,4.0,75.1,6.0,1.1,15.0,55.7,No,71.0,Placed
STU09774,Male,CSE,4.6,89.4,5.4,2.3,14.0,66.3,No,69.4,Placed
STU04783,Female,Mechanical,3.3,,7.5,4.0,11.0,50.2,No,64.0,Placed
STU07134,Male,CSE,4.9,65.2,7.7,3.7,10.0,51.7,No,63.1,Not Placed
STU06594,Male,IT,6.7,98.7,7.3,2.3,17.0,71.1,Yes,79.8,Placed
STU03945,Female,ECE,5.2,86.5,7.0,5.6,17.0,64.6,No,81.6,Placed
STU00346,Male,Mechanical,2.7,77.0,7.2,4.2,6.0,45.3,Yes,34.6,Not Placed
STU05812,Female,CSE,5.4,86.0,6.1,4.8,17.0,64.1,Yes,67.1,Placed
STU03683,Female,Mechanical,3.0,73.9,8.7,4.5,15.0,68.8,Yes,62.8,Not Placed
STU06739,Female,ECE,0.0,59.9,7.8,3.2,10.0,76.4,No,57.4,Not Placed
STU08932,Male,ECE,2.4,63.7,6.9,3.7,5.0,52.9,Yes,42.6,Not Placed
STU03063,Female,IT,6.7,100.0,8.4,0.2,20.0,81.7,No,85.4,Placed
STU02316,Male,Mechanical,2.7,80.2,6.7,6.4,16.0,71.2,Yes,67.7,Placed
STU05609,Female,CSE,5.0,80.7,6.4,7.4,13.0,58.3,Yes,58.3,Placed
STU00572,Male,Civil,3.3,76.3,5.9,3.4,13.0,63.1,No,63.5,Not Placed
STU06890,Male,Civil,2.0,80.7,6.0,4.6,17.0,68.9,No,70.0,Not Placed
STU01876,Male,Commerce,4.0,76.4,6.2,2.9,9.0,41.9,No,61.1,Not Placed
STU00057,Male,IT,4.2,69.4,6.8,4.2,15.0,48.6,No,57.4,Not Placed
STU03088,Female,Commerce,,64.6,7.5,3.7,15.0,49.3,Yes,48.0,Not Placed
STU06767,Female,IT,3.8,87.3,7.5,3.8,18.0,76.5,No,80.4,Placed
STU09063,Male,ECE,3.3,76.3,6.5,7.2,12.0,69.0,Yes,55.5,Not Placed
STU01313,Male,CSE,3.6,78.7,4.3,1.8,11.0,51.1,No,53.4,Not Placed
STU07333,Female,CSE,1.7,60.6,7.4,5.5,,49.7,Yes,41.8,Not Placed
STU01386,Female,Commerce,3.3,90.0,6.4,5.9,10.0,64.8,No,61.0,Not Placed
STU06096,Male,Civil,4.3,92.5,4.9,3.1,20.0,79.6,Yes,86.6,Placed
STU03539,Female,Mechanical,2.5,81.0,6.0,3.5,,73.1,No,69.4,Placed
STU08687,Male,IT,1.4,60.0,6.7,10.2,8.0,45.0,Yes,36.1,Not Placed
STU08202,Male,ECE,1.9,64.6,6.0,7.1,10.0,46.0,No,39.6,Not Placed
STU01267,Female,ECE,3.1,66.6,6.7,4.8,10.0,50.9,No,46.2,Not Placed
STU00946,Female,ECE,3.9,72.0,8.1,6.6,12.0,47.4,No,48.8,Not Placed
STU01666,Male,IT,1.7,71.9,5.0,6.3,8.0,62.6,No,54.7,Not Placed
STU01443,Male,ECE,5.2,80.0,6.9,7.9,5.0,46.8,Yes,53.9,Not Placed
STU05645,Female,Commerce,3.8,78.3,6.0,4.6,17.0,59.2,No,62.0,Not Placed
STU05723,Female,ECE,5.9,78.4,4.9,2.7,16.0,68.3,Yes,73.5,Placed
STU04661,Male,Commerce,1.6,67.7,6.7,5.9,6.0,46.5,No,45.0,Not Placed
STU02106,Male,CSE,2.9,72.2,,6.0,10.0,55.1,Yes,57.1,Placed
STU01764,Male,Commerce,3.2,69.2,6.5,6.6,10.0,35.3,No,43.0,Not Placed
STU06730,Female,ECE,1.0,61.2,7.0,4.3,,51.6,Yes,47.6,Not Placed
STU07448,Female,ECE,5.2,83.6,6.4,4.7,16.0,85.2,Yes,89.6,Placed
STU00607,Female,ECE,3.9,75.7,6.2,0.2,17.0,72.3,No,71.9,Placed
STU04559,Female,CSE,4.0,98.1,7.2,4.9,18.0,66.6,Yes,72.6,Placed
STU06903,Male,Mechanical,2.6,64.5,7.7,5.8,6.0,57.2,Yes,56.3,Not Placed
STU03649,Male,CSE,6.9,100.0,6.6,3.5,20.0,91.0,Yes,97.8,Placed
STU04469,Male,ECE,6.2,95.4,6.5,4.0,20.0,89.4,No,85.4,Placed
STU09696,Female,Civil,4.2,74.8,4.4,3.8,19.0,56.2,No,65.3,Placed
STU02200,Male,ECE,2.3,71.2,5.2,4.1,11.0,45.0,Yes,47.3,Not Placed
STU00864,Male,Civil,1.1,67.1,6.9,,14.0,80.6,Yes,56.1,Placed
STU05705,Female,IT,1.0,68.7,4.1,4.2,9.0,48.2,No,47.6,Not Placed
STU05895,Male,CSE,,76.4,,4.5,15.0,60.2,Yes,59.6,Not Placed
STU07395,Female,CSE,2.0,62.2,5.6,5.4,6.0,50.6,No,43.5,Not Placed
STU05254,Male,Civil,6.3,93.8,7.1,5.4,20.0,78.4,Yes,77.7,Placed
STU07546,Male,CSE,2.5,79.3,5.8,1.9,19.0,78.7,Yes,69.3,Placed
STU04333,Female,CSE,2.4,83.7,6.5,3.4,18.0,61.1,Yes,57.8,Placed
STU01298,Female,Commerce,2.2,72.4,9.3,6.5,11.0,57.0,No,50.5,Not Placed
STU03718,Female,ECE,4.0,82.1,6.6,2.5,16.0,50.3,Yes,62.5,Not Placed
STU03341,Male,CSE,4.0,75.2,4.6,3.4,13.0,52.2,Yes,56.7,Not Placed
STU08909,Male,ECE,1.7,67.2,7.7,4.4,13.0,56.3,No,48.3,Not Placed
STU01522,Male,cse,0.9,54.4,7.9,5.8,4.0,26.3,No,31.9,Not Placed
STU07156,Male,CSE,4.1,89.3,6.7,3.7,17.0,86.6,No,74.2,Placed
STU02767,Male,CSE,0.7,61.1,7.1,7.9,7.0,42.4,No,28.9,Not Placed
STU04657,Male,Civil,0.5,64.7,6.8,6.1,9.0,53.1,No,52.6,Not Placed
STU09202,Female,Civil,1.4,61.2,7.2,,10.0,54.8,No,49.5,Not Placed
STU02499,Male,IT,3.0,65.1,7.5,6.3,12.0,44.0,No,51.3,Not Placed
STU00749,Female,Civil,5.8,79.6,5.5,4.5,11.0,50.8,No,65.0,Not Placed
STU03991,Male,Civil,3.9,80.3,5.8,4.3,17.0,64.8,No,66.7,Not Placed
STU01932,Male,ECE,3.2,71.6,6.8,3.3,12.0,57.2,No,55.0,Not Placed
STU03061,Male,IT,4.6,83.4,4.8,3.7,14.0,61.4,No,57.5,Placed
STU08002,Male,Civil,4.2,80.7,7.0,4.7,16.0,89.1,No,80.9,Placed
STU02268,Female,ECE,3.8,74.2,6.7,5.1,10.0,56.7,No,51.9,Not Placed
STU06013,Female,CSE,3.9,95.9,7.8,3.5,13.0,77.0,Yes,71.4,Placed
STU05551,Female,CSE,,77.2,6.3,3.4,17.0,66.4,No,59.8,Placed
STU06500,Female,Commerce,4.1,78.5,4.8,2.5,19.0,71.9,Yes,63.3,Placed
STU05857,Female,Civil,2.7,73.4,7.0,4.5,16.0,66.9,No,73.7,Not Placed
STU02980,Male,IT,7.0,99.4,7.9,4.1,20.0,78.0,No,85.1,Placed
STU05233,Male,Commerce,1.6,71.5,,4.8,13.0,56.8,No,59.4,Not Placed
STU02996,Female,IT,1.5,67.5,7.6,2.8,10.0,52.6,Yes,44.9,Placed
STU02857,Female,ECE,3.2,77.3,8.0,6.0,12.0,55.1,No,58.7,Not Placed
STU04691,Male,Commerce,5.4,80.3,7.2,2.0,17.0,74.5,No,80.5,Placed
STU08554,Female,Commerce,5.6,72.6,7.5,5.0,13.0,60.8,No,68.9,Not Placed
STU01945,Male,Commerce,3.4,76.4,8.2,6.8,12.0,55.3,Yes,47.9,Not Placed
STU09025,Male,Commerce,5.8,93.1,6.1,3.2,19.0,71.5,No,74.2,Placed
STU08271,Female,Civil,4.1,87.7,6.9,5.1,14.0,72.2,No,63.1,Placed
STU07993,Male,Civil,6.4,100.0,6.1,2.5,20.0,82.3,No,88.6,Placed
STU06990,Male,IT,3.8,64.2,7.6,5.5,5.0,,Yes,48.8,Not Placed
STU04365,Male,IT,3.1,54.6,6.6,5.0,6.0,26.0,No,38.7,Not Placed
STU09605,Female,IT,3.9,100.0,6.5,,18.0,74.8,No,78.3,Placed
STU09344,Female,CSE,0.9,67.4,4.9,6.7,10.0,64.7,No,43.5,Not Placed
STU04004,Male,Civil,6.5,97.0,5.0,1.6,20.0,82.8,No,87.4,Placed
STU03415,Male,ECE,3.0,80.5,6.6,7.4,13.0,43.0,No,49.0,Not Placed
STU02407,Female,CSE,3.0,81.0,7.5,4.5,15.0,71.0,No,67.3,Placed
STU02351,Male,Mechanical,4.7,84.8,6.1,2.1,16.0,66.9,No,59.4,Not Placed
STU06694,Male,Commerce,5.5,74.1,6.3,3.9,18.0,68.9,No,72.2,Placed
STU09022,Female,IT,2.9,75.8,7.1,3.5,13.0,67.6,Yes,64.1,Placed
STU03525,Female,ECE,0.0,61.6,6.7,3.4,10.0,65.1,No,54.5,Not Placed
STU05474,Female,Commerce,2.5,67.4,9.0,6.5,11.0,42.9,No,40.5,Not Placed
STU09264,Male,Commerce,2.7,60.5,6.6,4.8,8.0,41.4,No,47.2,Not Placed
STU09640,Female,Mechanical,2.2,70.4,7.6,4.4,11.0,65.9,No,56.6,Not Placed
STU07485,Male,CSE,2.0,72.8,5.9,6.6,9.0,56.3,Yes,45.2,Not Placed
STU03658,Female,CSE,3.5,94.6,6.9,4.8,20.0,85.3,Yes,74.0,Placed
STU02409,Female,ECE,0.9,56.1,7.2,5.1,4.0,34.6,No,29.1,Not Placed
STU07430,Female,ECE,4.8,83.8,6.4,4.8,18.0,77.5,Yes,81.2,Placed
STU08905,Male,CSE,2.3,78.2,6.9,3.2,18.0,81.2,Yes,82.1,Placed
STU05556,Male,Commerce,2.5,79.2,7.6,3.7,15.0,68.7,Yes,65.4,Placed
STU01264,Male,IT,3.8,83.2,7.4,6.4,14.0,50.7,No,58.7,Not Placed
STU06420,Male,it,2.0,68.5,5.5,,12.0,68.3,No,49.5,Not Placed
STU01137,Male,IT,2.2,80.3,8.0,4.9,18.0,53.3,No,57.5,Placed
STU06825,Female,Commerce,5.7,78.5,7.4,3.7,16.0,64.0,Yes,64.6,Placed
STU06947,Female,IT,6.1,90.5,7.5,1.9,20.0,91.0,Yes,87.2,Placed
STU05931,Male,IT,2.4,56.2,6.5,6.3,13.0,67.4,Yes,50.1,Not Placed
STU08825,Male,CSE,4.0,68.3,6.1,6.0,20.0,76.0,No,75.0,Placed
STU08847,Female,IT,3.1,56.0,8.1,3.4,8.0,64.5,No,58.3,Not Placed
STU02462,Female,CSE,2.8,70.4,8.0,5.1,11.0,49.5,No,55.0,Not Placed
STU02548,Male,IT,,87.7,7.9,5.8,20.0,85.1,No,82.8,Placed
STU06114,Female,ECE,2.5,73.3,6.6,4.4,10.0,55.2,No,47.0,Not Placed
STU03180,Female,ECE,5.2,78.2,7.5,3.5,11.0,73.8,Yes,68.8,Placed
STU08716,Female,IT,2.9,83.8,8.0,,13.0,75.9,Yes,70.2,Placed
STU01214,Female,Commerce,3.4,57.0,6.4,3.1,7.0,47.9,No,45.6,Not Placed
STU04834,Female,Commerce,4.7,80.6,,1.2,10.0,38.2,Yes,57.6,Not Placed
STU07954,Female,ECE,0.5,59.1,7.1,6.5,14.0,62.1,No,47.7,Not Placed
STU04185,Female,Mechanical,0.5,69.4,7.6,4.6,12.0,61.0,Yes,53.2,Not Placed
STU01590,Female,Commerce,2.3,76.9,5.3,2.7,10.0,66.6,No,58.7,Not Placed
STU02347,Male,Commerce,3.6,80.5,6.4,2.3,16.0,60.4,No,71.0,Not Placed
STU02038,Male,ECE,4.6,85.8,7.5,4.1,,70.0,Yes,70.1,Placed
STU09123,Male,CSE,2.9,75.6,6.7,4.5,12.0,,Yes,52.8,Not Placed
STU01244,Male,CSE,2.1,68.8,8.0,4.6,14.0,47.5,No,49.9,Placed
STU00080,Male, Commerce ,4.4,81.2,6.9,3.6,10.0,61.5,No,59.5,Not Placed
STU05687,Male,Mechanical,4.4,92.7,5.5,5.5,18.0,72.9,No,66.6,Placed
STU06288,Female,Commerce,3.1,79.3,6.3,9.3,10.0,56.2,No,46.7,Not Placed
STU00100,Female,ECE,2.0,76.0,6.3,6.6,15.0,50.2,No,54.6,Not Placed
STU07735,Female,Commerce,1.4,79.5,7.2,3.5,17.0,71.4,No,64.5,Placed
STU00883,Female,IT,3.5,55.0,5.7,1.6,10.0,47.1,Yes,51.5,Not Placed
STU01861,Male,Commerce,4.1,85.6,6.0,3.5,19.0,63.1,No,57.4,Placed
STU02209,Female, CSE ,2.4,75.3,5.6,4.1,12.0,73.2,No,71.7,Placed
STU08595,Male,Civil,3.8,,6.9,4.1,11.0,62.6,Yes,53.6,Not Placed
STU00068,Female,CSE,1.9,66.1,8.6,4.3,5.0,54.2,Yes,40.3,Not Placed
STU06874,Female,ECE,3.3,74.0,7.3,6.2,15.0,60.8,No,61.6,Not Placed
STU02361,Male,Commerce,4.6,84.1,8.0,4.1,19.0,84.7,Yes,82.1,Placed
STU00733,Male,CSE,2.2,77.2,5.3,3.5,14.0,63.2,No,56.1,Placed
STU09633,Male,IT,3.2,73.3,6.9,3.7,18.0,67.5,Yes,73.0,Placed
STU07779,Male,Civil,3.3,75.4,8.1,3.4,14.0,74.8,Yes,66.1,Placed
STU05929,Female,,5.8,91.5,4.8,3.8,17.0,62.9,No,67.5,Placed
STU00921,Female,CSE,5.8,,6.3,,10.0,51.3,No,67.8,Not Placed
STU07435,Female,IT,5.3,,7.2,2.9,16.0,46.2,No,73.5,Not Placed
STU08796,Female,CSE,4.5,94.2,8.3,6.8,17.0,83.2,Yes,74.5,Placed
STU01527,Female,ECE,6.2,81.6,6.1,3.9,16.0,63.7,No,72.1,Not Placed
STU05397,Male,CSE,3.1,71.9,7.9,3.8,13.0,64.5,No,59.5,Not Placed
STU00657,Female,Mechanical,3.6,70.6,6.8,5.6,9.0,30.9,Yes,41.3,Not Placed
STU07902,Male,CSE,2.4,84.8,8.3,7.7,17.0,57.4,No,54.9,Placed
STU01111,Male,ECE,6.9,98.7,7.2,4.9,17.0,88.7,Yes,91.6,Placed
STU07105,Male,ECE,2.7,75.4,9.0,5.4,11.0,71.8,No,55.5,Placed
STU08300,Female,Commerce,3.8,81.2,8.0,4.1,13.0,60.7,Yes,68.3,Placed
STU02424,Female,Commerce,2.0,72.8,5.6,5.7,,59.0,No,54.4,Not Placed
STU00501,Female,IT,2.5,95.6,8.2,6.7,18.0,66.4,No,64.7,Placed
STU08646,Male,Mechanical,3.9,67.2,8.5,4.4,11.0,56.9,Yes,53.3,Not Placed
STU09190,Female,CSE,5.0,76.5,6.0,4.0,15.0,78.5,Yes,70.7,Placed
STU08473,Female,ECE,4.3,83.2,7.8,4.9,16.0,63.6,No,67.0,Not Placed
STU03489,Male,CSE,2.1,72.9,6.5,6.3,11.0,63.9,No,55.3,Not Placed
STU00632,Male,Commerce,4.3,88.2,8.6,3.5,20.0,,Yes,77.6,Placed
STU03428,Male,Civil,3.7,79.4,5.4,4.5,14.0,66.8,Yes,66.1,Placed
STU00176,Female,CSE,,71.9,6.2,1.5,11.0,58.7,No,54.4,Placed
STU00233,Male,CSE,3.4,78.7,8.0,4.1,11.0,69.4,Yes,57.1,Placed
STU02339,Female,IT,3.6,80.8,5.9,3.8,15.0,67.3,No,63.8,Placed
STU06362,Male,Civil,4.3,87.2,5.9,4.2,20.0,80.0,No,77.8,Placed
STU01597,Male,ECE,2.5,81.6,,2.1,12.0,58.9,No,65.1,Not Placed
STU03817,Female,CSE,3.6,81.0,5.6,4.2,11.0,60.0,Yes,54.0,Placed
STU03275,Female,ECE,2.7,66.3,6.8,0.5,5.0,39.4,No,48.0,Not Placed
STU05837,Male,CSE,4.3,80.1,6.3,4.5,13.0,67.3,No,68.8,Placed
STU08850,Female,ece,4.3,80.5,8.0,5.5,18.0,74.3,Yes,74.9,Placed
STU05205,Female,Commerce,1.7,61.7,,6.4,,45.0,Yes,32.9,Not Placed
STU03740,Female,CSE,5.6,83.5,6.7,4.9,13.0,62.5,No,73.6,Not Placed
STU07306,Female,CSE,3.6,63.4,4.5,4.8,13.0,61.0,No,56.0,Not Placed
STU08571,Male,CSE,1.8,63.7,8.3,5.5,8.0,37.5,No,43.8,Not Placed
STU05920,Male,CSE,2.8,68.5,6.5,2.4,10.0,61.6,Yes,46.4,Not Placed
STU06425,Male,Commerce,1.8,74.6,8.5,5.3,7.0,65.3,No,60.0,Not Placed
STU01484,Female,ECE,5.0,81.2,6.1,3.3,15.0,64.4,Yes,69.9,Placed
STU06533,Female,,3.2,76.7,7.2,5.5,17.0,83.0,No,75.9,Placed
STU03977,Male,IT,3.6,77.8,6.6,3.1,15.0,65.5,No,68.6,Placed
STU04030,Male,IT,3.8,75.5,8.3,5.0,,70.5,No,61.7,Placed
STU03565,Male,,4.2,86.3,8.8,5.9,20.0,76.9,No,73.3,Placed
STU09761,Male,IT,1.9,80.8,8.3,0.9,18.0,85.6,Yes,80.8,Placed
STU01686,Male,COMMERCE,6.1,92.5,7.9,4.6,14.0,82.4,No,81.4,Placed
STU00174,Female,CSE,5.0,70.6,5.9,6.8,11.0,37.2,Yes,54.3,Not Placed
STU01181,female,Civil,0.2,52.5,5.7,4.5,9.0,52.6,No,41.4,Not Placed
STU01408,Male,IT,4.1,86.5,9.7,5.2,16.0,66.3,No,65.2,Placed
STU08937,Male,,2.9,54.3,6.9,4.7,6.0,44.0,No,43.7,Not Placed
STU06995,Female,Commerce,3.1,84.5,7.6,1.8,20.0,76.4,No,79.3,Placed
STU03601,Female,IT,4.4,80.9,8.6,5.4,16.0,66.1,Yes,64.9,Placed
STU05012,Female,IT,1.5,64.3,5.4,5.2,9.0,48.0,Yes,34.7,Not Placed
STU04822,Male,ECE,2.9,67.7,7.9,5.5,12.0,56.9,No,55.0,Not Placed
STU04656,Male,Mechanical,4.0,82.6,7.6,4.8,12.0,61.4,Yes,66.9,Placed
STU04608,Female,CSE,,87.8,7.8,4.3,18.0,77.7,No,79.4,Placed
STU09085,Female,Civil,4.1,78.9,,4.0,12.0,44.5,Yes,57.3,Not Placed
STU08224,Male,CSE,5.1,85.7,5.9,5.4,19.0,71.1,No,77.9,Not Placed
STU08786,Male,ECE,3.9,,5.7,5.0,17.0,67.1,Yes,70.1,Placed
STU06794,Female,CSE,2.6,63.0,6.4,4.5,4.0,60.4,Yes,51.5,Not Placed
STU01459,Male,CSE,6.9,92.4,6.9,4.3,20.0,82.2,No,90.0,Placed
STU05992,Female,CSE,1.9,81.8,6.2,5.0,16.0,68.2,No,54.3,Placed
STU05015,Male,Commerce,2.3,70.9,6.5,5.3,16.0,65.1,Yes,55.6,Not Placed
STU01193,Female,ECE,5.1,76.6,6.2,4.0,18.0,49.4,No,59.8,Not Placed
STU03726,Male,Commerce,6.4,94.1,6.6,1.3,15.0,78.3,Yes,80.4,Placed
STU09108,Female,Commerce,0.4,62.1,7.4,7.0,9.0,44.9,No,37.2,Not Placed
STU00421,Male,CSE,0.8,64.9,6.6,4.2,,66.6,Yes,61.3,Placed
STU02029,Female,CSE,2.6,70.2,6.8,5.3,12.0,66.7,Yes,57.7,Placed
STU08165,Male,Commerce,3.5,83.5,7.9,3.6,,90.1,Yes,77.4,Placed
STU06751,Female,CSE,5.1,83.7,6.5,4.8,17.0,65.2,No,70.8,Placed
STU04930,Female,CSE,1.8,72.1,5.1,1.0,15.0,69.4,No,64.4,Placed
STU07037,Female,Mechanical,5.4,77.9,6.3,5.1,13.0,62.2,No,64.4,Placed
STU03300,Male,ECE,2.0,75.4,6.4,4.8,18.0,66.0,Yes,68.2,Placed
STU05281,Female,Civil,0.0,66.2,7.9,4.7,6.0,41.6,No,44.2,Not Placed
STU04825,Male,Mechanical,3.8,89.7,5.0,1.6,18.0,72.6,No,74.5,Placed
STU06350,Female,IT,4.5,66.8,6.7,6.3,12.0,59.0,No,54.4,Not Placed
STU02303,Male,IT,,57.4,5.6,3.5,7.0,20.0,No,26.3,Not Placed
STU06686,Female,ECE,2.9,67.6,6.1,7.7,3.0,39.7,No,38.0,Not Placed
STU01422,Male,Mechanical,3.1,70.8,7.7,6.8,17.0,44.9,No,58.6,Not Placed
STU04411,Male,ECE,5.5,81.8,6.2,3.2,16.0,71.4,No,73.9,Placed
STU02793,Female,CSE,1.7,64.2,7.8,,10.0,54.7,No,48.4,Not Placed
STU08081,Male,mechanical,4.3,77.9,4.9,7.4,10.0,55.9,No,50.2,Not Placed
STU09396,Male,ECE,0.0,67.0,8.0,5.8,11.0,80.4,Yes,62.5,Not Placed
STU03560,Female,CSE,0.3,62.9,5.1,6.5,12.0,,Yes,48.8,Placed
STU02143,Female,IT,5.9,90.8,5.4,3.1,20.0,85.7,No,82.2,Placed
STU00844,Female,ECE,5.6,78.1,4.9,2.6,16.0,72.0,No,68.3,Not Placed
STU01451,Male,CSE,2.9,62.9,7.7,5.5,11.0,64.9,Yes,65.4,Placed
STU08579,Female,ECE,5.0,,6.6,8.6,16.0,77.3,Yes,73.6,Placed
STU05020,Female,IT,4.4,72.9,7.7,7.4,14.0,61.5,No,63.1,Placed
STU03360,Male,Commerce,2.4,70.8,7.7,4.3,9.0,67.4,No,55.0,Not Placed
STU08821,Female,CSE,3.3,73.5,5.1,1.6,16.0,73.1,No,68.3,Placed
STU06860,Male,Civil,5.7,,5.8,4.3,16.0,82.0,Yes,73.6,Placed
STU04523,Male,Commerce,3.9,86.5,7.9,3.4,16.0,60.9,Yes,72.8,Placed
STU01593,Male,Civil,4.6,,5.2,4.0,14.0,68.6,Yes,64.9,Placed
STU06215,Female,CSE,5.3,80.3,8.1,5.7,16.0,66.2,Yes,76.8,Placed
STU06528,Male,CSE,5.6,85.2,7.6,1.1,16.0,71.5,No,77.7,Placed
STU05220,Female,IT,2.1,75.1,8.4,2.3,13.0,74.2,No,66.9,Placed
STU05973,Male,IT,2.6,75.2,5.9,5.6,12.0,42.3,Yes,44.8,Not Placed
STU01385,Male,IT,2.9,68.7,5.9,5.7,6.0,45.7,No,44.2,Not Placed
STU03117,Female,IT,2.1,68.7,7.2,4.3,14.0,40.7,No,47.1,Not Placed
STU02035,Female,Commerce,3.2,74.0,7.6,6.6,18.0,,No,67.8,Placed
STU02467,Male,Civil,4.4,90.4,6.5,1.6,9.0,52.6,No,62.3,Not Placed
STU02412,Female,Mechanical,4.3,100.0,5.0,1.8,20.0,74.5,No,75.7,Placed
STU08748,Female,Mechanical,4.2,74.0,6.8,5.3,14.0,76.5,Yes,60.6,Placed
STU07002,Female,Commerce,2.8,73.4,7.4,7.5,9.0,63.1,Yes,57.9,Not Placed
STU00640,Male,Commerce,4.1,72.8,5.9,2.4,10.0,72.3,No,70.1,Placed
STU03437,Female,Commerce,4.0,88.2,6.3,7.2,11.0,45.0,Yes,53.7,Placed
STU04797,Male,Commerce,,84.5,7.0,3.3,16.0,60.8,No,63.2,Placed
STU06593,Female,ECE,4.4,87.8,7.1,1.1,18.0,67.3,Yes,82.6,Placed
STU02384,Male,ECE,3.3,75.6,5.3,7.9,10.0,46.1,Yes,59.2,Not Placed
STU06746,Male,CSE,4.0,89.0,5.3,2.2,15.0,61.1,No,68.6,Not Placed
STU01971,Female,CSE,0.2,65.0,7.1,6.8,8.0,68.2,Yes,47.0,Placed
STU06681,Female,Commerce,2.5,81.8,6.2,2.1,17.0,76.4,No,67.2,Not Placed
STU09024,Female,Commerce,2.2,67.9,6.9,1.5,15.0,59.5,No,60.0,Not Placed
STU03394,Female,IT,1.7,70.3,7.9,6.9,,57.6,Yes,51.2,Not Placed
STU04936,Male,CSE,2.9,68.8,8.9,2.3,11.0,50.5,No,49.2,Not Placed
STU01042,Male,Commerce,1.8,66.0,5.1,6.3,19.0,66.4,No,53.5,Not Placed
STU04843,Male,ECE,1.4,62.6,7.7,3.8,10.0,42.4,No,44.1,Not Placed
STU02954,Male,Mechanical,1.6,52.9,6.2,,5.0,26.2,Yes,40.8,Not Placed
STU01407,Male,Mechanical,6.3,,6.5,5.6,12.0,56.3,No,60.7,Not Placed
STU09764,Male,Civil,3.5,82.9,7.7,9.1,17.0,76.2,Yes,61.4,Placed
STU05482,Female,Commerce,2.4,71.3,4.5,3.3,11.0,51.1,Yes,52.5,Not Placed
STU02956,Female,CSE,4.9,68.4,7.6,5.0,10.0,51.0,Yes,62.5,Placed
STU05285,Male,IT,3.3,78.0,7.8,7.5,16.0,61.2,Yes,56.7,Not Placed
STU08818,Female,IT,1.0,69.9,7.0,4.7,6.0,45.5,No,44.5,Not Placed
STU01838,Male,CSE,4.8,76.5,6.5,3.1,14.0,70.6,Yes,59.6,Not Placed
STU02210,Male,Civil,3.8,71.5,6.4,8.0,12.0,62.1,Yes,60.9,Not Placed
STU08034,Male,IT,4.7,74.8,6.2,6.2,14.0,72.7,No,70.5,Placed
STU06383,Male,Commerce,2.1,81.7,5.4,5.9,13.0,74.0,No,64.3,Placed
STU07094,Male,CSE,3.0,62.1,7.9,4.6,9.0,55.5,No,51.3,Not Placed
STU08925,Female,CSE,4.9,63.2,6.5,4.0,9.0,50.5,No,57.8,Not Placed
STU09850,Male,Mechanical,5.8,87.7,6.8,3.6,13.0,66.5,Yes,70.0,Placed
STU03244,Male,IT,5.0,87.0,9.4,4.8,12.0,63.9,No,72.8,Not Placed
STU08285,Female,ECE,1.9,80.0,6.6,4.0,18.0,72.6,Yes,57.3,Placed
STU06676,Female,Mechanical,1.8,70.0,7.5,4.3,12.0,61.4,No,51.0,Not Placed
STU00061,Male,ECE,2.1,59.6,8.9,7.5,7.0,,No,31.8,Not Placed
STU05776,Male,Commerce,4.2,77.2,5.9,4.8,10.0,57.1,No,54.5,Placed
STU05513,Female,Mechanical,3.6,57.3,7.0,6.0,2.0,49.0,No,39.9,Not Placed
STU04269,Male,CSE,6.0,96.8,6.0,4.8,20.0,77.5,No,85.7,Placed
STU03723,Male,ECE,5.6,90.8,5.9,2.5,18.0,70.1,Yes,80.0,Placed
STU07760,M,Mechanical,1.0,49.1,7.1,10.6,6.0,31.8,Yes,27.4,Not Placed
STU05148,Female,Commerce,2.2,84.1,7.8,5.0,13.0,43.7,No,52.9,Not Placed
STU05174,Male,Mechanical,2.8,69.1,5.7,6.6,9.0,73.3,Yes,54.1,Placed
STU07116,Male,Mechanical,2.6,78.3,4.9,6.1,15.0,59.6,No,42.4,Not Placed
STU08800,Male,Mechanical,3.0,75.6,,7.2,11.0,44.7,Yes,48.2,Not Placed
STU00164,Female,Commerce,3.1,,,5.5,8.0,51.6,No,56.7,Not Placed
STU03724,Male,ECE,3.1,83.9,6.6,3.3,18.0,73.1,No,78.9,Placed
STU08265,Male,Mechanical,,82.7,6.9,,13.0,60.2,No,64.9,Not Placed
STU06014,Male,CSE,3.3,73.0,6.8,3.1,6.0,69.8,No,57.1,Not Placed
STU04064,Male,Commerce,3.5,69.8,6.3,5.2,10.0,46.5,No,48.1,Not Placed
STU06761,Female,Commerce,4.1,87.5,6.4,1.7,19.0,62.8,No,78.1,Placed
STU02169,Male,CSE,4.4,72.0,6.1,3.4,13.0,51.5,Yes,61.6,Placed
STU03024,Female,ECE,3.3,65.7,8.6,5.6,7.0,46.8,Yes,42.2,Not Placed
STU04232,Female,CSE,1.5,77.8,6.4,5.1,10.0,64.4,Yes,42.7,Not Placed
STU04707,Female,ECE,1.5,69.1,6.5,4.1,12.0,63.1,Yes,55.6,Placed
STU06690,Female,Civil,3.9,84.1,6.6,4.3,18.0,82.1,Yes,73.7,Placed
STU05636,F,CSE,2.4,45.0,6.4,6.1,5.0,26.4,Yes,20.5,Not Placed
STU03884,Female,CSE,6.5,95.5,5.0,4.0,16.0,76.7,Yes,71.2,Placed
STU00113,Female,CSE,5.7,84.6,6.5,3.2,11.0,51.5,No,65.5,Not Placed
STU05444,Female,Mechanical,5.2,88.5,7.0,5.8,19.0,62.2,Yes,72.5,Placed
STU01674,Female,ECE,2.0,,7.6,5.6,10.0,70.7,No,60.5,Not Placed
STU08582,Female,IT,6.1,70.8,6.2,3.2,12.0,58.5,No,65.8,Placed
STU09343,Male,IT,5.4,80.7,7.6,3.9,16.0,59.2,No,67.1,Placed
STU08099,Female,IT,6.5,66.2,,4.0,12.0,72.7,Yes,74.1,Placed
STU04160,Male,IT,6.2,,7.9,2.9,10.0,61.6,No,63.3,Not Placed
STU01330,Male,Commerce,2.5,78.1,5.9,3.6,14.0,74.4,Yes,64.6,Placed
STU09521,Male,Commerce,3.1,59.3,8.2,3.8,11.0,61.3,Yes,61.5,Placed
STU03332,Female,Civil,4.0,70.0,5.9,3.7,16.0,68.7,No,65.8,Placed
STU04765,Female,ECE,5.5,88.5,7.4,3.1,19.0,64.5,Yes,82.8,Placed
STU03788,Male,Civil,4.7,67.4,4.7,5.7,16.0,67.7,No,57.5,Placed
STU08851,Female,ECE,3.3,79.2,6.5,4.7,19.0,65.2,Yes,65.7,Placed
STU06758,Female,CSE,3.9,67.7,7.2,5.7,12.0,56.4,No,66.0,Placed
STU00797,male,Civil,1.8,84.9,6.2,2.4,19.0,82.5,No,86.0,Placed
STU09906,Male,Civil,2.8,61.6,7.8,6.9,7.0,,No,44.4,Not Placed
STU03363,Female,CSE,5.3,92.5,5.4,3.2,11.0,53.3,No,73.9,Placed
STU04837,Female,ECE,2.4,63.7,8.7,8.3,6.0,46.8,Yes,37.0,Not Placed
STU00653,Male,CSE,7.8,92.6,6.7,0.2,19.0,93.4,No,96.7,Placed
STU08772,Female,Civil,4.5,85.7,6.8,5.1,20.0,76.8,No,74.1,Placed
STU01230,Female,Mechanical,5.6,87.5,,2.6,17.0,70.1,No,76.5,Not Placed
STU04572,Female,CSE,6.0,83.1,7.7,4.6,18.0,73.3,Yes,70.9,Placed
STU07973,Female,IT,1.5,74.8,6.7,4.4,13.0,63.8,No,61.1,Placed
STU08008,Male,IT,4.1,69.8,,4.1,6.0,59.7,No,58.6,Not Placed
STU00413,Male,ECE,2.4,66.0,,4.7,,57.9,Yes,66.8,Placed
STU02400,Female,CSE,4.9,94.9,7.6,6.7,16.0,60.4,Yes,64.8,Placed
STU05719,Female,,5.5,77.4,7.6,1.2,14.0,73.2,No,86.2,Placed
STU04348,Male,IT,0.5,63.6,6.9,7.0,3.0,29.8,No,29.6,Not Placed
STU00228,Male,IT,2.2,81.7,6.5,4.7,19.0,75.4,No,50.5,Not Placed
STU06644,Male,CSE,3.1,,7.7,4.0,8.0,64.2,No,59.9,Not Placed
STU07111,Male,IT,1.5,66.3,6.9,3.3,8.0,63.3,No,41.9,Not Placed
STU02574,Male,CSE,5.2,84.6,6.2,6.1,13.0,68.4,No,77.6,Not Placed
STU00762,Female,ECE,2.9,72.3,7.2,3.2,16.0,,Yes,71.1,Placed
STU01461,Female,ECE,5.5,88.8,7.8,1.8,18.0,68.8,Yes,83.7,Placed
STU02905,Female,CSE,3.9,65.5,6.1,4.7,11.0,49.8,No,60.6,Not Placed
STU02369,Female,CSE,4.6,83.1,7.9,5.3,8.0,44.5,Yes,51.1,Not Placed
STU01562,Female,Mechanical,1.1,66.7,6.8,4.6,11.0,68.7,Yes,53.3,Not Placed
STU04485,Male,CSE,3.3,73.5,8.4,0.8,14.0,64.2,Yes,63.9,Not Placed
STU08289,Female,CSE,,60.0,6.8,4.5,,49.1,No,47.0,Not Placed
STU03677,Male,CSE,1.9,66.8,6.6,6.9,11.0,56.3,Yes,53.1,Placed
STU08076,Female,Civil,2.4,74.0,6.0,4.1,11.0,57.6,Yes,50.1,Not Placed
STU01364,Male,IT,4.3,79.9,7.8,3.6,12.0,73.5,Yes,63.3,Placed
STU06490,Male,Civil,2.8,73.0,5.5,6.5,10.0,50.2,Yes,49.3,Not Placed
STU09322,Female,CSE,,68.2,6.4,7.9,9.0,41.1,Yes,48.7,Not Placed
STU09821,Female,Commerce,2.1,68.5,5.2,5.8,12.0,54.3,Yes,48.8,Not Placed
STU04759,Female,Mechanical,2.9,66.0,5.7,4.8,9.0,48.1,No,43.3,Not Placed
STU01742,Male,Commerce,3.5,80.4,7.3,4.2,17.0,86.0,Yes,71.6,Placed
STU09679,Female,Commerce,1.2,74.6,5.8,4.8,7.0,53.0,No,39.6,Not Placed
STU09676,Male,Civil,,74.8,7.3,5.0,10.0,60.3,Yes,60.8,Placed
STU08057,Male,Civil,1.3,67.5,5.8,,13.0,64.9,Yes,51.4,Not Placed
STU04722,Female,Civil,3.0,69.7,7.0,6.1,13.0,59.1,No,60.9,Not Placed
STU01420,Female,CSE,2.9,69.9,6.6,,11.0,58.9,No,55.2,Not Placed
STU06968,Male,CSE,6.6,68.7,6.8,4.7,7.0,40.1,Yes,52.4,Not Placed
STU08613,Male,Commerce,3.5,59.4,6.5,4.1,6.0,,Yes,44.7,Not Placed
STU09950,Male,Mechanical,2.2,73.4,7.6,5.0,16.0,66.9,No,58.2,Not Placed
STU04123,Male,IT,2.5,60.0,6.3,2.8,6.0,44.6,Yes,48.0,Not Placed
STU08663,Female,ECE,0.8,72.1,7.1,3.8,11.0,64.7,Yes,59.5,Placed
STU05537,Female,CSE,1.7,65.5,7.1,3.9,10.0,62.3,Yes,50.3,Not Placed
STU00609,Female,CSE,2.0,58.9,7.1,3.9,6.0,44.0,Yes,36.3,Not Placed
STU07460,Female,Commerce,3.3,74.5,6.7,4.2,13.0,67.7,No,64.5,Not Placed
STU00695,Male,IT,3.8,71.7,7.5,5.7,9.0,61.7,No,56.1,Placed
STU06395,Male,Mechanical,1.9,74.4,,6.2,18.0,80.0,Yes,72.9,Placed
STU08295,Female,Mechanical,3.8,76.4,6.3,5.1,17.0,64.3,Yes,69.6,Placed
STU07050,Female,Commerce,4.2,93.3,6.2,2.7,18.0,80.1,No,82.0,Placed
STU07438,Male,CSE,2.5,61.5,5.8,4.0,13.0,66.4,No,58.6,Not Placed
STU09603,Male, Commerce ,4.4,80.1,8.3,4.4,15.0,70.1,No,74.2,Not Placed
STU05465,Female,Mechanical,2.0,64.6,6.9,5.0,13.0,53.6,No,59.3,Not Placed
STU01643,Male,CSE,3.0,48.9,,5.0,0.0,45.9,Yes,38.2,Not Placed
STU02125,Female,CSE,6.3,86.5,6.9,4.6,14.0,56.7,Yes,75.8,Placed
STU07857,Male,ECE,3.2,,6.7,0.7,11.0,52.6,Yes,60.6,Placed
STU07635,Male,CSE,6.0,81.1,4.4,3.5,15.0,68.6,No,64.0,Placed
STU01040,Male,Commerce,4.5,91.1,8.2,3.9,16.0,81.2,Yes,78.0,Placed
STU04241,Male,Civil,3.5,80.4,8.6,0.8,15.0,55.1,No,61.4,Not Placed
STU04007,Male,Mechanical,3.4,65.5,10.0,6.0,9.0,59.9,No,50.8,Not Placed
STU09482,Male,Mechanical,1.2,74.9,6.3,5.2,8.0,56.2,Yes,54.9,Not Placed
STU07132,Female,IT,5.0,67.3,6.7,6.2,12.0,62.5,No,55.9,Not Placed
STU03951,Female,IT,2.8,72.9,7.5,5.6,10.0,55.8,Yes,43.4,Not Placed
STU07393,Female,ECE,3.3,80.9,9.7,5.4,11.0,49.1,No,40.9,Not Placed
STU01299,Male,CSE,2.2,73.1,6.8,6.7,10.0,51.7,Yes,45.0,Placed
STU05099,Female,ECE,2.9,58.7,8.5,6.1,7.0,64.8,No,53.6,Not Placed
STU07498,Male,IT,3.4,85.5,7.3,6.3,11.0,69.1,No,60.1,Not Placed
STU04252,Female,CSE,4.0,63.4,,3.5,11.0,57.7,No,58.1,Not Placed
STU00359,Male,IT,4.8,76.8,7.9,3.6,9.0,49.4,Yes,64.3,Not Placed
STU08412,Male,Mechanical,3.5,77.6,5.3,4.0,15.0,63.5,No,51.0,Not Placed
STU01873,Male,Mechanical,2.8,70.2,7.8,5.0,12.0,60.4,Yes,54.5,Not Placed
STU02255,Female,CSE,4.9,88.3,6.7,4.4,20.0,75.6,No,76.2,Placed
STU08355,Female,Mechanical,1.7,58.3,6.4,3.4,9.0,43.8,No,40.1,Not Placed
STU05760,Female,Civil,2.2,58.5,7.5,3.2,3.0,20.0,Yes,34.6,Not Placed
STU00681,Female,ECE,3.3,,7.6,3.8,15.0,69.9,No,78.8,Placed
STU00414,Male,ECE,3.6,75.1,4.9,3.2,16.0,58.6,No,67.5,Placed
STU02398,Male,Mechanical,4.2,69.4,7.9,5.2,13.0,55.9,No,63.0,Placed
STU03346,Female, Civil ,2.8,90.8,6.8,8.7,12.0,51.8,Yes,41.9,Not Placed
STU00795,Female,ECE,0.5,,7.9,3.7,7.0,42.8,Yes,40.1,Not Placed
STU03581,Female,IT,2.7,85.6,7.0,4.6,20.0,70.2,Yes,68.5,Placed
STU09551,Female,IT,2.0,79.5,6.6,3.2,12.0,70.3,No,62.0,Not Placed
STU03895,Male,IT,1.6,73.4,,8.1,13.0,63.9,No,46.3,Not Placed
STU02162,Male,ECE,2.4,74.9,6.6,6.2,11.0,38.8,No,44.5,Not Placed
STU04039,Female,ECE,4.3,72.1,6.7,3.5,10.0,46.5,Yes,52.3,Not Placed
STU08279,Male,CSE,5.7,72.9,6.2,4.7,14.0,77.6,No,67.0,Placed
STU09284,Female,Civil,4.0,73.3,6.2,6.6,10.0,40.2,Yes,48.1,Not Placed
STU06018,Female,CSE,0.0,54.8,5.2,6.9,7.0,,Yes,27.9,Not Placed
STU03778,Male,Commerce,5.1,71.9,6.0,3.6,16.0,71.4,No,79.9,Placed
STU09168,Male,CSE,2.0,57.9,5.9,5.6,8.0,56.6,No,50.9,Not Placed
STU06807,Male, CSE ,5.0,85.0,7.2,,18.0,63.7,No,65.0,Placed
STU02722,Female,IT,3.8,91.7,6.8,7.4,15.0,80.3,Yes,62.4,Placed
STU00459,Female,ECE,7.3,91.2,8.7,3.3,14.0,,No,81.0,Placed
STU08506,Male,CSE,4.6,64.3,4.1,4.2,13.0,50.3,No,57.3,Not Placed
STU02283,Male,Commerce,5.2,89.5,6.3,6.2,19.0,70.5,No,70.1,Placed
STU03177,Male,CSE,6.4,100.0,7.7,0.2,19.0,68.4,No,92.4,Placed
STU04885,Male,CSE,3.2,75.9,7.7,3.6,13.0,60.0,Yes,64.7,Placed
STU04853,Female,Mechanical,3.8,94.7,5.0,3.3,20.0,79.2,No,76.3,Placed
STU07209,Female,ECE,0.2,,6.7,7.1,9.0,57.6,No,48.7,Not Placed
STU09103,Female,CSE,4.9,71.5,5.2,4.6,13.0,66.0,Yes,62.0,Placed
STU09151,Female,ECE,1.8,72.4,8.3,4.4,16.0,69.0,Yes,59.7,Placed
STU09700,Male,IT,3.2,77.3,5.1,2.7,19.0,72.9,Yes,74.4,Placed
STU09479,Male,IT,3.0,89.3,6.1,1.5,20.0,86.9,Yes,92.8,Placed
STU07729,Male,Mechanical,5.6,80.5,6.0,2.8,14.0,66.0,No,80.8,Placed
STU09513,Female,ECE,5.2,100.0,7.6,1.1,18.0,90.6,No,91.9,Placed
STU07569,Female,ECE,5.4,96.1,6.9,3.3,20.0,84.8,No,90.4,Placed
STU00676,Male,CSE,4.4,83.5,7.8,4.5,12.0,63.2,No,68.7,Placed
STU07207,Female,Mechanical,4.2,85.1,7.1,2.9,17.0,68.3,No,70.3,Not Placed
STU02105,Female,ECE,4.0,75.8,10.0,3.2,13.0,55.2,Yes,67.2,Placed
STU02763,Male,IT,1.9,64.8,6.0,5.9,8.0,66.2,Yes,46.6,Placed
STU08619,Male,IT,3.8,68.0,6.6,4.9,15.0,,No,69.1,Not Placed
STU06679,Male,CSE,2.5,81.7,8.3,6.7,17.0,59.6,Yes,57.9,Placed
STU04675,Male,CSE,2.4,76.5,7.5,3.8,13.0,61.1,Yes,62.8,Placed
STU08266,Male,ECE,6.1,87.7,8.1,3.8,15.0,68.5,No,72.8,Placed
STU02864,Female,Civil,4.0,93.0,6.1,2.2,20.0,100.0,No,98.5,Placed
STU04491,Female,CSE,3.3,81.9,6.2,2.9,20.0,80.2,No,67.4,Placed
STU04049,Female,IT,0.7,64.7,1.0,5.4,10.0,51.6,Yes,42.1,Placed
STU06579,Male,ECE,3.7,69.0,5.6,3.7,6.0,51.8,No,47.8,Not Placed
STU06955,Female, CSE ,4.2,78.8,7.7,3.5,14.0,,No,68.9,Placed
STU00724,Male,CSE,2.9,69.9,6.1,4.5,9.0,42.2,No,46.7,Not Placed
STU01226,Male,CSE,3.7,80.3,6.7,5.4,16.0,69.8,No,62.1,Placed
STU04201,Male,Mechanical,4.0,80.2,7.1,5.9,10.0,47.8,No,49.7,Not Placed
STU09544,Male,Mechanical,0.9,68.8,8.6,4.3,11.0,59.0,No,48.7,Not Placed
STU02269,Female,Mechanical,0.0,50.1,8.2,4.8,3.0,49.0,No,33.2,Not Placed
STU04886,Male,Civil,3.7,72.0,5.4,4.2,12.0,,Yes,59.2,Placed
STU04836,Male,CSE,3.4,71.1,7.7,7.5,12.0,64.3,Yes,66.9,Placed
STU06799,Male,Civil,0.6,,6.8,7.7,8.0,39.1,Yes,34.3,Not Placed
STU08293,Female,ECE,2.3,71.0,6.4,2.7,8.0,45.7,No,45.2,Not Placed
STU04798,Female,IT,4.2,76.6,6.7,3.9,16.0,75.8,No,66.6,Placed
STU00489,Male,ECE,2.7,71.8,7.2,6.7,9.0,56.0,Yes,44.1,Not Placed
STU01153,Male,Mechanical,4.1,,6.9,3.3,15.0,72.5,No,69.5,Not Placed
STU03587,Female,ECE,1.4,63.3,8.7,4.5,9.0,50.5,No,49.5,Not Placed
STU02786,Male,CSE,0.2,91.4,6.1,3.1,16.0,50.2,No,59.9,Placed
STU07799,Female,CSE,4.5,98.3,6.8,2.0,20.0,78.9,No,80.0,Placed
STU06764,Male,CSE,5.8,88.7,5.9,2.5,19.0,80.5,Yes,82.3,Placed
STU05840,Female,ECE,4.1,72.5,6.9,3.3,5.0,50.9,No,48.8,Not Placed
STU07009,Male,Civil,6.5,77.1,5.9,3.1,12.0,65.7,No,75.9,Placed
STU08575,Male,CSE,0.8,60.4,6.9,7.1,6.0,34.3,No,33.5,Not Placed
STU03407,Male,Commerce,5.1,82.4,5.3,2.6,14.0,60.0,Yes,67.3,Placed
STU00001,Male,Mechanical,4.3,81.8,9.4,3.7,12.0,71.0,Yes,54.7,Placed
STU03996,Male,CSE,3.5,73.0,5.5,5.4,6.0,66.0,No,42.7,Not Placed
STU07745,Female,IT,0.7,47.4,4.7,5.2,0.0,43.9,No,21.1,Not Placed
STU01415,Female,IT,3.4,88.8,6.5,2.7,17.0,80.5,Yes,73.6,Placed
STU07424,Male,IT,2.8,75.4,6.8,4.3,14.0,65.2,Yes,65.8,Placed
STU09867,Male,IT,1.8,57.3,7.4,4.6,5.0,47.9,No,35.1,Not Placed
STU04505,female,Commerce,3.9,69.2,5.8,4.0,10.0,59.4,Yes,63.7,Placed
STU06809,Female,CSE,4.6,79.3,7.6,1.3,14.0,66.7,Yes,69.5,Placed
STU09334,Male,Mechanical,4.4,78.6,7.7,5.7,8.0,55.2,No,51.0,Placed
STU06654,Male,IT,3.9,73.9,8.2,6.6,14.0,57.8,Yes,58.2,Placed
STU02721,Male,IT,3.1,75.0,7.5,6.6,14.0,55.5,No,52.4,Not Placed
STU00717,Male,IT,2.4,54.7,7.6,5.7,8.0,43.3,No,49.4,Not Placed
STU07146,Male,Mechanical,3.4,83.5,4.8,5.2,15.0,58.9,No,52.2,Not Placed
STU08222,Female,IT,4.6,74.8,6.5,7.0,14.0,64.9,No,51.7,Not Placed
STU02709,Male,Mechanical,5.0,74.7,7.6,3.8,12.0,71.3,Yes,66.9,Placed
STU08911,Male,IT,4.5,71.4,5.8,0.2,16.0,68.5,No,77.6,Placed
STU06638,Female,IT,4.7,78.5,5.5,4.2,13.0,72.1,No,75.4,Placed
STU09900,Male,ECE,,72.0,8.3,3.8,14.0,49.1,No,66.5,Not Placed
STU03004,Male,CSE,4.3,67.4,5.4,4.7,8.0,42.6,No,45.2,Not Placed
STU06071,male,Civil,4.0,79.6,5.4,5.7,11.0,52.9,No,51.0,Not Placed
STU08438,Female,CSE,1.6,74.2,7.2,4.6,8.0,57.5,No,51.3,Not Placed
STU04101,Female,IT,4.7,84.9,6.8,4.0,14.0,64.9,No,63.4,Not Placed
STU08862,Female,ECE,3.7,82.7,8.1,3.4,14.0,67.9,No,67.1,Not Placed
STU05887,Male,Mechanical,3.4,78.0,6.7,5.3,17.0,71.2,No,67.2,Placed
STU04251,Male,Mechanical,2.9,73.0,8.6,4.3,13.0,51.4,Yes,57.1,Placed
STU08113,Male,Civil,4.3,82.8,6.6,6.2,13.0,60.6,No,53.8,Not Placed
STU05373,Female,ECE,3.9,77.7,6.6,6.8,16.0,54.7,No,61.6,Not Placed
STU06537,Male,ECE,3.6,71.8,5.3,7.5,11.0,59.6,No,43.6,Not Placed
STU08336,Male,CSE,2.6,75.3,8.1,5.4,13.0,54.7,Yes,51.3,Placed
STU07578,Male,IT,1.6,68.7,7.9,5.0,14.0,53.3,No,45.2,Not Placed
STU09198,Female,ECE,6.6,96.7,7.7,2.5,19.0,89.0,No,97.2,Placed
STU00857,Female,CSE,1.7,70.2,5.6,2.9,13.0,62.3,No,55.4,Placed
STU03878,Male,IT,3.2,71.9,9.1,4.2,11.0,67.6,Yes,64.2,Placed
STU04495,Male,ECE,4.4,87.6,7.9,4.8,17.0,53.6,Yes,70.2,Not Placed
STU04748,Male,Commerce,0.5,59.8,7.5,6.3,6.0,49.8,Yes,41.6,Not Placed
STU08351,Male,IT,1.2,81.2,8.8,3.9,15.0,59.8,No,57.8,Not Placed
STU09807,Female,CSE,4.1,65.2,9.4,7.0,13.0,54.3,No,42.1,Not Placed
STU01486,Female,IT,4.4,74.4,6.6,4.9,9.0,43.9,No,49.6,Not Placed
STU03711,Male,CSE,4.0,95.4,7.7,5.4,,61.1,Yes,70.1,Placed
STU08219,Male,ECE,5.7,80.6,6.7,4.5,18.0,78.6,Yes,78.4,Placed
STU02656,Female,ECE,1.4,77.2,7.4,1.7,11.0,56.6,No,56.5,Not Placed
STU02520,Female,ECE,2.7,65.2,7.4,7.0,8.0,45.9,No,40.5,Not Placed
STU07278,Male,CSE,5.6,92.8,6.1,3.6,14.0,52.3,No,66.8,Not Placed
STU04425,Female,Commerce,,75.8,6.0,5.3,8.0,41.9,Yes,39.9,Not Placed
STU04489,Female,CSE,2.7,73.1,8.5,3.9,16.0,50.4,Yes,52.6,Not Placed
STU08797,Male,CSE,3.7,85.8,7.7,6.2,15.0,75.0,Yes,65.5,Placed
STU08159,Male,Mechanical,4.0,73.8,5.6,3.7,14.0,53.0,No,67.5,Placed
STU05542,Male,ECE,2.8,87.7,6.8,,18.0,61.5,No,66.0,Placed
STU02278,Male,Civil,4.6,88.3,8.5,5.1,18.0,90.6,No,95.0,Placed
STU03250,Female,CSE,2.7,77.1,5.6,4.9,18.0,61.9,No,53.8,Not Placed
STU07317,Male,Mechanical,2.4,75.0,5.8,4.6,10.0,,Yes,55.8,Not Placed
STU09515,Male,CSE,2.8,73.4,8.8,4.3,14.0,67.2,No,65.0,Placed
STU05241,Male,CSE,5.5,80.0,6.5,4.7,14.0,66.7,Yes,64.2,Placed
STU01792,Male,CSE,3.6,73.4,6.9,4.0,11.0,58.9,Yes,61.8,Not Placed
STU08334,Female,Civil,5.7,96.2,6.2,1.8,20.0,90.2,No,83.9,Placed
STU09373,Male,IT,3.7,72.5,7.0,3.5,13.0,44.2,No,53.4,Not Placed
STU03193,Male,Commerce,4.0,80.5,7.8,6.9,15.0,52.0,No,60.3,Not Placed
STU07783,Female,Civil,,70.4,7.2,2.7,16.0,64.8,No,63.9,Placed
STU00522,Female,ECE,3.0,71.6,6.6,4.6,8.0,52.4,No,52.3,Not Placed
STU06446,Male,Civil,4.8,88.0,6.7,1.3,17.0,70.3,Yes,77.1,Not Placed
STU04897,Male,Civil,3.4,73.9,7.0,4.2,17.0,64.9,Yes,65.7,Placed
STU03388,Male,ECE,3.0,81.6,7.7,5.1,8.0,49.0,No,52.3,Not Placed
STU05633,Male,Civil,5.4,65.1,7.7,4.3,6.0,27.9,No,45.7,Not Placed
STU02444,Male,Civil,2.1,71.9,7.4,4.1,14.0,71.3,Yes,61.1,Placed
STU07626,Female,Civil,2.9,73.1,5.8,4.5,18.0,62.7,No,66.7,Placed
STU02951,Male,CSE,1.3,58.2,8.4,7.7,10.0,54.8,Yes,43.3,Not Placed
STU08512,Female,IT,2.3,69.9,8.6,7.9,11.0,43.6,Yes,42.7,Not Placed
STU05813,Female,IT,3.6,90.1,7.6,3.5,15.0,68.4,Yes,71.6,Placed
STU06858,Female,IT,2.0,74.8,6.2,4.2,16.0,70.2,Yes,65.9,Placed
STU05620,female,IT,5.8,85.6,7.2,5.0,10.0,74.3,Yes,67.3,Placed
STU08569,Female,IT,2.4,61.2,6.1,3.7,11.0,56.4,Yes,53.5,Not Placed
STU03905,Male,Civil,0.0,60.0,7.2,8.5,8.0,40.9,Yes,38.7,Not Placed
STU05148,Female,Commerce,2.2,84.1,7.8,5.0,13.0,43.7,No,52.9,Not Placed
STU07801,Female,Mechanical,4.2,71.7,6.0,4.7,13.0,84.2,No,64.9,Placed
STU00277,Female,CSE,2.5,72.9,6.1,4.5,12.0,48.6,Yes,53.5,Not Placed
STU08642,Female,CSE,3.4,95.0,6.6,1.7,19.0,91.6,No,89.7,Placed
STU01803,Male,CSE,3.4,,4.6,6.0,14.0,54.5,Yes,53.5,Placed
STU08760,Female,CSE,3.3,80.0,9.2,4.6,13.0,65.5,Yes,56.2,Placed
STU02368,M,CSE,5.2,100.0,,2.4,8.0,72.0,No,72.9,Not Placed
STU06272,Female,Civil,3.7,66.1,7.0,6.5,6.0,28.3,No,31.5,Not Placed
STU04228,Male,Civil,7.3,98.8,7.0,2.1,19.0,95.2,Yes,97.0,Placed
STU04643,female,CSE,2.9,78.7,4.7,5.9,18.0,65.2,Yes,60.8,Placed
STU07437,Male,Civil,0.5,74.6,4.9,1.6,13.0,57.9,Yes,46.7,Placed
STU02322,Male,Civil,,86.7,6.0,1.9,14.0,55.0,No,58.3,Not Placed
STU03642,Female,CSE,5.8,92.2,6.2,4.8,18.0,73.6,Yes,74.3,Placed
STU01294,Female,Civil,1.9,56.6,5.1,6.2,6.0,45.5,No,41.9,Not Placed
STU05333,Female,Commerce,5.2,82.9,7.6,3.8,15.0,78.4,Yes,79.5,Placed
STU06796,Female,Commerce,3.8,80.0,5.8,3.1,18.0,94.6,Yes,85.0,Placed
STU04839,Female,Commerce,1.2,72.3,9.0,1.4,15.0,72.7,No,54.7,Not Placed
STU02524,Male,it,2.1,68.1,6.5,5.1,8.0,47.8,No,42.7,Not Placed
STU04043,Male,CSE,,87.5,5.8,2.8,18.0,61.3,No,69.9,Placed
STU05769,Female,Mechanical,1.7,69.2,8.1,6.2,10.0,59.0,No,54.8,Not Placed
STU06087,Female,Mechanical,3.4,80.8,5.1,1.1,19.0,,Yes,77.8,Placed
STU07851,Male,ECE,5.8,82.3,7.2,2.7,16.0,74.1,No,93.8,Placed
STU06513,Male,CSE,3.1,86.4,7.3,5.0,13.0,61.3,Yes,67.2,Placed
STU03544,Female,CSE,0.0,68.6,6.6,6.1,16.0,72.2,No,63.7,Placed
STU03827,Female,CSE,4.0,81.4,8.2,4.3,17.0,67.6,Yes,71.3,Placed
STU04087,Female,CSE,3.9,69.8,6.9,4.0,9.0,42.8,No,53.8,Not Placed
STU03115,Male,it,4.7,76.4,5.9,4.5,13.0,60.7,No,66.1,Placed
STU03914,Male,CSE,0.9,58.9,10.0,3.4,2.0,48.8,No,21.7,Not Placed
STU02126,Male,CSE,2.9,81.4,7.5,3.0,16.0,60.3,No,62.1,Not Placed
STU04487,Male,IT,4.9,79.3,8.1,3.3,16.0,75.4,No,72.6,Not Placed
STU08540,Female,Civil,3.2,72.1,6.5,3.4,15.0,63.8,No,57.0,Not Placed
STU07862,M,mechanical,2.7,72.1,5.4,4.9,10.0,49.8,No,52.4,Not Placed
STU09476,Male,CSE,3.8,68.0,8.3,1.9,12.0,60.4,Yes,63.1,Placed
STU07660,Female,ECE,4.8,80.6,6.5,5.6,12.0,59.6,No,65.2,Not Placed
STU04641,Male,Civil,6.5,93.7,5.9,2.1,20.0,67.1,No,80.5,Placed
STU09740,Female,CSE,4.2,84.5,7.8,4.8,15.0,66.0,Yes,60.0,Placed
STU07086,Female,ECE,3.6,72.4,5.6,5.5,15.0,68.7,Yes,64.0,Not Placed
STU06235,Male,CSE,3.6,93.3,4.6,8.8,12.0,52.0,No,53.3,Placed
STU07265,Female,ECE,5.0,90.0,5.3,5.1,18.0,63.5,No,74.7,Placed
STU08724,Male,IT,2.5,69.7,5.4,6.2,10.0,,No,42.6,Not Placed
STU09457,Male,Civil,3.1,81.6,7.3,5.1,12.0,55.6,No,58.7,Not Placed
STU03608,Female,Civil,1.5,82.0,6.6,5.0,17.0,79.0,Yes,75.3,Placed
STU00141,Male,Civil,2.4,70.7,,2.6,16.0,69.4,No,69.5,Placed
STU07474,Male,CSE,2.4,68.8,6.2,5.1,10.0,66.7,No,64.0,Placed
STU02806,Male,CSE,2.5,79.1,8.2,4.2,14.0,65.1,No,54.1,Not Placed
STU07975,Female, ECE ,4.7,90.8,7.0,2.9,20.0,74.2,No,84.4,Not Placed
STU07622,Female,CSE,2.1,75.8,6.2,3.5,12.0,53.2,Yes,55.4,Not Placed
STU04576,Male,CSE,4.3,83.4,8.8,3.5,19.0,78.9,No,76.5,Placed
STU04516,Female,Commerce,3.2,83.7,6.4,3.0,20.0,78.6,Yes,71.1,Placed
STU09016,Male,ECE,2.4,74.5,5.5,2.5,11.0,54.9,No,60.7,Not Placed
STU05674,Male,ECE,2.4,67.1,5.8,3.8,9.0,,Yes,65.3,Placed
STU02964,Male,IT,1.8,50.8,7.0,7.4,11.0,50.2,No,48.7,Not Placed
STU05828,Male,Civil,5.8,99.1,7.0,4.5,19.0,89.1,No,86.9,Placed
STU00214,Male,Commerce,3.5,76.5,7.7,6.1,10.0,62.6,Yes,55.4,Placed
STU02093,Female,CSE,1.5,67.3,5.6,3.3,16.0,76.2,No,63.4,Placed
STU02658,Male,Commerce,4.9,76.1,7.4,3.6,10.0,55.0,No,58.6,Not Placed
STU09414,Male,ECE,3.8,66.8,5.4,6.3,9.0,46.5,Yes,47.1,Not Placed
STU02906,Female,IT,3.8,79.5,8.5,1.8,16.0,63.5,No,62.2,Placed
STU03351,Female,IT,5.0,82.3,7.7,4.0,12.0,57.0,Yes,63.1,Not Placed
STU01344,Female,CSE,4.4,70.5,6.2,1.4,6.0,52.6,No,49.5,Not Placed
STU06918,Female,Civil,4.8,77.9,6.3,4.1,11.0,68.6,No,65.0,Placed
STU03855,Female,ECE,5.5,83.2,6.2,4.0,20.0,61.6,No,65.3,Placed
STU08006,F,Civil,0.6,55.7,7.4,5.9,7.0,48.8,No,46.7,Not Placed
STU03964,Female,IT,1.6,63.8,7.4,6.7,13.0,48.1,No,56.6,Not Placed
STU06428,M, CSE ,1.0,64.8,4.7,5.1,9.0,44.3,Yes,48.7,Not Placed
STU07863,Male,CSE,3.0,69.2,7.0,3.6,13.0,54.2,Yes,63.9,Placed
STU08531,Female,Mechanical,3.1,90.4,5.5,3.9,16.0,65.7,No,58.4,Not Placed
STU09496,Male,Civil,5.9,95.5,7.5,,16.0,73.7,No,78.4,Not Placed
STU01647,Male,ECE,3.3,68.4,6.2,5.4,10.0,58.3,No,55.8,Not Placed
STU06905,Male,CSE,2.9,60.7,7.0,6.4,10.0,55.1,No,45.6,Not Placed
STU06290,Female,CSE,1.5,63.7,6.6,8.9,10.0,58.8,Yes,40.5,Not Placed
STU02140,Male,CSE,4.8,90.4,8.3,3.8,19.0,76.7,No,81.5,Placed
STU09038,Male,CSE,3.9,79.0,6.9,4.4,,86.1,No,67.0,Placed
STU02568,Male,IT,1.9,73.6,7.3,3.5,14.0,57.2,No,55.8,Not Placed
STU09205,Male,CSE,4.5,69.2,6.3,4.8,12.0,62.0,No,64.7,Placed
STU00492,Female,CSE,3.0,65.7,7.4,5.1,11.0,66.5,No,56.0,Not Placed
STU08277,Male,Mechanical,0.6,64.3,7.7,,9.0,36.8,No,44.6,Not Placed
STU04338,Male,Civil,1.1,66.6,7.5,8.0,11.0,55.1,Yes,44.1,Not Placed
STU03617,Male,Commerce,5.6,95.8,,3.6,20.0,86.5,No,85.1,Placed
STU05580,Male,Mechanical,2.8,86.0,8.5,3.9,17.0,73.3,No,73.4,Not Placed
STU05088,Female,IT,1.4,71.6,6.2,4.9,10.0,52.6,No,51.2,Not Placed
STU06725,Male,Commerce,3.6,75.5,6.1,4.7,16.0,65.2,Yes,70.9,Placed
STU09517,Male,ECE,4.1,86.0,6.1,2.5,16.0,62.5,Yes,73.3,Placed
STU03866,Male,IT,3.7,82.3,,2.6,10.0,46.6,No,57.5,Not Placed
STU00306,Female,CSE,2.1,62.5,9.2,6.1,5.0,49.0,Yes,34.4,Not Placed
STU03020,Male,Commerce,0.9,52.8,6.7,4.1,6.0,36.8,Yes,45.7,Not Placed
STU05621,Female,,7.3,100.0,7.3,2.1,20.0,90.5,No,100.0,Placed
STU04989,Male,Commerce,2.6,61.9,6.1,5.2,15.0,52.0,No,56.3,Not Placed
STU07673,Female,Mechanical,3.4,,6.9,4.9,14.0,77.0,Yes,70.0,Placed
STU04027,Female,CSE,2.6,65.8,7.6,4.1,11.0,60.1,Yes,55.9,Not Placed
STU07798,Female,CSE,0.0,55.7,6.3,5.1,4.0,60.3,No,32.0,Not Placed
STU04542,Female,CSE,3.9,63.7,6.6,3.9,,64.1,No,58.8,Placed
STU08933,Female,CSE,3.1,66.0,6.1,4.2,4.0,56.5,No,44.6,Not Placed
STU07463,Male,IT,5.8,92.2,6.2,2.3,20.0,71.2,No,88.9,Placed
STU04706,Male,CSE,,89.0,9.5,2.7,,67.4,No,61.0,Placed
STU06404,Female,Mechanical,2.3,74.6,6.9,6.7,10.0,38.0,No,38.1,Not Placed
STU07149,Male,IT,3.0,76.1,5.2,4.3,16.0,80.6,Yes,68.6,Placed
STU08260,Female,ECE,3.5,80.3,6.6,3.5,10.0,60.9,Yes,58.2,Placed
STU05411,Female,CSE,2.9,,6.4,3.2,19.0,78.1,Yes,70.2,Placed
STU00009,Male,ECE,5.9,70.6,6.9,2.0,14.0,63.9,Yes,71.5,Not Placed
STU04755,Female,CSE,4.9,88.9,8.3,5.7,20.0,95.0,Yes,94.8,Placed
STU00871,Male,Mechanical,0.8,52.8,5.6,6.9,12.0,69.0,Yes,36.6,Not Placed
STU02117,Male,ECE,4.5,85.2,6.6,4.5,15.0,,No,67.1,Placed
STU02802,Female,IT,4.2,92.8,6.8,1.4,18.0,78.3,Yes,88.2,Placed
STU03091,Female,CSE,3.8,78.5,4.8,3.4,18.0,74.2,Yes,65.3,Placed
STU04128,Male,Civil,4.2,66.4,6.7,1.6,13.0,51.7,Yes,65.9,Not Placed
STU08016,Male,ECE,6.2,,7.5,5.5,20.0,69.5,Yes,80.6,Placed
STU08160,Female,ECE,3.1,73.7,8.0,6.3,8.0,49.1,Yes,48.9,Not Placed
STU02706,Male,ECE,4.3,67.8,5.4,4.9,13.0,61.4,No,59.0,Not Placed
STU05990,Male,IT,,65.3,7.5,2.9,11.0,63.3,No,51.8,Placed
STU00081,Male,Mechanical,4.1,74.1,5.3,,13.0,75.2,Yes,61.2,Placed
STU08860,Male,Mechanical,3.5,72.9,,7.5,7.0,47.8,No,50.0,Not Placed
STU09360,Female,Commerce,2.7,61.4,,5.2,11.0,53.6,No,47.1,Not Placed
STU03921,Female,COMMERCE,2.9,80.4,6.9,6.0,13.0,63.9,No,66.9,Placed
STU09526,Female,Civil,4.7,79.9,7.0,5.8,16.0,60.4,Yes,67.6,Placed
STU00806,Female,CSE,4.3,82.4,7.8,7.6,15.0,96.0,No,85.1,Placed
STU03184,Male,ECE,0.3,79.2,4.5,6.6,17.0,88.6,Yes,60.7,Placed
STU09227,Female,Mechanical,4.1,78.9,5.6,5.7,11.0,49.8,No,50.9,Not Placed
STU04186,F,CSE,5.0,80.4,7.3,4.0,17.0,59.7,No,65.5,Placed
STU02790,Female,Mechanical,5.1,84.6,5.5,2.8,10.0,55.7,Yes,64.9,Not Placed
STU00907,Female,ECE,6.0,88.5,4.7,5.0,13.0,69.6,Yes,67.6,Placed
STU00095,Male,IT,1.3,54.6,6.7,7.9,7.0,40.0,Yes,37.5,Not Placed
STU05945,Male,IT,4.7,78.6,7.5,6.7,19.0,75.7,Yes,76.6,Placed
STU02248,Female,CSE,1.9,78.8,7.7,5.9,10.0,58.6,No,57.5,Not Placed
STU09722,Female,Civil,4.3,71.0,5.9,5.2,9.0,44.6,No,54.1,Not Placed
STU07661,Female,CSE,2.9,,8.1,4.9,11.0,54.8,No,56.8,Not Placed
STU04071,Female,CSE,,65.8,7.7,,13.0,60.0,No,59.3,Not Placed
STU04873,Female,CSE,2.1,74.1,5.4,5.0,7.0,53.9,Yes,43.9,Placed
STU07816,Male,CSE,0.4,59.2,6.2,6.4,3.0,33.8,Yes,28.0,Not Placed
STU07753,Male,ECE,1.7,54.4,8.0,7.5,6.0,32.8,Yes,34.9,Not Placed
STU02142,Male,Commerce,2.9,79.1,7.8,5.0,13.0,52.5,Yes,60.4,Not Placed
STU07427,Male,CSE,3.5,,8.1,2.0,12.0,62.7,No,60.8,Placed
STU00480,Female,CSE,6.9,97.6,6.0,5.6,20.0,79.5,No,79.9,Placed
STU06893,Male,Mechanical,4.5,66.1,5.7,3.9,6.0,44.8,Yes,50.1,Not Placed
STU08414,Male,ECE,3.4,67.5,6.1,4.6,9.0,59.3,No,55.6,Not Placed
STU08697,Male,Commerce,3.8,90.5,8.5,2.8,17.0,81.6,No,74.0,Placed
STU01970,Female,Mechanical,0.0,71.3,4.8,2.9,15.0,67.8,No,55.8,Placed
STU06431,Male,Mechanical,3.3,78.1,7.6,5.8,15.0,47.8,No,58.3,Not Placed
STU03172,Female,Civil,5.0,97.2,7.2,5.4,16.0,69.6,No,78.1,Placed
STU07043,Male,CSE,1.0,56.6,7.9,8.5,5.0,31.7,Yes,37.6,Not Placed
STU04544,Male,Mechanical,2.9,69.5,7.9,5.6,11.0,58.2,No,57.9,Not Placed
STU02517,Female,Civil,2.7,,7.8,4.4,15.0,56.5,No,58.4,Not Placed
STU06130,Female,IT,2.1,88.9,6.7,7.3,13.0,61.3,No,50.9,Not Placed
STU00195,Female,Civil,0.7,56.8,6.6,4.1,6.0,44.0,No,43.5,Not Placed
STU08186,Male,IT,3.4,68.4,4.4,5.6,8.0,41.5,No,41.4,Not Placed
STU05268,Female,Commerce,1.8,58.7,6.1,7.3,5.0,45.9,Yes,39.9,Not Placed
STU07045,Female,Mechanical,,74.5,8.5,6.4,12.0,,No,52.5,Not Placed
STU03886,Female,CSE,4.2,75.5,3.9,6.2,10.0,67.1,No,50.3,Not Placed
STU08906,Male,IT,3.6,77.6,7.5,1.8,13.0,66.4,Yes,62.5,Placed
STU09564,Male,Civil,3.3,79.4,7.4,7.9,9.0,69.1,No,55.4,Not Placed
STU03953,Female,IT,3.3,81.9,9.4,3.6,12.0,64.4,No,61.6,Placed
STU01321,Female,Commerce,2.1,73.3,7.2,2.9,12.0,51.6,No,51.6,Not Placed
STU01855,Female,ECE,3.4,75.9,8.1,2.4,12.0,68.9,No,75.6,Placed
STU07354,Male,ECE,4.9,72.7,6.8,6.0,11.0,61.2,Yes,56.5,Placed
STU04648,Female,CSE,5.1,80.4,6.3,,10.0,56.0,No,61.4,Placed
STU08103,Male,Civil,1.7,,6.8,2.8,3.0,52.6,No,46.1,Not Placed
STU06773,Male,Civil,4.0,67.8,5.7,2.1,14.0,49.4,No,57.3,Placed
STU02987,Female,Commerce,3.6,61.0,9.3,7.8,15.0,65.2,Yes,57.2,Placed
STU00673,Female,Mechanical,6.5,87.2,5.2,6.4,12.0,56.7,Yes,54.8,Not Placed
STU02743,Female,CSE,4.1,77.7,6.6,3.0,14.0,49.1,No,64.3,Not Placed
STU05656,Female,Mechanical,3.0,87.2,6.1,4.1,15.0,57.6,No,63.2,Placed
STU03440,Female,Mechanical,4.2,96.5,7.1,3.8,19.0,81.3,No,80.8,Placed
STU09823,Female,IT,2.5,68.9,7.4,6.6,10.0,49.4,No,53.2,Not Placed
STU07287,Female,CSE,2.3,70.7,6.3,4.7,8.0,58.3,Yes,62.4,Placed
STU00245,Male,ECE,6.5,96.9,3.5,2.5,20.0,88.1,No,90.8,Placed
STU07651,Female,CSE,0.0,59.2,7.3,5.9,3.0,35.2,No,24.2,Not Placed
STU05290,Female,IT,5.4,85.0,7.8,1.8,19.0,81.9,No,86.5,Placed
STU07631,Female,Mechanical,3.4,80.5,5.3,4.0,16.0,71.6,Yes,72.2,Placed
STU01681,Male,ECE,1.1,52.2,6.2,4.7,8.0,48.9,No,40.4,Not Placed
STU02600,Male,IT,4.6,,6.1,2.1,15.0,75.7,No,71.4,Placed
STU02456,Male,ECE,3.0,56.3,6.0,4.5,10.0,54.8,No,44.8,Not Placed
STU08365,Male,CSE,3.9,82.5,8.0,6.0,17.0,64.2,Yes,67.2,Placed
STU05644,Female,CSE,5.0,,4.4,2.4,19.0,83.9,Yes,86.4,Placed
STU09857,Female,IT,1.0,55.8,5.6,5.3,7.0,48.1,Yes,40.1,Not Placed
STU05303,Male,CSE,2.7,80.3,6.8,4.3,17.0,63.7,No,53.2,Not Placed
STU05588,Male,Civil,4.2,81.9,7.2,5.7,17.0,73.2,No,73.1,Placed
STU07701,Male,IT,6.2,85.3,6.2,3.8,9.0,49.7,No,59.9,Not Placed
STU08386,Male,CSE,5.3,91.6,6.5,4.7,19.0,55.9,No,61.5,Placed
STU06017,Male,CSE,3.7,60.7,7.4,2.8,15.0,73.7,No,68.7,Placed
STU03845,Female,CSE,3.0,71.6,8.1,2.6,11.0,64.5,Yes,64.3,Placed
STU03165,Female,ECE,3.3,80.9,7.4,5.6,11.0,52.9,Yes,53.2,Not Placed
STU04343,Female,ECE,2.9,67.8,6.8,7.1,15.0,56.0,Yes,54.2,Not Placed
STU09170,Male,CSE,1.5,72.5,7.3,2.2,15.0,62.7,No,54.2,Not Placed
STU03984,Female,Mechanical,3.3,67.1,7.4,4.9,7.0,49.6,No,45.0,Not Placed
STU05134,Male,Mechanical,2.0,62.2,6.7,5.9,8.0,57.2,Yes,43.0,Not Placed
STU09030,Male,ECE,4.4,96.4,6.9,3.8,18.0,71.6,Yes,82.2,Placed
STU03038,Female,ECE,1.9,71.3,7.1,4.7,12.0,73.6,No,65.0,Placed
STU05346,Male,ECE,4.7,69.6,6.9,5.4,14.0,70.2,No,63.7,Not Placed
STU01430,Female,IT,3.0,72.1,5.1,7.4,12.0,69.2,Yes,54.0,Not Placed
STU07797,Female,Mechanical,2.5,78.1,7.6,3.2,13.0,68.3,Yes,56.7,Placed
STU08241,Female,ECE,0.5,64.7,7.2,5.3,6.0,37.0,No,32.3,Not Placed
STU08887,Male,Mechanical,4.5,76.3,7.4,4.4,15.0,61.2,No,67.6,Placed
STU09909,Male,CSE,3.4,60.0,6.5,5.4,6.0,57.4,No,42.5,Not Placed
STU04176,Male,ECE,4.5,74.0,6.8,4.1,9.0,53.2,No,55.2,Not Placed
STU03156,Male,CSE,2.6,68.6,8.5,2.9,12.0,47.1,Yes,55.0,Placed
STU09001,Female,Mechanical,3.6,71.4,6.1,8.8,14.0,66.3,Yes,52.5,Not Placed
STU04899,Male,Mechanical,4.9,79.3,7.8,4.6,14.0,60.3,No,74.5,Placed
STU07535,Male,Mechanical,4.4,77.6,7.5,2.9,14.0,64.6,No,64.7,Placed
STU06094,Female,CSE,3.0,81.3,6.8,6.8,10.0,57.7,No,50.9,Not Placed
STU06906,Female,Mechanical,5.4,77.0,6.2,5.2,14.0,76.1,No,68.7,Not Placed
STU09751,Female,IT,4.1,80.5,7.5,5.5,11.0,,No,66.0,Not Placed
STU02588,Male,Mechanical,,83.0,5.6,5.2,18.0,70.2,Yes,70.9,Placed
STU04574,Female,IT,2.7,76.1,4.9,,19.0,81.7,No,69.9,Placed
STU05418,Male,CSE,2.3,83.0,6.6,4.2,16.0,79.3,No,70.0,Placed
STU09383,Female,ECE,3.3,82.1,6.2,5.4,16.0,60.1,No,60.0,Not Placed
STU00336,Female,CSE,2.9,61.9,7.3,3.9,8.0,49.0,Yes,49.8,Not Placed
STU02606,Male,CSE,4.1,,6.7,4.2,12.0,56.8,No,64.2,Not Placed
STU05177,Female,Commerce,7.4,86.6,6.2,4.9,17.0,76.4,Yes,82.3,Placed
STU03040,Male,ECE,6.1,70.3,5.6,3.9,12.0,56.4,Yes,57.3,Placed
STU08244,Female,cse,5.9,100.0,8.2,0.7,16.0,77.8,Yes,91.6,Placed
STU04345,Male,Civil,3.3,72.0,5.6,3.3,8.0,56.8,No,52.0,Not Placed
STU07731,Male,CSE,3.6,84.3,6.6,6.5,13.0,48.8,No,50.5,Not Placed
STU06068,Female,CSE,3.6,86.4,7.1,4.2,17.0,68.6,No,65.9,Placed
STU01687,Male,CSE,4.2,71.5,9.0,2.0,10.0,58.3,Yes,61.0,Placed
STU00543,Female,Commerce,3.7,68.9,7.6,7.5,13.0,65.9,Yes,53.9,Placed
STU05230,Female,IT,8.7,89.9,5.4,2.3,15.0,59.9,Yes,86.9,Placed
STU05368,Male,Civil,5.4,85.0,6.1,2.2,17.0,74.4,No,70.8,Not Placed
STU06240,Male,Commerce,3.2,73.1,7.6,6.8,13.0,50.9,No,55.7,Not Placed
STU03907,Male,IT,2.8,70.0,7.8,5.2,3.0,34.4,No,41.6,Not Placed
STU06812,Male,Civil,2.9,70.5,8.4,4.2,11.0,44.7,Yes,50.4,Not Placed
STU08992,Male,IT,2.9,58.5,7.9,4.2,5.0,32.7,Yes,43.4,Not Placed
STU02978,Male,IT,2.8,79.6,8.2,2.7,9.0,51.2,No,59.7,Not Placed
STU02071,Male,CSE,,68.9,6.5,7.8,10.0,54.2,No,53.8,Not Placed
STU01011,Female,Civil,0.5,68.8,7.2,6.1,5.0,65.7,No,46.2,Not Placed
STU08901,Female,ECE,6.4,87.6,8.8,2.1,16.0,76.6,Yes,87.0,Placed
STU06851,Male,commerce,4.8,82.4,8.6,0.6,17.0,82.9,No,79.1,Placed
STU07806,Female,IT,3.2,79.5,6.1,6.0,14.0,63.4,No,65.9,Placed
STU09265,Female,Commerce,4.0,95.4,5.3,2.0,20.0,83.0,No,72.7,Placed
STU02632,male,,1.2,64.0,9.1,6.2,10.0,,No,58.0,Not Placed
STU04234,Female,Mechanical,6.1,96.5,8.4,5.6,20.0,58.5,Yes,77.0,Placed
STU02737,Female,Commerce,0.3,44.5,5.7,5.8,5.0,65.2,No,25.5,Not Placed
STU09289,Male,ECE,3.4,89.3,8.3,5.4,15.0,75.4,Yes,66.9,Placed
STU03936,Male,Mechanical,5.5,70.9,7.4,2.7,13.0,49.6,No,63.6,Placed
STU08683,Male,IT,4.7,100.0,7.1,6.1,20.0,78.7,Yes,85.7,Placed
STU00182,Male,IT,5.2,82.7,5.5,3.8,13.0,53.0,Yes,50.7,Placed
STU08166,Male,it,7.4,91.7,5.8,3.4,14.0,70.4,Yes,89.7,Placed
STU00101,Male,CSE,1.7,63.9,7.2,3.4,11.0,65.5,Yes,51.1,Placed
STU09703,Male,Mechanical,3.6,80.7,7.0,4.7,14.0,72.5,Yes,66.5,Placed
STU08942,Female,ECE,6.8,90.7,,0.8,,65.3,No,74.1,Not Placed
STU00718,Male,Civil,5.0,95.7,7.9,3.6,19.0,66.5,No,80.1,Placed
STU08059,Male,Mechanical,3.3,84.3,5.9,4.5,19.0,78.2,Yes,64.4,Placed
STU02039,Female,Commerce,4.8,76.6,6.7,4.5,12.0,47.0,No,57.9,Not Placed
STU06527,Male,IT,1.9,83.0,4.6,1.8,15.0,70.3,No,64.7,Not Placed
STU09717,Male,CSE,4.0,69.8,6.3,6.8,7.0,39.9,No,45.4,Not Placed
STU07634,Male,ECE,2.4,73.9,9.5,5.1,9.0,55.5,No,49.4,Not Placed
STU01884,Female,CSE,2.9,77.9,7.0,4.4,14.0,63.0,No,63.9,Not Placed
STU07932,Male,Commerce,3.2,60.7,6.9,6.2,7.0,38.9,No,41.1,Not Placed
STU08573,Male,Civil,0.4,53.7,6.2,5.4,3.0,52.1,No,30.5,Not Placed
STU06732,Male,Mechanical,2.0,74.0,8.1,4.2,13.0,59.1,Yes,56.9,Not Placed
STU05690,Female,Commerce,1.4,73.6,4.9,5.5,10.0,45.2,No,42.6,Placed
STU03629,Female,ECE,2.1,65.7,6.3,4.9,15.0,87.5,Yes,71.4,Placed
STU04968,Female,ECE,3.9,66.6,5.7,5.8,9.0,48.3,Yes,49.0,Not Placed
STU04440,Female,IT,3.8,64.4,7.2,5.6,13.0,41.0,No,50.7,Not Placed
STU05059,Male,CSE,1.9,74.3,5.1,6.7,9.0,61.6,No,55.1,Not Placed
STU00966,Female,Mechanical,1.3,56.7,6.7,6.1,9.0,54.2,No,40.4,Not Placed
STU02610,Male,Civil,2.3,75.6,6.1,5.9,9.0,49.2,No,45.2,Not Placed
STU03406,Male,Mechanical,2.3,66.8,7.6,6.1,9.0,39.2,No,41.7,Not Placed
STU07066,Female,CSE,5.5,78.3,7.3,5.7,16.0,67.8,No,75.0,Placed
STU05007,Male,IT,1.7,69.9,8.6,6.7,10.0,32.5,Yes,37.1,Not Placed
STU04953,Male,CSE,2.7,73.4,6.4,6.4,10.0,60.8,Yes,42.1,Placed
STU02539,Male,CSE,5.7,80.1,7.0,4.9,16.0,59.6,No,68.8,Not Placed
STU05045,Male,IT,3.1,53.9,8.5,,9.0,42.7,Yes,35.7,Not Placed
STU09543,Female,ECE,2.7,90.6,4.7,4.0,12.0,66.6,Yes,59.6,Placed
STU09124,Male,CIVIL,5.4,70.5,6.6,5.2,11.0,73.4,No,72.0,Placed
STU04803,Female,Mechanical,2.9,67.2,7.5,4.1,13.0,61.0,Yes,57.6,Not Placed
STU01173,Male,Civil,2.4,68.3,6.4,4.3,12.0,57.1,No,45.8,Not Placed
STU03223,Male,Mechanical,3.0,77.8,6.3,7.2,10.0,50.2,Yes,51.5,Not Placed
STU05704,Male,ECE,2.1,70.1,7.3,2.0,15.0,56.7,No,65.3,Placed
STU08110,Male,ECE,1.0,57.2,7.4,5.9,3.0,56.5,No,32.5,Not Placed
STU02982,Female,Commerce,4.7,86.5,8.2,4.6,19.0,75.4,Yes,72.8,Placed
STU08546,Female,IT,4.5,70.2,7.3,2.3,9.0,71.2,No,72.7,Placed
STU04381,Female,Civil,4.8,90.1,6.4,3.2,18.0,90.8,No,83.8,Placed
STU07865,Female,CSE,1.3,58.6,8.0,6.6,9.0,50.0,Yes,46.7,Placed
STU03200,Male,ECE,2.2,67.1,6.5,4.2,11.0,49.6,Yes,50.3,Not Placed
STU03862,Male,CSE,1.9,79.6,5.8,5.6,13.0,78.9,No,57.4,Not Placed
STU06798,Male,Mechanical,3.4,68.5,7.3,4.8,11.0,58.9,No,59.2,Not Placed
STU04122,Male,ECE,3.0,70.2,7.4,5.7,18.0,80.0,Yes,73.2,Placed
STU03743,Male,Civil,2.3,57.4,5.7,5.0,6.0,35.3,No,21.3,Not Placed
STU04238,Female,CSE,3.5,68.9,7.9,3.7,10.0,72.6,No,69.3,Not Placed
STU08106,Female,ECE,2.2,66.8,6.7,5.3,7.0,41.0,No,45.5,Not Placed
STU09281,Male,Mechanical,4.1,65.7,5.7,5.8,7.0,50.6,No,46.3,Not Placed
STU03784,Female,IT,1.1,84.9,7.9,5.2,16.0,81.9,No,69.9,Placed
STU02455,Female,IT,1.2,56.5,6.6,5.2,,59.5,No,41.6,Not Placed
STU02404,male,CSE,3.9,79.6,8.1,2.1,11.0,55.0,No,59.1,Not Placed
STU07755,Male,CSE,2.6,76.2,5.4,3.9,12.0,83.6,No,59.4,Not Placed
STU02990,Male,MECHANICAL,5.5,92.1,,4.6,18.0,79.3,No,82.5,Placed
STU08921,Male,Civil,,90.9,7.9,4.5,15.0,52.1,No,65.3,Not Placed
STU02700,Female,ECE,3.8,69.5,6.4,5.0,7.0,49.0,No,45.0,Not Placed
STU08249,Female,ECE,6.0,87.8,6.5,3.5,,70.0,No,78.9,Placed
STU08321,Female,CSE,3.0,85.0,5.4,3.2,11.0,63.2,No,60.8,Not Placed
STU07258,Male,IT,,63.7,6.1,3.8,13.0,54.1,No,56.5,Placed
STU09314,Female,Civil,3.0,62.1,8.0,4.7,12.0,57.7,No,58.0,Not Placed
STU01281,Female,Commerce,4.2,100.0,6.2,4.0,19.0,80.8,No,81.4,Placed
STU05627,Female,Mechanical,3.0,81.3,7.0,7.3,13.0,61.8,No,66.2,Not Placed
STU07604,Male,IT,6.0,92.9,6.1,5.5,16.0,58.7,No,69.1,Placed
STU00122,Female,CSE,5.4,84.6,9.7,4.0,14.0,67.7,No,62.3,Not Placed
STU07982,M,CSE,6.0,83.5,7.7,2.4,16.0,65.7,No,73.9,Not Placed
STU02931,Male,CSE,4.8,75.3,7.1,5.4,12.0,59.0,Yes,60.5,Placed
STU07761,Female,Mechanical,3.1,82.0,5.7,5.1,11.0,70.5,Yes,54.8,Not Placed
STU00288,Female,ECE,3.4,77.7,5.5,4.8,11.0,62.9,Yes,54.5,Placed
STU03792,Female,ECE,2.0,,6.2,4.1,20.0,77.6,No,75.2,Placed
STU00943,Male,IT,4.7,93.2,7.1,3.7,13.0,65.5,No,82.4,Placed
STU01649,Female,ECE,4.8,86.2,8.1,4.0,16.0,49.8,Yes,68.3,Not Placed
STU07093,Female,CSE,3.7,87.2,5.3,6.4,20.0,69.0,Yes,71.5,Placed
STU06178,Male,CSE,3.3,81.9,5.1,2.5,13.0,56.1,Yes,55.7,Placed
STU01024,Female,Commerce,3.8,,7.7,3.9,13.0,73.1,Yes,66.0,Placed
STU07248,Male,Civil,4.8,84.3,7.8,5.4,13.0,62.5,Yes,61.7,Not Placed
STU05918,Male,IT,2.9,79.6,7.7,4.9,14.0,71.6,Yes,75.0,Placed
STU01724,Female,CSE,3.8,79.2,6.3,3.9,16.0,88.2,No,74.5,Placed
STU01158,Male,ECE,7.3,88.1,7.0,4.7,20.0,74.5,Yes,78.1,Placed
STU05641,Male,ECE,1.7,80.0,6.7,7.3,12.0,64.2,Yes,63.8,Not Placed
STU01832,Male,CSE,1.1,62.5,7.9,4.7,13.0,59.8,Yes,63.5,Placed
STU02218,Female,ECE,2.6,73.8,6.0,4.1,18.0,60.4,Yes,58.7,Placed
STU06192,Female,IT,5.7,92.6,,6.3,16.0,71.7,No,77.0,Placed
STU01798,Male,ECE,1.7,69.8,6.4,1.7,8.0,70.3,No,55.6,Not Placed
STU00016,Female,Commerce,4.7,85.9,5.1,6.7,11.0,46.4,No,46.9,Not Placed
STU09110,Male,CSE,3.9,84.5,5.7,5.2,13.0,60.4,Yes,59.6,Placed
STU09129,Female,Commerce,2.8,82.0,7.9,3.7,17.0,66.5,No,64.4,Placed
STU04084,Female,ECE,2.8,70.5,8.0,4.7,13.0,55.1,Yes,57.9,Placed
STU03748,Female,CSE,3.2,92.0,7.5,5.9,15.0,54.5,Yes,56.7,Not Placed
STU05586,Female,Mechanical,4.9,77.6,5.1,5.2,16.0,67.1,Yes,63.8,Placed
STU09595,Male,Mechanical,2.8,60.0,7.7,5.9,12.0,51.9,No,49.5,Not Placed
STU01770,Female,Commerce,4.3,93.5,7.4,0.2,20.0,91.5,No,89.7,Placed
STU01761,Male,Commerce,1.9,65.6,6.8,7.4,12.0,53.1,Yes,37.3,Not Placed
STU00563,Male,IT,2.7,67.3,,1.4,11.0,72.2,No,58.1,Not Placed
STU06938,Male,Commerce,3.7,70.9,7.1,9.2,9.0,59.5,Yes,47.9,Not Placed
STU00557,Female,Commerce,,78.9,5.9,3.8,8.0,47.9,No,45.2,Not Placed
STU02915,Female,Civil,0.9,66.0,5.1,,12.0,64.4,Yes,52.4,Not Placed
STU05706,Male,IT,1.6,63.7,8.0,7.0,11.0,62.4,Yes,47.8,Placed
STU05610,Male,IT,3.9,74.9,8.8,4.7,,56.3,No,61.9,Not Placed
STU09719,Female,IT,6.1,88.8,7.9,3.3,16.0,69.3,Yes,86.1,Placed
STU07656,Female,ECE,,73.6,6.6,2.4,11.0,50.5,No,48.5,Not Placed
STU05759,Male,Commerce,2.9,67.3,9.6,4.9,13.0,74.3,No,68.5,Not Placed
STU06419,Male,Commerce,5.6,100.0,4.6,2.0,20.0,81.2,Yes,88.3,Placed
STU04402,Male,CSE,5.3,70.2,6.7,4.6,15.0,47.6,Yes,53.9,Not Placed
STU01091,Male,Civil,3.3,82.2,6.6,6.5,10.0,53.8,No,54.9,Not Placed
STU08149,Male,CSE,4.4,91.6,6.4,4.5,12.0,72.5,No,70.8,Not Placed
STU07835,Female,IT,4.4,99.8,6.2,4.8,18.0,78.9,No,81.8,Placed
STU07807,Male,Civil,0.4,51.3,7.5,9.0,11.0,46.9,Yes,42.3,Not Placed
STU01842,Female,Mechanical,3.9,82.3,6.9,4.1,13.0,63.3,Yes,71.5,Placed
STU05847,Female,Civil,5.0,82.3,4.7,2.2,14.0,78.7,No,71.8,Placed
STU05673,female,Civil,6.6,89.7,6.1,5.1,13.0,63.2,No,63.1,Not Placed
STU04790,Female,CSE,4.6,84.7,7.8,2.9,15.0,67.5,Yes,69.3,Placed
STU02036,Female,IT,5.7,79.6,7.8,2.8,15.0,71.5,No,82.2,Placed
STU08126,Male,CSE,1.3,68.1,8.2,4.2,7.0,41.8,No,31.4,Not Placed
STU08324,Male,IT,4.2,83.1,5.1,4.8,16.0,73.7,Yes,67.0,Placed
STU03237,Male,CSE,3.8,80.7,8.8,5.5,14.0,82.8,No,63.3,Placed
STU08139,Female,IT,3.7,86.8,6.2,4.7,11.0,64.8,No,71.3,Placed
STU03835,Male,Mechanical,6.3,77.2,6.7,4.7,17.0,80.6,No,84.7,Placed
STU04355,Female,Commerce,1.3,71.8,7.1,6.3,11.0,51.2,Yes,52.4,Not Placed
STU01502,Female,CSE,2.6,80.9,,4.9,,,Yes,65.1,Placed
STU02747,Female,ECE,4.6,89.5,7.1,2.2,19.0,82.6,No,82.3,Placed
STU06561,Male,Mechanical,2.3,70.3,7.4,7.9,11.0,59.1,No,56.4,Not Placed
STU00148,Female,ECE,3.0,87.7,7.8,3.5,15.0,60.7,No,70.5,Not Placed
STU06540,Male,Mechanical,3.4,,6.9,7.0,11.0,54.3,No,52.7,Not Placed
STU07834,Male,CSE,6.1,82.0,6.2,3.7,13.0,57.5,Yes,87.5,Placed
STU07772,Male,CSE,5.1,81.6,6.8,4.0,8.0,,No,62.4,Not Placed
STU00209,Female,Commerce,5.3,79.4,7.0,4.1,8.0,50.0,No,73.8,Placed
STU05213,Female,CSE,4.3,70.0,5.4,5.4,11.0,59.1,No,55.1,Not Placed
STU00055,Male,Mechanical,2.3,,7.8,7.7,11.0,65.0,No,58.8,Not Placed
STU00356,Female,ECE,3.4,83.9,7.9,3.7,15.0,70.0,No,64.7,Not Placed
STU07873,Male,Mechanical,3.6,77.7,6.1,3.0,12.0,64.2,No,69.9,Placed
STU08263,Male,CSE,4.3,72.0,5.5,5.8,12.0,66.3,Yes,57.7,Not Placed
STU08812,Female,CSE,4.1,88.3,5.8,4.2,17.0,87.2,No,82.5,Placed
STU01997,Male,Commerce,4.4,80.3,5.7,2.9,11.0,68.4,Yes,62.6,Placed
STU07081,Female,Commerce,,73.3,6.1,6.1,18.0,,Yes,62.0,Not Placed
STU07047,Male,CSE,5.5,86.0,8.4,1.9,15.0,77.0,No,80.7,Placed
STU04203,Female,CSE,2.5,74.1,7.2,5.4,13.0,53.0,No,55.1,Not Placed
STU01168,M,IT,4.8,94.8,7.5,1.1,17.0,77.4,Yes,87.2,Placed
STU02846,Male,CSE,1.7,73.2,6.7,5.7,11.0,47.7,Yes,42.6,Not Placed
STU05581,Male,Mechanical,2.3,70.6,4.5,4.8,13.0,62.0,Yes,48.6,Not Placed
STU03480,Male,Civil,4.3,75.0,6.5,7.0,12.0,69.7,No,71.1,Placed
STU02468,Female,Mechanical,5.9,,6.4,3.9,13.0,62.9,Yes,71.4,Placed
STU01754,Female,MECHANICAL,3.0,71.7,7.2,5.2,10.0,51.7,No,51.8,Not Placed
STU04815,Male,Commerce,3.1,74.9,7.8,5.3,14.0,71.4,Yes,67.5,Placed
STU06201,Male,Civil,5.7,93.9,,3.8,20.0,91.5,Yes,81.4,Placed
STU04693,Female,CSE,6.3,88.1,6.6,2.5,17.0,68.6,No,81.9,Placed
STU06726,Female,Mechanical,1.7,64.3,7.2,7.5,2.0,37.7,No,32.6,Not Placed
STU08466,Male,IT,1.7,74.8,5.0,6.5,11.0,78.6,Yes,52.0,Placed
STU07072,Male,CSE,3.6,73.1,7.8,0.4,17.0,72.8,No,75.9,Not Placed
STU08643,Female,IT,3.6,67.2,7.2,4.4,9.0,48.5,Yes,45.1,Not Placed
STU05554,Female,Civil,0.8,68.7,7.6,5.5,11.0,46.9,No,42.7,Not Placed
STU03171,Female,CSE,4.4,80.6,5.5,3.1,17.0,85.2,No,85.3,Placed
STU08568,Female,Civil,3.6,,8.5,,13.0,53.1,No,58.3,Not Placed
STU02308,Male,Commerce,5.6,88.8,5.6,3.7,14.0,73.7,No,71.7,Placed
STU02668,Female,Mechanical,3.4,67.2,7.2,8.7,9.0,47.7,No,51.1,Not Placed
STU08721,Male,IT,3.7,66.4,6.6,2.8,9.0,56.4,Yes,54.3,Placed
STU07054,Male,ECE,5.5,99.4,6.3,2.7,20.0,86.5,No,88.5,Placed
STU09054,Male, CSE ,6.0,92.4,6.7,3.7,14.0,,Yes,74.6,Placed
STU03485,Female,ECE,2.9,65.9,6.3,4.6,15.0,61.1,Yes,59.9,Not Placed
STU08559,Male,CSE,4.5,75.5,5.3,6.5,15.0,52.0,No,54.2,Placed
STU00118,Female,Commerce,5.9,76.4,7.7,1.7,16.0,59.5,No,70.2,Not Placed
STU05369,Female,IT,4.1,82.5,,4.5,11.0,62.5,Yes,62.6,Placed
STU08379,Male,ECE,6.1,87.9,6.7,2.8,18.0,69.8,No,78.1,Not Placed
STU00385,Male,Commerce,0.0,59.3,7.0,6.9,6.0,33.4,Yes,23.1,Not Placed
STU05160,Male,ECE,3.9,60.7,6.6,4.7,6.0,35.6,Yes,30.3,Not Placed
STU03266,Male,IT,4.5,86.5,9.1,4.0,15.0,64.5,Yes,55.9,Placed
STU08819,Female,IT,3.5,69.0,7.7,5.1,11.0,60.1,Yes,60.5,Not Placed
STU03312,Male,IT,5.5,93.4,8.4,4.9,14.0,65.9,Yes,71.2,Placed
STU07740,Male,ECE,1.6,72.4,6.8,5.9,14.0,69.8,No,2.0,Not Placed
STU08176,Male,Civil,,65.2,7.5,5.8,8.0,51.8,Yes,49.9,Not Placed
STU01110,Female,IT,5.6,79.5,5.5,3.3,14.0,73.8,No,73.6,Placed
STU03481,Female,Commerce,3.4,,7.6,7.2,13.0,57.6,No,55.7,Not Placed
STU00976,Male,IT,0.3,54.0,6.6,4.4,6.0,49.5,No,34.6,Not Placed
STU05607,Female,CSE,,65.4,7.0,4.5,11.0,77.1,No,70.5,Placed
STU02800,Female,ECE,0.5,64.2,7.6,5.0,13.0,62.0,No,54.2,Not Placed
STU05577,Male,Commerce,2.4,70.2,7.7,4.9,14.0,62.7,No,58.8,Not Placed
STU02739,Male,Commerce,7.2,96.1,4.8,1.4,20.0,91.6,No,95.0,Placed
STU03270,Female,Commerce,3.3,67.8,5.3,4.6,,51.2,No,52.3,Not Placed
STU03377,Male,Commerce,3.7,87.7,7.3,2.6,14.0,71.4,No,78.8,Placed
STU08123,Female,Civil,3.5,72.6,6.4,6.0,12.0,50.4,Yes,57.9,Not Placed
STU07469,Male,ECE,0.7,66.4,7.6,1.7,13.0,51.4,No,51.8,Not Placed
STU01236,Female,Commerce,2.1,,6.2,7.1,9.0,50.5,Yes,42.1,Not Placed
STU03641,Male,CSE,2.1,58.4,6.1,4.9,3.0,48.4,No,46.0,Not Placed
STU07366,Male,IT,2.7,74.8,7.2,2.7,11.0,69.3,No,54.8,Placed
STU09188,Female,Commerce,1.9,61.0,5.6,5.5,8.0,57.9,Yes,48.4,Not Placed
STU00516,Female,CSE,5.8,80.4,6.2,4.0,12.0,71.8,No,74.5,Placed
STU08382,Female,Mechanical,2.6,79.9,6.7,6.7,14.0,69.5,Yes,63.7,Placed
STU07858,Female,Civil,5.1,84.5,6.4,4.3,11.0,65.1,No,62.7,Not Placed
STU07939,Male,ECE,3.5,69.5,6.0,,14.0,67.5,No,60.2,Placed
STU07839,Male,Commerce,1.9,66.4,10.0,4.0,14.0,68.4,No,56.8,Not Placed
STU08359,Female,CSE,4.6,85.3,6.8,4.2,20.0,,No,87.4,Placed
STU05184,Female,CSE,7.4,100.0,4.7,3.4,20.0,91.3,No,94.2,Placed
STU06019,Male,IT,1.7,77.2,7.1,4.9,18.0,75.7,Yes,72.2,Placed
STU06624,Male,Commerce,5.9,83.2,8.4,7.1,14.0,69.3,Yes,68.0,Placed
STU06286,Male,CSE,4.0,72.9,4.2,6.4,12.0,48.8,No,48.2,Not Placed
STU00411,Female,CSE,0.9,69.0,8.2,5.0,10.0,48.9,No,49.0,Not Placed
STU09831,Male,IT,3.2,69.8,7.9,4.9,10.0,59.7,Yes,57.6,Placed
STU09230,Male,Commerce,5.2,65.6,8.1,2.7,12.0,57.9,Yes,67.2,Placed
STU08446,Female,ECE,3.4,71.3,6.1,4.9,19.0,63.5,Yes,65.6,Placed
STU03031,Female,IT,4.1,80.3,6.7,2.2,14.0,72.6,Yes,71.1,Placed
STU05189,Female,,4.2,,,3.9,14.0,54.4,No,59.8,Not Placed
STU07070,Male,IT,,72.3,7.4,,14.0,67.2,Yes,75.9,Placed
STU08547,Female,Civil,1.3,62.0,6.6,2.9,8.0,63.7,Yes,54.9,Not Placed
STU04453,Female,IT,3.7,74.2,6.7,6.3,9.0,58.3,No,59.6,Not Placed
STU09498,Female,IT,2.8,88.0,9.6,2.4,18.0,74.8,No,68.9,Placed
STU02822,Female,ECE,3.6,70.2,7.0,5.1,14.0,51.4,No,52.3,Not Placed
STU04761,Female,IT,4.4,73.7,9.6,4.2,14.0,60.4,No,64.4,Not Placed
STU06863,Male,Mechanical,3.4,83.1,6.7,4.6,19.0,82.2,No,78.3,Placed
STU01097,Male,CSE,4.1,79.1,6.7,3.3,19.0,68.5,No,83.9,Placed
STU04155,Male,Commerce,2.1,80.5,6.3,5.0,11.0,56.2,No,56.1,Not Placed
STU01814,Male,ECE,1.9,74.6,6.7,3.8,14.0,67.4,No,65.3,Placed
STU04518,Female, Civil ,5.7,79.9,5.1,5.2,14.0,67.1,No,67.9,Placed
STU07409,Male,ECE,1.4,48.5,6.5,6.6,4.0,28.4,Yes,26.6,Not Placed
STU04594,Male,Commerce,4.3,65.4,6.5,6.5,10.0,57.4,No,53.9,Placed
STU05479,Female,Commerce,,75.7,6.2,4.2,12.0,71.3,No,66.4,Placed
STU01138,Male,Commerce,1.8,75.3,5.8,8.0,9.0,,No,36.6,Not Placed
STU02532,Male,Commerce,,72.1,6.6,0.6,17.0,73.8,Yes,75.3,Placed
STU02778,Female,IT,2.1,67.4,6.1,5.6,12.0,56.3,No,48.9,Not Placed
STU09355,Male,IT,2.9,76.7,6.7,4.3,10.0,62.3,Yes,60.3,Not Placed
STU00523,Female,Civil,3.5,77.1,8.4,4.0,14.0,74.1,No,65.7,Not Placed
STU00243,Male,Commerce,2.8,66.5,6.7,4.1,8.0,46.1,No,42.8,Not Placed
STU01898,Female,IT,2.0,77.6,6.5,7.6,15.0,62.9,No,56.4,Placed
STU06892,Female,Commerce,2.9,73.1,8.1,6.1,13.0,66.5,No,56.1,Placed
STU01726,Female,Commerce,3.1,79.1,6.9,3.9,11.0,67.5,No,60.6,Not Placed
STU08313,Male,CSE,1.7,84.0,6.5,6.4,16.0,81.0,No,60.1,Placed
STU01168,M,IT,4.8,94.8,7.5,1.1,17.0,77.4,Yes,87.2,Placed
STU09681,Female,CSE,2.4,60.0,7.2,3.9,14.0,67.6,Yes,65.2,Placed
STU01584,Female,IT,2.8,72.5,8.4,4.8,8.0,50.5,No,52.3,Not Placed
STU01155,Male,CSE,2.1,79.8,8.8,4.0,12.0,63.7,No,53.2,Not Placed
STU05218,Male,CSE,7.6,100.0,8.3,1.9,15.0,81.8,No,92.9,Placed
STU07483,Male,Mechanical,,78.3,4.4,6.8,12.0,71.5,No,61.4,Not Placed
STU05573,Male,CSE,2.2,52.7,6.7,4.4,2.0,32.6,Yes,32.0,Not Placed
STU00326,Female,Commerce,3.8,73.8,4.8,4.6,15.0,80.2,Yes,66.6,Placed
STU07077,Female,CSE,3.2,74.2,8.1,3.8,16.0,50.4,No,59.6,Placed
STU08448,Female,IT,4.8,,7.6,0.4,20.0,72.6,Yes,75.7,Placed
STU07264,Male,IT,5.7,81.8,8.4,5.8,11.0,58.9,No,64.7,Placed
STU01392,Male,Mechanical,2.2,80.4,7.0,4.6,20.0,80.3,Yes,73.1,Placed
STU05286,Male,Mechanical,5.3,84.3,7.1,4.1,16.0,55.9,No,75.3,Placed
STU04377,Male,Mechanical,2.4,65.5,7.3,4.3,10.0,39.0,No,48.6,Not Placed
STU09018,Female,Mechanical,2.1,78.2,6.5,5.2,16.0,61.6,No,55.6,Not Placed
STU01858,Female,CSE,4.7,76.6,7.1,3.7,14.0,74.7,No,71.2,Placed
STU02839,Female,Mechanical,4.2,77.6,,4.2,17.0,72.9,No,67.2,Not Placed
STU05967,Male,,4.0,69.4,5.8,6.9,9.0,53.5,Yes,48.9,Not Placed
STU09337,Male,Commerce,4.1,79.0,6.1,3.6,12.0,52.4,No,59.9,Not Placed
STU05127,Female,CSE,4.5,91.4,6.9,5.0,11.0,72.0,No,78.0,Placed
STU08858,Male,IT,5.2,81.4,6.4,1.6,20.0,70.2,Yes,86.7,Placed
STU04105,Male,Mechanical,3.8,75.2,7.5,4.1,11.0,64.2,No,63.3,Not Placed
STU05569,Male,Mechanical,2.7,62.1,6.7,4.9,9.0,62.0,No,54.4,Not Placed
STU03993,Female,CSE,3.9,64.8,7.4,3.9,15.0,67.5,Yes,68.1,Placed
STU01142,Male,Civil,1.7,58.4,8.4,5.9,5.0,39.6,No,40.6,Not Placed
STU05435,Male,CSE,4.3,73.3,7.3,3.6,9.0,49.8,No,51.9,Not Placed
STU04904,Female,Commerce,,69.6,5.5,4.7,16.0,66.3,Yes,65.3,Placed
STU02515,Female,CSE,2.2,,5.7,4.7,11.0,60.7,Yes,63.9,Not Placed
STU04259,Male,CSE,4.4,76.3,7.8,3.3,17.0,74.7,Yes,73.5,Placed
STU03781,Female,CSE,2.8,80.4,7.9,2.9,13.0,68.9,No,69.1,Not Placed
STU06666,Male,Commerce,4.9,79.2,5.7,1.3,13.0,65.5,Yes,70.6,Placed
STU02175,Female,Commerce,3.1,77.2,8.9,3.6,14.0,64.6,No,61.0,Not Placed
STU07259,Female,CSE,5.9,84.2,6.9,2.5,20.0,78.9,No,92.4,Placed
STU02293,Female,Mechanical,4.0,91.4,8.6,2.9,,75.0,No,84.8,Placed
STU09709,Female,Civil,3.2,69.1,6.1,4.9,9.0,52.1,Yes,39.5,Not Placed
STU06050,Male,CSE,3.6,59.8,8.0,4.1,7.0,,No,51.2,Not Placed
STU04017,Female,IT,5.8,100.0,6.4,0.7,20.0,82.5,Yes,85.9,Placed
STU02589,Female,CSE,4.1,80.6,6.7,5.1,13.0,67.6,Yes,70.7,Placed
STU00668,Male,Commerce,3.6,84.9,8.2,5.4,15.0,64.7,No,60.6,Placed
STU03211,male,CSE,4.4,85.0,5.9,2.6,14.0,56.3,No,59.2,Placed
STU04478,Male,Mechanical,1.0,73.0,5.7,4.4,15.0,53.8,No,49.3,Not Placed
STU00664,Male,CSE,2.0,70.7,7.6,5.6,13.0,62.1,No,53.1,Not Placed
STU03899,Male,Mechanical,3.7,71.4,7.1,5.4,11.0,54.8,No,54.3,Not Placed
STU06797,Female,ECE,3.0,74.5,9.6,5.8,12.0,,Yes,57.6,Placed
STU04153,Male,IT,3.2,78.2,7.5,2.6,12.0,63.3,No,72.8,Placed
STU04376,Male,ECE,1.4,61.8,9.6,5.5,6.0,35.3,No,30.0,Not Placed
STU06040,Female,Civil,7.2,89.0,6.8,,13.0,80.3,Yes,82.1,Placed
STU06670,Female,Civil,1.5,72.1,6.4,6.0,10.0,56.1,No,51.2,Not Placed
STU04512,Female,Commerce,3.8,85.0,6.3,7.0,9.0,64.7,No,60.0,Not Placed
STU05520,Female,CSE,3.4,73.7,6.2,2.8,8.0,37.7,Yes,46.0,Not Placed
STU00596,Male,ECE,3.8,68.6,6.8,5.8,12.0,61.6,No,49.3,Not Placed
STU02601,Female,Commerce,2.6,73.0,9.0,4.2,15.0,54.6,Yes,66.1,Placed
STU01847,Male,ECE,3.6,66.5,4.8,5.0,13.0,72.5,Yes,55.0,Placed
STU04848,Male,ECE,1.3,68.6,8.5,3.6,13.0,86.1,No,67.5,Placed
STU01058,Male,mechanical,5.5,73.8,5.4,3.4,14.0,60.3,Yes,63.7,Placed
STU08593,Male,CSE,3.8,76.4,7.8,6.3,16.0,50.1,Yes,52.6,Placed
STU01269,Male,ECE,2.3,84.9,7.7,5.4,14.0,85.1,Yes,68.3,Not Placed
STU06307,Male,CSE,0.2,62.3,6.0,7.0,4.0,41.0,Yes,35.6,Not Placed
STU02897,Male,Commerce,5.3,82.2,6.5,7.5,,,Yes,69.7,Placed
STU05330,Male,Commerce,6.0,89.8,5.9,4.9,16.0,58.8,No,66.5,Not Placed
STU05236,Male,Commerce,4.0,70.7,7.2,4.8,9.0,,Yes,56.9,Not Placed
STU08330,Male,Mechanical,1.2,88.5,7.2,,15.0,66.6,No,65.6,Not Placed
STU07565,Female,Commerce,5.3,83.0,7.4,4.4,13.0,58.9,No,60.8,Placed
STU01872,Female,ECE,2.8,73.8,4.8,6.2,12.0,42.9,Yes,47.4,Not Placed
STU08384,Male,Civil,2.1,64.9,5.4,4.5,8.0,48.5,No,49.2,Not Placed
STU02135,Male,ECE,3.7,68.7,9.0,4.4,9.0,44.4,No,48.7,Not Placed
STU07633,Female,CSE,3.0,72.2,5.4,,9.0,55.6,Yes,50.5,Placed
STU06902,Male,CSE,4.5,81.8,7.5,2.9,17.0,76.1,No,84.2,Placed
STU00514,Female,Mechanical,3.7,89.3,5.6,5.2,15.0,64.7,Yes,58.5,Not Placed
STU03547,Female,Commerce,2.6,87.2,7.4,3.4,14.0,84.4,No,66.3,Placed
STU01143,Female,CSE,0.4,,5.5,7.7,4.0,39.7,Yes,30.0,Not Placed
STU06977,Female,Commerce,2.6,69.3,8.2,7.1,12.0,60.3,No,59.1,Not Placed
STU01180,Male,CSE,2.7,70.6,8.7,5.5,17.0,78.4,Yes,65.3,Placed
STU09459,Male,Mechanical,3.2,61.0,6.5,5.5,8.0,,No,49.2,Not Placed
STU08598,Female,IT,0.0,74.5,8.1,4.5,15.0,66.7,No,61.2,Placed
STU01545,Female,CSE,4.7,100.0,9.2,3.2,17.0,72.7,Yes,76.7,Placed
STU07467,Male,CSE,3.0,75.4,6.8,4.9,12.0,47.7,Yes,54.8,Not Placed
STU06095,Female,CSE,2.4,87.8,4.4,4.2,19.0,73.9,Yes,66.6,Placed
STU08787,Male,CSE,8.3,100.0,6.2,3.5,19.0,71.3,No,87.1,Placed
STU07049,Female,Mechanical,5.1,76.6,6.1,1.2,13.0,63.4,Yes,68.6,Not Placed
STU00064,Male,CSE,4.2,82.5,6.9,4.6,13.0,75.2,No,73.4,Placed
STU02941,Female,CSE,5.9,91.9,7.7,1.3,19.0,88.7,No,98.9,Placed
STU03397,Male,Mechanical,2.7,63.9,7.3,5.0,11.0,57.1,Yes,62.3,Placed
STU00222,Male,CSE,3.0,72.0,6.6,1.2,15.0,61.0,Yes,70.8,Placed
STU01498,Male,CSE,2.5,80.9,7.2,6.2,11.0,44.0,No,50.1,Not Placed
STU00577,Male,Commerce,3.9,76.8,9.2,2.9,16.0,73.0,No,74.8,Placed
STU00583,Male,it,2.5,82.9,6.7,6.2,13.0,64.5,Yes,59.7,Placed
STU01638,Male,IT,3.1,76.0,6.8,3.8,18.0,78.8,No,64.3,Placed
STU00211,Female,Civil,2.3,,7.2,5.7,15.0,75.5,No,66.5,Placed
STU06985,Female,Mechanical,3.9,72.3,6.2,,11.0,52.1,No,58.1,Not Placed
STU08591,Female,CSE,0.5,,7.3,3.6,12.0,45.8,No,50.7,Not Placed
STU07141,Male,Mechanical,3.3,70.7,5.5,4.5,9.0,32.3,No,35.1,Not Placed
STU08670,Female,Commerce,2.8,73.1,7.1,4.3,17.0,59.9,No,66.9,Not Placed
STU05844,Female,ECE,2.7,72.6,7.8,4.8,20.0,62.6,No,71.6,Not Placed
STU05692,Female,CSE,4.1,66.1,7.0,4.6,10.0,60.2,No,57.7,Not Placed
STU00891,Female,ECE,2.7,67.7,5.1,7.0,13.0,50.6,Yes,44.0,Not Placed
STU02910,Female,Civil,3.7,86.4,5.6,3.0,15.0,65.7,No,71.3,Not Placed
STU03728,M,IT,3.9,83.1,6.0,2.6,15.0,66.3,No,59.3,Not Placed
STU02000,Female,CSE,5.2,95.6,5.8,2.0,20.0,100.0,No,99.8,Placed
STU01499,Female,Civil,5.6,76.9,6.9,3.2,13.0,78.0,Yes,76.7,Placed
STU05050,Male,IT,6.5,84.4,6.4,0.3,17.0,72.9,No,79.3,Placed
STU02394,Female,ECE,4.4,73.4,7.1,2.2,9.0,61.4,Yes,56.8,Not Placed
STU02893,Male,CSE,2.9,90.6,7.9,5.7,14.0,61.8,No,60.8,Not Placed
STU03867,Male,Civil,5.7,71.1,4.9,,12.0,54.8,Yes,63.5,Placed
STU00805,Male,ECE,5.0,85.6,6.8,5.0,18.0,78.5,No,76.3,Placed
STU03028,Male,IT,2.2,64.5,6.1,3.9,6.0,54.6,No,45.9,Not Placed
STU09419,Female,CSE,4.4,98.3,4.6,3.2,18.0,72.2,No,80.1,Placed
STU03382,Female,CSE,2.9,70.9,7.3,6.2,13.0,66.3,No,61.6,Not Placed
STU06154,Female,it,1.8,70.6,7.3,3.3,15.0,55.9,No,49.2,Not Placed
STU04927,Male,Civil,5.5,80.9,,5.5,19.0,82.6,Yes,69.8,Placed
STU09658,Female,CSE,4.0,84.0,6.7,1.8,20.0,78.0,Yes,74.2,Placed
STU04928,Male,Commerce,6.4,72.2,7.7,3.7,8.0,70.4,Yes,71.7,Placed
STU04081,Female,ECE,5.7,91.5,5.7,4.3,18.0,68.4,No,69.7,Placed
STU08634,Male,CSE,6.0,79.1,6.6,4.7,17.0,68.3,Yes,77.7,Placed
STU01286,Female,Commerce,3.7,,5.6,3.0,19.0,68.8,Yes,71.0,Placed
STU09271,Female,Commerce,3.0,77.8,8.7,3.6,14.0,58.7,No,67.8,Not Placed
STU08964,Female,IT,2.2,52.6,7.5,7.8,7.0,57.5,No,43.2,Not Placed
STU08362,Female,IT,4.7,82.8,6.6,5.5,11.0,46.2,No,61.6,Not Placed
STU06986,Male,Mechanical,5.5,86.7,6.3,4.3,14.0,66.9,No,71.6,Not Placed
STU04299,Female,IT,6.1,91.9,6.4,2.8,20.0,76.8,Yes,77.0,Placed
STU04804,Male,Civil,4.1,83.9,7.1,5.4,16.0,74.3,No,78.7,Placed
STU05550,Female,IT,2.4,72.6,7.4,5.1,11.0,55.5,No,54.1,Not Placed
STU05677,Male,CSE,0.8,51.9,7.2,5.7,5.0,46.9,No,39.5,Not Placed
STU01588,M,IT,3.4,97.3,6.0,2.7,19.0,62.1,Yes,75.4,Placed
STU00325,Male,Civil,5.7,89.1,9.4,3.7,20.0,92.8,No,82.3,Placed
STU04697,Male,IT,3.2,79.5,7.7,3.1,12.0,,No,67.7,Placed
STU00276,Female,IT,4.9,73.6,8.1,2.1,16.0,71.5,No,67.0,Not Placed
STU04097,Male,CSE,,86.3,7.6,5.5,19.0,73.9,No,83.8,Placed
STU03836,Female,CSE,3.5,71.1,7.7,2.7,11.0,71.4,No,58.7,Not Placed
STU06027,Female,IT,3.7,69.4,6.2,3.1,12.0,60.4,Yes,60.0,Placed
STU07128,Male,IT,3.5,62.8,6.8,6.1,12.0,59.3,No,53.9,Not Placed
STU00150,Male,CSE,4.9,76.6,5.9,6.4,12.0,73.9,No,66.5,Placed
STU03475,Female,Mechanical,3.8,70.0,5.5,,12.0,,No,51.5,Not Placed
STU05921,Female,ECE,1.0,70.9,6.3,4.7,15.0,62.1,No,52.7,Not Placed
STU00296,Female,CSE,3.8,88.8,7.3,3.3,11.0,57.6,No,65.5,Placed
STU07892,Female,Mechanical,6.0,73.5,7.3,3.8,11.0,60.6,No,64.4,Not Placed
STU08108,Male,CSE,4.6,90.0,6.2,3.1,20.0,75.2,Yes,77.9,Placed
STU02572,Female,Commerce,4.0,75.1,6.8,4.4,19.0,58.3,Yes,67.0,Placed
STU04317,Male,Commerce,1.4,68.6,7.1,5.1,13.0,61.6,Yes,61.6,Placed
STU05695,female,Commerce,2.5,84.0,7.2,6.1,16.0,59.1,No,54.0,Not Placed
STU03196,Female,Commerce,4.6,82.2,8.3,4.6,17.0,62.8,No,67.2,Not Placed
STU09187,Female,Civil,4.8,80.2,7.5,6.9,16.0,67.1,No,71.7,Placed
STU06568,Male,CSE,3.7,76.3,7.9,9.0,10.0,52.8,No,65.4,Not Placed
STU02387,Female,CSE,3.0,57.4,,4.7,6.0,37.7,No,37.9,Not Placed
STU08775,Female,CSE,3.3,60.4,6.3,1.9,10.0,45.7,No,53.7,Not Placed
STU07051,Male,CSE,3.0,87.5,8.8,4.6,18.0,55.3,Yes,69.2,Placed
STU05182,Female,IT,3.5,77.8,7.8,2.8,14.0,63.3,No,64.1,Placed
STU05676,Female,ECE,2.3,74.5,5.8,6.4,15.0,51.3,No,60.5,Not Placed
STU06793,Male,ECE,3.1,88.9,9.0,3.4,19.0,75.2,No,79.0,Placed
STU02154,Male,CSE,4.2,74.0,7.3,6.2,11.0,,No,42.4,Not Placed
STU05849,Male,Commerce,5.0,77.9,7.5,3.1,15.0,75.1,No,71.4,Placed
STU07231,Female,IT,3.2,73.4,5.7,5.3,11.0,48.3,Yes,46.0,Not Placed
STU06913,Male,IT,,77.9,4.5,4.3,16.0,56.7,No,60.9,Placed
STU01874,Female,Commerce,6.5,72.9,5.7,5.5,15.0,,No,55.4,Not Placed
STU00048,Female,Mechanical,4.9,85.9,8.4,2.1,17.0,64.0,Yes,75.1,Placed
STU02769,Male,CSE,4.1,71.9,7.1,2.9,16.0,70.7,No,76.5,Not Placed
STU06627,Female,Mechanical,3.4,89.9,6.6,6.3,19.0,63.8,Yes,63.2,Not Placed
STU00180,Female,IT,2.3,71.7,8.4,3.2,14.0,57.1,Yes,58.9,Placed
STU06132,Female,Commerce,4.3,66.5,5.2,3.9,13.0,56.2,Yes,53.4,Placed
STU05728,Female,Mechanical,0.8,61.3,8.5,5.5,10.0,58.5,No,37.6,Not Placed
STU03319,Female,CSE,2.9,96.1,7.8,0.3,20.0,61.6,Yes,65.0,Placed
STU03215,Female,CSE,4.4,,7.2,4.9,17.0,61.5,No,73.9,Placed
STU03660,Female,CSE,3.6,78.2,4.7,5.4,14.0,66.4,No,54.5,Placed
STU06429,Male,CSE,6.3,87.7,6.2,2.9,18.0,75.4,No,75.2,Placed
STU09252,Female,Commerce,,60.4,,3.9,5.0,54.7,Yes,39.4,Not Placed
STU09144,Male,CSE,4.1,,6.2,4.6,13.0,65.6,Yes,66.2,Placed
STU06421,Female,CSE,1.8,81.2,5.7,1.0,12.0,55.0,No,64.5,Placed
STU03571,Male,CSE,4.0,79.6,8.1,5.3,17.0,68.6,No,72.4,Placed
STU04218,Male,IT,3.4,73.8,7.8,5.4,10.0,69.6,No,59.8,Not Placed
STU07514,Female,ECE,2.9,77.8,7.8,4.8,16.0,64.2,No,68.0,Not Placed
STU02655,Male,Mechanical,3.1,81.0,7.0,4.9,15.0,73.3,No,73.7,Not Placed
STU05072,Male,CSE,3.3,71.9,7.0,6.0,13.0,68.1,No,78.4,Placed
STU03966,Female,Commerce,4.4,76.6,8.1,7.2,10.0,50.1,Yes,55.6,Not Placed
STU03354,Female,Mechanical,2.1,75.6,5.7,6.5,12.0,55.1,Yes,48.8,Not Placed
STU09804,Female,ECE,0.0,46.9,6.1,7.5,,48.2,Yes,18.5,Not Placed
STU05417,Male,CSE,4.7,73.8,5.5,1.3,16.0,73.3,No,77.4,Placed
STU03847,Male,CSE,3.5,72.5,5.7,5.7,11.0,59.7,No,55.5,Not Placed
STU00223,Female,CSE,3.0,71.1,6.7,4.4,19.0,74.4,No,71.4,Placed
STU06173,Female,ECE,2.8,85.5,7.0,6.8,12.0,51.7,Yes,53.4,Not Placed
STU04248,Female,CSE,2.7,65.4,9.6,3.8,15.0,79.4,No,63.0,Placed
STU04943,Female,IT,2.9,61.8,6.1,4.4,12.0,59.6,No,48.4,Not Placed
STU06166,Male,CSE,5.3,76.7,9.6,2.8,16.0,62.8,No,69.1,Placed
STU02496,Female,CSE,2.8,93.3,,4.1,18.0,90.4,No,74.8,Placed
STU00163,Female,IT,4.1,86.4,6.5,1.9,20.0,89.4,No,77.5,Placed
STU08480,Female,IT,2.9,86.6,7.2,3.3,10.0,60.0,No,62.6,Not Placed
STU06817,Female,Commerce,3.1,72.2,5.0,5.3,12.0,59.7,No,52.4,Not Placed
STU03203,Male,Civil,5.8,88.3,7.6,1.2,13.0,50.5,Yes,69.1,Placed
STU06091,Male,Mechanical,1.7,,5.2,5.3,16.0,75.1,No,59.5,Placed
STU04702,Female,Mechanical,3.0,71.0,7.9,6.0,,59.7,No,45.6,Not Placed
STU03595,Male,CSE,1.1,,5.3,4.7,12.0,57.7,No,45.9,Not Placed
STU08390,Female,IT,7.4,84.0,5.7,3.5,16.0,78.2,Yes,78.1,Placed
STU09235,Male,ECE,4.2,88.9,6.4,4.4,16.0,63.3,No,71.5,Placed
STU02396,Male,CSE,0.0,45.1,7.0,4.2,7.0,54.2,Yes,36.9,Placed
STU03767,Female,CSE,1.6,80.3,8.5,5.1,20.0,70.3,No,62.5,Placed
STU03975,Female,Mechanical,1.5,68.8,4.7,5.1,11.0,63.0,No,49.1,Not Placed
STU07645,Male,CSE,3.1,83.9,6.4,2.5,16.0,56.5,No,64.4,Placed
STU06981,Female,Mechanical,4.2,79.1,5.2,5.2,17.0,74.5,No,67.7,Placed
STU05106,Male,Commerce,3.9,62.5,6.4,8.1,8.0,60.5,Yes,56.2,Not Placed
STU06229,Female,IT,2.9,66.9,7.5,3.3,11.0,50.2,No,46.4,Not Placed
STU02591,Male,Commerce,4.9,74.0,6.7,3.1,14.0,58.5,Yes,61.1,Placed
STU01911,Male,Civil,1.7,62.5,6.7,3.8,8.0,52.7,Yes,46.9,Not Placed
STU00995,Female,IT,5.1,72.6,7.4,5.3,15.0,39.8,No,50.2,Not Placed
STU07455,Female,ECE,,67.0,7.2,3.9,11.0,59.0,Yes,46.4,Not Placed
STU03588,Male,Commerce,3.1,78.1,5.9,,17.0,68.0,No,59.3,Placed
STU06846,Female,ECE,2.6,85.2,8.3,6.6,14.0,61.9,No,61.4,Placed
STU04923,Male,IT,2.6,77.2,7.2,1.9,14.0,72.1,No,70.3,Placed
STU02587,Female,IT,3.0,73.9,5.1,4.8,15.0,53.5,No,47.9,Not Placed
STU04446,Male,Civil,1.9,63.3,7.2,4.7,4.0,42.7,No,42.5,Not Placed
STU04747,Male,IT,,77.2,7.1,4.2,15.0,91.4,Yes,76.4,Placed
STU09940,Female,CSE,2.7,53.1,8.6,7.2,9.0,37.0,Yes,40.7,Not Placed
STU04459,Female,ECE,4.1,54.0,6.7,5.4,10.0,61.5,No,57.2,Not Placed
STU05722,Male,CSE,3.2,70.9,6.7,4.9,13.0,71.8,No,55.3,Not Placed
STU06185,Male,CSE,5.7,78.2,7.3,2.7,17.0,76.5,Yes,76.3,Placed
STU09662,Male,Commerce,3.0,70.2,6.7,2.4,12.0,52.7,Yes,57.3,Not Placed
STU09581,Male,Mechanical,3.8,79.1,6.3,6.4,15.0,56.2,Yes,56.4,Not Placed
STU07368,Male,CSE,3.8,91.5,6.2,2.8,11.0,75.4,No,74.1,Not Placed
STU00047,Female,CSE,3.8,74.2,7.7,3.3,14.0,67.7,No,63.7,Not Placed
STU09925,Female,CSE,3.5,81.3,5.8,4.6,13.0,69.7,No,59.7,Placed
STU04709,Male,ECE,3.2,78.1,7.1,5.8,11.0,49.4,No,58.9,Not Placed
STU09475,Male,Civil,0.0,66.0,8.8,4.1,7.0,62.2,No,48.9,Not Placed
STU08495,Female,CSE,3.6,76.7,7.5,2.5,10.0,62.3,No,46.2,Not Placed
STU09291,Male,Commerce,3.4,74.8,6.6,6.5,8.0,48.3,Yes,54.7,Not Placed
STU03542,Female,Mechanical,3.7,84.8,4.7,4.1,14.0,71.9,Yes,66.3,Placed
STU05216,Male,Civil,2.4,64.0,6.2,4.1,10.0,56.0,No,52.7,Not Placed
STU00393,Female,Civil,1.8,74.7,6.8,6.8,12.0,64.5,Yes,54.9,Not Placed
STU09590,Female,ECE,3.4,88.1,6.5,6.2,14.0,65.6,No,64.0,Placed
STU08130,Male,Mechanical,2.6,62.9,7.9,6.1,12.0,54.4,No,43.6,Not Placed
STU01990,Female,CSE,0.3,59.5,7.4,8.1,11.0,46.9,Yes,47.6,Not Placed
STU05639,Male,CSE,0.0,76.1,,5.6,16.0,62.9,Yes,58.8,Placed
STU03330,Male,Mechanical,1.8,75.8,8.5,6.1,14.0,58.2,Yes,53.6,Not Placed
STU09150,Male,Mechanical,2.9,81.2,6.4,6.1,11.0,59.9,Yes,57.7,Not Placed
STU03222,Male,CSE,2.6,80.4,6.0,2.8,15.0,61.9,No,64.6,Placed
STU09523,Female,Mechanical,3.3,59.3,7.5,6.1,15.0,84.0,Yes,77.2,Placed
STU03911,Male,Commerce,5.7,88.9,5.2,1.6,18.0,78.1,Yes,73.5,Placed
STU04244,Male,Mechanical,2.7,66.9,5.2,7.2,11.0,55.3,Yes,49.2,Not Placed
STU07222,Female,ECE,5.5,82.4,6.9,4.7,15.0,68.9,Yes,74.6,Placed
STU02245,Female,IT,,83.7,5.0,1.6,17.0,70.8,No,65.1,Placed
STU00117,Male,ECE,2.0,70.4,7.9,0.4,12.0,73.7,No,73.4,Placed
STU07027,Female,CSE,4.3,89.7,6.2,3.2,16.0,87.9,No,76.3,Placed
STU04366,Male,CSE,6.2,89.9,7.8,7.1,19.0,66.9,Yes,84.0,Placed
STU00616,Female,Mechanical,3.3,,7.3,6.4,4.0,43.8,No,45.5,Not Placed
STU08163,Female,CSE,3.5,80.6,4.5,5.1,11.0,58.1,Yes,54.0,Not Placed
STU08138,Female,Mechanical,2.9,72.9,6.1,,17.0,70.3,No,64.7,Placed
STU02388,Female,Commerce,3.4,75.7,7.6,3.9,15.0,64.5,Yes,67.4,Placed
STU00876,Male,Mechanical,1.5,66.1,6.4,4.6,7.0,39.1,No,44.3,Not Placed
STU04197,Female,CSE,3.9,78.6,6.5,,16.0,51.8,No,55.6,Not Placed
STU04725,Male,ECE,2.8,75.1,6.6,2.3,11.0,75.4,No,62.2,Placed
STU01662,Male,CSE,2.3,63.1,7.3,5.5,5.0,55.0,No,54.8,Not Placed
STU02817,Male,Civil,1.4,72.2,7.6,4.2,9.0,46.7,Yes,48.7,Not Placed
STU08439,Male,IT,4.5,91.0,6.2,3.7,16.0,70.1,No,84.1,Placed
STU09328,Male,Commerce,5.6,84.8,5.0,2.8,15.0,76.4,Yes,63.5,Placed
STU07274,Female,CSE,3.1,75.9,5.7,8.0,16.0,63.8,No,61.9,Placed
STU05744,Female,CSE,1.9,75.4,6.0,5.3,18.0,69.2,No,66.1,Placed
STU07736,Male,IT,1.4,73.0,8.9,4.4,12.0,54.0,Yes,49.1,Placed
STU08494,Male,Commerce,3.2,67.4,8.7,4.3,15.0,71.5,Yes,65.8,Placed
STU00719,Male,Mechanical,5.0,66.4,,4.7,10.0,46.2,Yes,54.5,Placed
STU07825,Male,CSE,4.1,81.5,6.6,5.2,7.0,45.2,Yes,56.7,Placed
STU01166,Female,IT,1.8,58.8,5.8,9.2,10.0,42.5,No,33.2,Not Placed
STU04028,Female,it,2.7,77.9,7.3,4.6,16.0,65.7,No,66.3,Placed
STU05313,Female,Civil,5.9,86.7,,3.6,14.0,69.6,No,70.1,Not Placed
STU05524,Female,IT,3.8,80.7,7.7,4.8,14.0,68.0,Yes,72.8,Not Placed
STU00739,Female,ECE,1.8,54.4,7.1,5.0,3.0,46.8,No,36.1,Not Placed
STU00159,Male,IT,4.0,77.6,7.5,4.2,11.0,55.5,Yes,52.3,Not Placed
STU04076,Female,CSE,4.2,71.5,4.8,5.8,6.0,52.8,No,44.5,Not Placed
STU02863,Female,CSE,4.8,64.6,6.6,6.5,11.0,48.5,No,47.7,Not Placed
STU07316,Male, Mechanical ,5.0,79.2,6.6,5.7,10.0,53.6,Yes,65.1,Not Placed
STU07465,Male,IT,3.3,80.0,5.2,4.1,15.0,74.8,No,63.7,Placed
STU01773,Female,CSE,1.5,62.8,4.5,4.7,11.0,42.6,Yes,40.3,Not Placed
STU02432,Female,CSE,6.1,89.9,6.6,3.4,17.0,85.0,No,84.0,Placed
STU09838,Female,ECE,2.2,51.3,6.3,5.7,13.0,59.8,No,47.1,Not Placed
STU04069,Female,ECE,4.0,77.5,3.4,2.6,13.0,59.1,No,49.4,Not Placed
STU01783,Female,ECE,2.6,74.3,6.8,5.0,3.0,29.7,Yes,33.5,Not Placed
STU06066,Female,ECE,4.2,93.6,7.6,2.2,11.0,55.3,Yes,69.9,Not Placed
STU04655,Female,IT,2.3,82.6,7.1,5.8,18.0,69.4,No,76.3,Placed
STU01437,Female,ECE,4.5,76.2,6.5,4.7,14.0,51.1,No,56.8,Not Placed
STU06183,Male,Civil,0.0,57.7,7.0,8.9,4.0,48.8,No,32.0,Not Placed
STU06563,Male,CSE,3.7,78.9,6.3,4.8,16.0,61.9,Yes,66.7,Placed
STU03853,Female,Civil,5.1,61.6,6.3,4.0,14.0,41.4,No,57.7,Not Placed
STU03303,Male,CSE,7.2,91.1,7.1,,20.0,79.1,Yes,85.6,Placed
STU09904,Male,ECE,2.8,82.2,5.9,5.5,16.0,58.1,Yes,62.3,Not Placed
STU09062,Male,Commerce,5.1,94.1,,4.1,18.0,72.5,Yes,61.5,Placed
STU02475,Female,ECE,0.8,,5.1,5.8,7.0,47.6,Yes,33.5,Not Placed
STU05875,Female,ECE,1.7,57.0,7.0,4.2,8.0,34.4,Yes,40.5,Not Placed
STU08496,Female,Mechanical,4.6,77.6,5.9,6.0,13.0,58.7,No,62.9,Not Placed
STU06402,Male,CSE,5.6,82.7,7.9,4.5,9.0,,No,60.7,Not Placed
STU02238,Male,CSE,1.5,66.1,7.1,5.8,14.0,,Yes,61.7,Placed
STU09500,Male,Mechanical,0.7,63.4,,3.6,13.0,52.6,No,44.9,Not Placed
STU04688,Female,CSE,3.2,56.6,5.6,5.0,8.0,,No,39.1,Not Placed
STU04665,Male,CSE,6.7,100.0,4.8,3.9,20.0,98.4,No,94.0,Placed
STU05587,Female,CSE,3.6,66.6,6.3,4.0,,53.3,Yes,51.1,Not Placed
STU00941,Female,CSE,4.0,70.2,8.6,3.8,15.0,58.2,Yes,58.7,Not Placed
STU04189,Female,Mechanical,,62.7,8.1,2.5,12.0,47.9,No,50.5,Not Placed
STU07040,Male,CSE,5.6,60.6,7.1,6.7,12.0,45.6,No,56.4,Not Placed
STU06603,Male,Mechanical,3.9,78.5,5.3,2.4,17.0,,Yes,69.6,Placed
STU01921,Female,Commerce,1.2,54.3,6.1,5.9,7.0,54.8,No,50.4,Not Placed
STU02662,Female,CSE,2.2,70.7,6.4,5.3,14.0,57.3,No,51.7,Not Placed
STU09003,Female,IT,4.3,83.7,6.1,,14.0,,No,73.2,Placed
STU02092,Male,CSE,4.5,69.4,7.0,6.0,16.0,70.2,No,65.4,Placed
STU03577,Male,Civil,4.6,,6.6,4.4,12.0,58.0,No,67.2,Placed
STU01114,Female,ECE,5.1,70.5,7.3,2.9,16.0,59.8,No,72.5,Not Placed
STU07513,Male,ECE,3.1,85.1,6.8,3.6,17.0,68.1,No,64.5,Not Placed
STU02336,Male,ECE,4.8,75.5,7.4,3.5,15.0,69.0,No,78.7,Placed
STU00686,Female,Commerce,1.3,59.3,,6.4,13.0,57.9,Yes,48.3,Not Placed
STU04669,Female,MECHANICAL,4.4,87.0,7.5,2.4,20.0,69.0,Yes,72.3,Placed
STU09350,Female,Civil,1.8,62.0,7.5,3.0,10.0,65.7,No,55.9,Placed
STU03484,Female,Commerce,4.3,85.4,6.2,5.6,19.0,68.6,Yes,68.0,Placed
STU08162,Male,Civil,3.9,88.7,6.2,1.0,16.0,75.0,Yes,73.6,Placed
STU05081,Male,CSE,3.4,67.0,5.3,5.3,10.0,42.8,No,45.2,Not Placed
STU02282,Female,Mechanical,3.9,74.5,8.3,1.0,16.0,58.1,Yes,65.5,Not Placed
STU04005,Female,CSE,6.4,100.0,6.6,1.2,15.0,77.9,No,86.0,Placed
STU01635,Male,Commerce,5.1,91.0,7.0,5.9,14.0,56.2,No,74.4,Not Placed
STU07351,Male,IT,6.1,,7.6,3.2,20.0,,No,75.5,Placed
STU08601,Male,Civil,5.7,83.6,6.4,4.3,18.0,66.4,No,75.4,Placed
STU05463,Male,Mechanical,0.8,58.9,7.9,4.6,14.0,51.0,No,55.0,Not Placed
STU00485,Male,Commerce,1.3,70.1,8.1,3.8,17.0,48.2,No,55.4,Not Placed
STU05646,M,Commerce,1.5,50.3,6.0,4.4,,49.7,No,40.9,Not Placed
STU07764,Female,CSE,2.2,78.8,5.5,5.0,16.0,,No,56.2,Not Placed
STU01096,Male,IT,4.2,86.5,8.4,4.7,19.0,63.7,Yes,60.2,Placed
STU05616,Female,ECE,0.7,64.4,6.8,4.2,9.0,62.6,No,41.5,Not Placed
STU02681,Female,Commerce,3.0,76.9,7.5,5.3,17.0,73.6,Yes,67.6,Placed
STU01084,Female,Civil,2.4,67.4,8.6,5.0,15.0,76.8,Yes,63.4,Placed
STU03334,Male,,0.5,63.4,,6.5,10.0,69.8,No,55.2,Not Placed
STU08312,Female,Mechanical,,87.0,7.1,5.4,19.0,69.3,No,59.7,Not Placed
STU00734,Female,CSE,2.4,74.5,8.4,7.3,14.0,58.6,Yes,53.9,Placed
STU01418,Male,Mechanical,4.3,90.4,4.9,3.1,16.0,69.7,No,69.7,Placed
STU08273,Female,Civil,3.9,93.9,6.9,5.5,20.0,85.5,Yes,80.7,Placed
STU02430,Female,CSE,1.4,81.4,5.9,2.9,17.0,88.3,No,72.2,Placed
STU01067,Male,CSE,3.4,66.6,6.2,5.9,11.0,42.9,Yes,48.1,Not Placed
STU01901,Female,IT,5.4,74.2,7.4,6.1,9.0,52.0,Yes,58.3,Not Placed
STU07016,Female,Mechanical,4.4,73.0,5.6,2.1,15.0,66.8,No,69.0,Placed
STU00972,Male,CSE,3.5,66.0,5.9,,13.0,61.0,No,62.5,Not Placed
STU07967,Female,ECE,1.7,74.7,6.3,,14.0,63.0,No,53.6,Not Placed
STU05243,Female,IT,3.0,71.2,5.8,3.8,14.0,64.3,No,61.6,Placed
STU00188,Male,Commerce,4.0,73.7,7.1,4.0,13.0,43.9,No,52.7,Not Placed
STU04065,Male,,3.6,63.8,5.8,2.9,9.0,51.3,Yes,54.7,Placed
STU01755,Male,ECE,5.0,90.1,8.5,4.1,15.0,84.4,No,76.0,Placed
STU04763,Male,CSE,3.3,74.4,,4.8,13.0,62.0,No,69.4,Not Placed
STU07849,Male,Mechanical,0.8,45.2,8.4,6.3,7.0,42.6,Yes,37.8,Not Placed
STU04545,Female,CSE,4.5,82.6,8.1,3.7,11.0,67.4,Yes,69.7,Placed
STU09442,Male,Commerce,0.5,48.3,4.2,5.2,9.0,,No,40.3,Not Placed
STU00831,F,Mechanical,4.7,66.8,6.5,2.0,14.0,60.7,No,69.6,Placed
STU05295,Male,CSE,5.8,78.2,6.6,3.9,14.0,64.5,Yes,75.2,Not Placed
STU05495,Female,CSE,4.5,80.5,6.4,7.5,14.0,66.2,Yes,56.7,Placed
STU01926,Male,Civil,0.3,59.9,8.5,6.9,9.0,45.4,No,38.5,Not Placed
STU09224,Male,ECE,3.0,56.3,6.5,2.2,5.0,51.7,Yes,54.5,Not Placed
STU08381,Female,IT,4.2,58.8,7.9,5.2,7.0,50.3,Yes,47.1,Not Placed
STU07829,Male,IT,3.2,82.8,5.9,3.7,20.0,68.6,Yes,72.6,Placed
STU02927,Male,IT,3.2,79.1,6.2,4.0,15.0,71.6,No,71.4,Placed
STU04774,Male,ECE,2.6,74.8,8.3,6.2,14.0,62.7,Yes,59.8,Placed
STU07562,Female,Commerce,4.8,88.4,8.1,2.9,9.0,47.4,No,64.5,Not Placed
STU02645,Female,CSE,4.9,91.8,8.3,5.4,19.0,82.2,Yes,75.1,Placed
STU09051,Female,ECE,0.5,60.5,6.7,4.6,6.0,56.6,No,39.2,Not Placed
STU06063,Female,Commerce,2.9,72.9,7.4,4.9,11.0,56.4,No,56.5,Not Placed
STU04981,Male,CSE,4.5,93.8,7.3,1.0,15.0,85.6,No,78.8,Placed
STU00054,Male,ECE,3.5,73.4,8.2,3.8,12.0,66.0,No,57.0,Not Placed
STU06810,Female,IT,3.1,71.9,6.9,3.1,13.0,53.8,Yes,57.0,Not Placed
STU02457,Female,CSE,4.4,69.6,6.5,2.6,20.0,59.7,No,76.6,Placed
STU09747,Female,Mechanical,1.0,57.4,,6.6,6.0,46.3,Yes,35.8,Not Placed
STU06022,Female,ECE,1.8,63.9,,6.1,4.0,49.3,No,29.8,Not Placed
STU08378,Female,CSE,1.3,75.5,10.0,4.9,12.0,52.1,No,41.9,Not Placed
STU08841,Female,CSE,1.9,56.5,6.0,7.0,,36.7,No,34.7,Not Placed
STU03022,Male,Commerce,4.0,86.0,6.5,4.8,12.0,78.3,No,79.1,Placed
STU09499,Female,Mechanical,3.5,89.9,7.2,4.0,16.0,77.5,Yes,79.7,Placed
STU06706,Female,IT,4.9,82.6,8.1,2.6,13.0,57.6,No,72.1,Not Placed
STU00564,Female,it,0.0,49.9,5.4,3.4,9.0,50.3,No,37.7,Not Placed
STU00912,Female,Civil,3.1,78.6,5.0,5.1,13.0,65.0,No,61.6,Placed
STU06169,Male,CSE,,84.3,6.4,3.4,16.0,52.1,Yes,63.4,Placed
STU05917,Female,IT,3.3,64.7,4.2,4.3,13.0,71.4,No,63.1,Placed
STU07418,Male,IT,2.1,71.1,7.7,5.1,6.0,46.0,No,45.7,Not Placed
STU08197,Male,CSE,3.1,66.3,7.7,4.6,14.0,66.1,No,70.6,Placed
STU05891,Female,CSE,4.5,88.5,6.1,3.0,16.0,82.2,Yes,80.1,Placed
STU06961,Female,ECE,0.8,50.6,8.2,8.7,6.0,35.7,Yes,34.2,Not Placed
STU01057,Female,Commerce,5.4,77.9,8.4,3.4,11.0,60.3,Yes,72.6,Placed
STU00541,Female,ECE,2.1,53.3,6.3,6.3,,35.7,No,41.6,Not Placed
STU06408,Female,Commerce,5.1,81.9,5.7,3.1,9.0,50.2,Yes,52.4,Not Placed
STU06503,Female,Civil,6.6,100.0,7.5,2.7,20.0,100.0,Yes,97.6,Placed
STU08371,Female,CSE,2.7,71.9,5.1,3.8,15.0,73.2,Yes,53.7,Placed
STU07547,Male,CSE,2.6,73.4,5.1,4.3,15.0,61.8,No,68.6,Not Placed
STU09421,Male,Civil,0.0,65.4,6.9,3.9,8.0,43.6,No,37.5,Not Placed
STU06460,Female,Mechanical,2.9,81.7,7.1,3.6,17.0,71.0,No,68.1,Placed
STU09609,Female,Mechanical,6.0,84.4,7.4,2.2,16.0,95.7,Yes,89.8,Placed
STU03369,Male,CSE,0.0,65.0,,7.9,12.0,68.2,No,51.9,Not Placed
STU03709,Female,ECE,3.3,77.7,7.1,0.8,9.0,,No,72.8,Placed
STU01178,Male,Commerce,1.3,70.2,6.1,3.8,,72.7,Yes,58.6,Not Placed
STU00246,Female,IT,3.9,56.1,8.7,6.7,8.0,57.7,No,42.4,Not Placed
STU02540,Female,Mechanical,1.0,68.0,8.2,4.6,14.0,,Yes,55.3,Not Placed
STU07985,Female,CSE,4.7,90.1,5.9,6.9,13.0,82.8,Yes,79.9,Placed
STU05699,Male,IT,3.7,64.7,6.5,2.5,9.0,49.3,No,53.2,Not Placed
STU08522,Male,CSE,6.2,71.6,8.7,3.1,10.0,60.9,No,63.5,Placed
STU05561,Male,CSE,4.6,77.6,7.5,4.1,14.0,74.0,No,79.4,Placed
STU08019,Male,Commerce,2.7,81.0,6.4,4.6,20.0,85.8,No,76.4,Placed
STU09903,Female,CSE,4.9,92.8,9.0,3.2,16.0,76.8,Yes,78.0,Placed
STU02335,M,CSE,2.5,73.4,4.9,7.0,8.0,58.8,No,48.0,Not Placed
STU06940,Female,Civil,4.6,72.3,6.9,4.0,12.0,59.4,Yes,61.0,Placed
STU05348,Female,CSE,4.7,85.2,7.2,3.3,19.0,79.5,Yes,84.6,Placed
STU01355,Female,CSE,6.3,100.0,8.5,4.3,20.0,83.4,No,87.7,Placed
STU00043,Female,MECHANICAL,2.6,63.6,6.2,4.8,7.0,60.0,Yes,54.9,Not Placed
STU03243,Female,Commerce,5.5,68.6,6.0,5.6,12.0,72.5,Yes,55.0,Placed
STU01897,Female,Civil,3.3,53.1,7.6,6.2,8.0,31.0,No,44.6,Not Placed
STU07992,Male,Civil,1.9,73.9,5.1,5.2,11.0,61.8,Yes,54.1,Not Placed
STU05493,Female,,2.5,68.4,6.0,6.5,12.0,58.3,Yes,52.2,Placed
STU08111,Female,IT,3.5,73.5,5.6,4.4,11.0,62.5,No,61.9,Placed
STU09529,Female,CSE,1.1,67.1,6.7,4.0,13.0,76.6,No,60.3,Placed
STU08588,Male,CSE,0.5,67.6,5.4,6.2,13.0,59.5,No,45.9,Not Placed
STU01403,Female, IT ,2.6,73.7,6.4,6.5,15.0,60.4,Yes,56.1,Placed
STU06274,Female,ECE,2.9,92.2,7.8,2.6,20.0,97.2,Yes,91.8,Placed
STU08401,Male,Civil,0.9,73.7,7.5,5.4,9.0,51.9,Yes,47.4,Not Placed
STU08020,Male,CSE,6.3,71.2,7.3,3.0,14.0,52.7,No,78.7,Placed
STU02902,Female, CSE ,2.1,,6.9,,3.0,62.7,Yes,44.5,Not Placed
STU02173,Female,CSE,3.6,78.1,6.1,,14.0,53.5,Yes,59.6,Placed
STU07846,Female,Commerce,1.5,75.0,6.6,6.0,18.0,69.5,No,71.1,Placed
STU05352,Male,CSE,5.4,85.3,7.3,5.2,17.0,78.1,No,77.2,Placed
STU04399,Male,ECE,2.6,60.5,5.1,5.6,13.0,47.1,No,45.4,Not Placed
STU09752,Female,Commerce,2.2,92.4,6.9,6.8,19.0,68.9,No,66.4,Not Placed
STU00422,Male,Mechanical,4.2,77.4,5.4,2.7,11.0,53.1,Yes,59.5,Placed
STU07192,Female,ECE,1.6,54.3,6.9,2.0,8.0,50.1,Yes,51.6,Placed
STU08608,Female,CSE,0.5,67.0,5.3,6.0,11.0,38.8,Yes,38.4,Not Placed
STU07526,Female,Mechanical,5.2,97.2,6.5,5.0,20.0,79.6,Yes,81.6,Placed
STU06427,Male,Commerce,4.5,97.6,6.7,3.1,20.0,87.2,No,88.8,Placed
STU02884,Female,ECE,4.7,89.4,8.7,4.3,17.0,83.1,No,67.4,Placed
STU04048,Male,ECE,3.6,69.1,6.7,3.8,12.0,71.1,No,64.1,Placed
STU05611,Male,IT,2.6,67.7,5.5,2.1,17.0,,No,68.2,Placed
STU00131,Female,Mechanical,2.3,60.8,7.5,3.0,15.0,64.5,No,67.4,Placed
STU04715,Male, Commerce ,5.2,81.3,7.2,6.7,9.0,47.0,Yes,61.0,Not Placed
STU06107,Male,ECE,0.9,58.4,7.4,4.8,15.0,62.9,Yes,45.2,Not Placed
STU07990,Female,ECE,3.2,,,5.2,13.0,56.2,No,53.9,Not Placed
STU07341,Female,IT,0.0,71.5,7.5,5.9,10.0,33.1,Yes,30.0,Not Placed
STU07177,Female,ECE,6.3,77.0,,,12.0,69.1,Yes,71.2,Placed
STU05066,Male,CSE,3.3,82.3,5.4,5.7,14.0,65.8,No,60.4,Placed
STU04022,Male,CSE,3.7,84.2,5.7,4.7,14.0,58.9,No,66.4,Placed
STU03854,Male,CSE,,81.6,5.1,5.6,13.0,69.2,No,60.5,Not Placed
STU04601,Male,IT,4.2,91.6,3.6,2.9,17.0,72.8,No,81.6,Placed
STU07187,Male,Civil,2.8,79.0,5.6,6.1,7.0,65.6,Yes,52.6,Not Placed
STU08685,Male,Civil,5.9,100.0,7.8,0.6,20.0,72.0,No,93.8,Placed
STU03919,Female,IT,,72.8,9.5,5.4,14.0,67.4,Yes,58.1,Placed
STU07916,Male,Commerce,1.9,82.7,7.2,2.4,16.0,52.3,No,64.9,Not Placed
STU04931,Male,Mechanical,1.9,79.4,7.5,3.9,17.0,81.6,No,73.2,Placed
STU08441,Male,IT,4.3,76.5,6.6,3.7,10.0,56.2,No,56.3,Not Placed
STU06118,Female,CSE,2.6,63.9,5.8,5.7,8.0,42.1,Yes,42.0,Not Placed
STU00248,Female,Mechanical,5.9,92.3,7.8,3.1,,90.1,Yes,98.2,Placed
STU07549,Female,Civil,3.1,84.0,8.4,,14.0,71.5,No,62.2,Not Placed
STU09185,Female,Civil,1.4,71.2,6.9,4.2,14.0,,No,56.9,Not Placed
STU06640,Female,IT,6.7,84.5,5.6,4.5,18.0,58.3,No,63.8,Placed
STU03132,Male,CSE,4.2,85.8,,2.9,10.0,64.2,No,68.8,Not Placed
STU07068,Female,Civil,,68.0,7.8,9.7,5.0,44.0,No,40.9,Not Placed
STU08135,male,CSE,2.9,62.1,8.1,5.6,15.0,79.6,Yes,69.6,Placed
STU07321,Male,Civil,0.6,51.0,8.6,7.3,5.0,29.2,No,28.9,Not Placed
STU09729,Male,ECE,0.8,69.0,6.8,6.5,10.0,43.9,No,45.5,Not Placed
STU06621,Male,CSE,2.9,76.0,5.7,5.8,17.0,55.1,Yes,57.7,Placed
STU05110,Male,IT,3.4,63.6,4.8,4.2,11.0,58.6,Yes,56.4,Placed
STU02421,Male,CSE,2.5,62.6,7.0,5.8,3.0,47.7,No,32.5,Not Placed
STU09234,Male,CSE,0.0,,7.3,4.8,6.0,44.3,Yes,37.6,Not Placed
STU03654,Male,Commerce,5.7,91.6,7.4,5.7,17.0,66.0,No,72.8,Placed
STU00893,Male,Mechanical,4.3,88.4,5.3,3.0,16.0,54.0,Yes,72.0,Placed
STU01336,Female,cse,5.7,86.0,6.8,2.0,20.0,74.0,Yes,92.4,Placed
STU03340,Male,Commerce,,81.6,6.8,3.6,10.0,37.2,No,52.1,Not Placed
STU03917,Male,CSE,4.3,71.1,6.2,3.4,16.0,66.0,No,78.2,Not Placed
STU04664,Male,ECE,2.6,75.3,5.6,4.8,11.0,57.1,No,58.1,Not Placed
STU00397,Female,ECE,3.9,88.9,8.0,5.9,18.0,,Yes,70.3,Placed
STU07683,Male,ECE,2.4,64.1,9.1,3.9,12.0,72.6,No,54.3,Not Placed
STU08533,Male,,2.3,69.0,6.1,4.9,13.0,57.6,No,44.5,Not Placed
STU02129,Male,Mechanical,5.2,,6.9,3.7,14.0,70.6,No,74.0,Not Placed
STU07196,Male,ECE,4.2,81.0,4.9,5.6,17.0,86.5,Yes,75.7,Placed
STU08215,Female,IT,3.7,63.4,7.8,7.1,,50.9,No,46.1,Not Placed
STU03846,Female,Commerce,1.3,68.6,7.7,8.4,6.0,43.6,Yes,32.9,Not Placed
STU06411,Male,IT,7.0,91.1,6.0,2.6,20.0,86.0,No,97.3,Placed
STU05375,Male,Civil,4.5,73.1,3.9,3.7,14.0,55.0,Yes,62.1,Not Placed
STU07836,Female,CSE,1.9,66.6,6.7,,5.0,41.6,Yes,40.8,Not Placed
STU03688,Male,IT,2.3,82.9,7.7,6.6,13.0,62.7,No,58.0,Not Placed
STU09837,Female,ECE,1.3,73.4,8.4,4.8,14.0,43.4,No,50.0,Not Placed
STU04703,Female,CSE,2.8,51.7,6.3,6.5,5.0,39.3,No,31.0,Not Placed
STU04016,Female,Mechanical,3.7,73.0,6.5,3.3,14.0,64.4,Yes,61.9,Placed
STU00906,Female,IT,2.0,85.6,8.2,3.6,20.0,,No,78.5,Placed
STU04484,Female,Mechanical,5.1,85.2,7.4,4.0,13.0,64.3,Yes,70.4,Placed
STU02464,Male,Commerce,1.7,54.8,8.9,4.9,8.0,40.4,No,37.0,Not Placed
STU08326,Female,CSE,3.6,78.7,7.8,0.8,17.0,67.6,No,70.9,Placed
STU05604,Male,ECE,4.1,79.4,8.2,5.5,10.0,72.7,No,68.5,Placed
STU08656,Female,CSE,5.1,86.5,9.6,4.5,13.0,44.7,No,58.6,Placed
STU06360,Female,Civil,1.0,,7.3,8.7,7.0,55.9,No,42.3,Not Placed
STU02259,Male,ECE,3.3,78.3,7.4,2.8,13.0,71.4,Yes,57.4,Placed
STU05750,Female,Civil,3.2,71.5,7.6,4.3,11.0,56.6,No,55.6,Not Placed
STU07665,Male,ECE,1.7,61.8,8.0,5.7,9.0,58.5,No,46.9,Not Placed
STU02533,Female,ECE,3.6,79.0,5.7,3.7,14.0,62.5,Yes,60.0,Not Placed
STU07470,Female,IT,3.7,100.0,6.1,2.2,20.0,69.0,No,70.1,Placed
STU04316,Female,Commerce,2.6,,8.4,4.5,11.0,67.7,No,42.9,Not Placed
STU04178,Male,Commerce,2.9,70.1,6.0,6.4,11.0,69.5,No,58.2,Not Placed
STU03292,Female,CSE,5.1,80.3,5.3,5.3,13.0,68.7,No,69.7,Placed
STU09258,Male,Commerce,4.4,,5.8,4.8,16.0,84.2,No,75.3,Placed
STU05668,Male,Mechanical,2.2,74.9,5.0,3.8,12.0,65.8,Yes,49.7,Placed
STU02012,Male,CSE,6.0,89.4,8.4,5.1,18.0,65.4,Yes,73.6,Placed
STU09847,Male,ECE,3.8,80.3,7.5,1.0,15.0,77.8,Yes,87.2,Placed
STU05827,Male,IT,1.4,72.0,7.3,6.9,14.0,72.4,No,61.8,Placed
STU08143,Male,Mechanical,3.6,78.2,7.4,3.0,14.0,68.9,No,66.8,Placed
STU01232,Female,Civil,1.7,67.2,4.0,6.4,10.0,40.7,Yes,33.4,Not Placed
STU09032,Female,CSE,5.0,88.8,6.6,3.1,20.0,100.0,No,86.2,Placed
STU07133,Female,CSE,4.6,82.0,5.8,5.0,14.0,59.7,No,59.1,Not Placed
STU09814,Female,CSE,2.2,67.1,5.6,4.0,15.0,67.6,No,56.0,Placed
STU06388,Female,Mechanical,1.4,62.1,6.0,5.5,8.0,49.0,Yes,36.9,Not Placed
STU09392,Male,Mechanical,5.5,94.5,6.2,2.7,20.0,98.3,No,97.1,Placed
STU04464,Female,Mechanical,3.3,56.7,,3.4,11.0,67.4,No,64.8,Not Placed
STU01302,Male,Civil,2.7,67.9,9.2,4.2,6.0,42.4,No,36.8,Not Placed
STU03187,Male,ECE,2.1,55.4,8.1,6.0,7.0,49.6,No,40.2,Not Placed
STU03325,Male,CSE,3.8,87.0,5.7,3.0,14.0,78.1,No,66.3,Placed
STU03175,Male,Commerce,4.9,69.5,7.0,4.0,15.0,73.7,Yes,74.5,Placed
STU08164,Female,ECE,5.9,83.2,6.6,,13.0,54.3,No,72.5,Not Placed
STU03789,Male,ECE,5.2,100.0,6.1,,19.0,84.2,Yes,84.3,Placed
STU08927,Male,Commerce,3.5,59.8,7.6,1.8,12.0,56.8,No,61.5,Not Placed
STU01904,Male,Commerce,4.7,76.4,7.2,7.7,11.0,57.9,Yes,57.6,Not Placed
STU03625,Female,CSE,4.1,64.5,8.4,4.7,14.0,71.1,Yes,71.9,Placed
STU00155,Male,Civil,4.1,87.6,5.4,2.5,17.0,55.5,No,69.9,Not Placed
STU04726,Female,CSE,4.7,80.2,7.5,1.5,17.0,75.6,Yes,75.0,Placed
STU04318,Female,Civil,1.6,56.2,7.4,6.7,10.0,63.6,Yes,44.3,Not Placed
STU01335,Male,Commerce,1.8,80.4,5.8,5.4,15.0,73.1,No,55.4,Not Placed
STU04620,Male,Mechanical,6.9,97.2,7.6,1.5,20.0,58.2,Yes,83.3,Placed
STU08079,Female,IT,1.0,66.9,6.3,3.1,13.0,60.0,Yes,48.3,Not Placed
STU05130,Female,Commerce,4.9,84.4,5.6,,13.0,60.0,Yes,72.6,Placed
STU03686,Female,Civil,3.7,65.6,6.9,1.8,12.0,55.7,Yes,67.6,Not Placed
STU04887,Male,Commerce,,86.7,6.0,3.3,15.0,56.4,No,71.1,Placed
STU05971,Male,CSE,3.9,82.5,7.3,5.2,14.0,73.6,No,77.7,Placed
STU03548,Male, CSE ,3.9,89.6,5.9,3.2,18.0,78.5,Yes,75.5,Placed
STU06219,Female,CSE,3.4,76.9,7.2,4.4,17.0,,No,76.3,Placed
STU09532,Male,Mechanical,2.7,,5.6,5.4,9.0,37.1,Yes,49.9,Not Placed
STU09899,Female,Mechanical,5.2,82.6,6.6,5.3,17.0,78.1,No,73.3,Placed
STU06195,Male,Mechanical,0.3,60.6,6.3,4.0,9.0,46.2,No,38.9,Not Placed
STU07709,Female,ECE,1.3,58.1,7.6,4.8,14.0,43.7,No,39.7,Not Placed
STU04929,Female,CSE,5.1,76.3,6.2,4.2,20.0,75.6,Yes,80.3,Placed
STU08688,Male,IT,1.8,56.7,6.3,6.4,9.0,62.0,No,46.1,Not Placed
STU03611,Male,ECE,4.8,84.4,5.4,,15.0,64.8,Yes,64.6,Placed
STU06948,Male,IT,4.5,70.6,,3.9,20.0,64.1,No,73.5,Placed
STU09494,Female,CSE,4.5,88.2,,3.4,14.0,66.8,Yes,67.7,Placed
STU06175,Female,IT,4.9,83.1,7.7,3.2,19.0,81.8,No,81.1,Placed
STU03216,Male,CSE,2.9,70.2,7.0,4.9,19.0,59.3,Yes,58.9,Placed
STU09602,Male,CSE,5.0,74.4,7.2,1.3,14.0,82.6,No,88.8,Placed
STU07642,Female,Civil,6.0,98.0,8.4,1.7,15.0,86.0,No,84.3,Placed
STU05264,Male,Mechanical,4.0,76.7,,2.9,,71.9,No,67.0,Not Placed
STU00450,Female,CSE,4.2,82.5,4.5,5.7,11.0,58.3,No,55.1,Not Placed
STU07359,Male,IT,1.3,63.2,6.1,6.6,9.0,52.6,Yes,47.8,Not Placed
STU06208,Female,Commerce,4.5,68.9,6.7,4.7,9.0,52.6,Yes,50.5,Not Placed
STU09326,Female,CSE,7.3,100.0,8.3,0.2,20.0,83.6,No,89.8,Placed
STU05572,Male,Commerce,2.5,65.4,8.5,3.0,9.0,66.2,No,46.0,Not Placed
STU08303,Female,Commerce,5.0,83.7,7.3,2.5,16.0,66.0,Yes,67.6,Placed
STU02779,Female,CSE,1.6,76.3,8.0,6.8,12.0,72.3,No,59.8,Placed
STU03550,Female,IT,2.2,67.4,6.7,1.8,13.0,68.3,No,59.6,Not Placed
STU03764,Male,Commerce,4.5,77.9,7.3,4.9,11.0,54.1,No,58.2,Not Placed
STU05527,Female,CSE,4.6,78.7,6.8,4.3,15.0,65.0,Yes,66.7,Placed
STU09776,Female,Mechanical,0.8,76.7,7.4,4.9,14.0,60.0,No,51.0,Placed
STU00076,Female,Mechanical,0.9,75.0,7.4,1.4,14.0,79.2,No,71.2,Placed
STU05430,Male,IT,6.8,96.0,9.1,0.2,19.0,84.3,No,92.6,Placed
STU00877,Male,ECE,4.5,,6.3,5.6,15.0,61.4,Yes,57.9,Not Placed
STU02141,Male,CSE,3.4,78.0,7.5,4.7,12.0,70.2,Yes,59.9,Placed
STU05047,Female,ECE,4.6,100.0,6.4,3.0,18.0,62.6,Yes,83.0,Placed
STU06216,Female,CSE,2.7,67.3,5.5,3.0,12.0,68.6,No,51.8,Placed
STU02182,Female,CSE,4.5,,8.0,5.0,,61.9,Yes,65.9,Not Placed
STU04284,Male,IT,5.6,74.4,5.0,3.6,8.0,43.9,Yes,48.9,Not Placed
STU02022,Female,CSE,1.5,67.3,6.4,5.2,7.0,60.4,No,38.5,Not Placed
STU06480,Male,CSE,1.9,65.8,7.1,5.7,9.0,61.6,Yes,54.2,Not Placed
STU02342,Male,ECE,3.6,72.9,,3.4,12.0,66.2,Yes,64.2,Placed
STU02676,Female,ECE,5.1,80.1,7.1,5.5,19.0,75.4,No,82.7,Placed
STU05884,Female,IT,2.4,73.8,6.4,,12.0,54.2,Yes,47.7,Placed
STU08132,Female,ECE,2.0,82.7,6.5,5.7,14.0,61.8,Yes,56.5,Placed
STU08868,Male,Civil,4.7,79.8,8.6,4.5,16.0,63.9,Yes,59.5,Placed
STU09329,Male,Civil,1.8,69.2,6.8,4.4,7.0,31.7,Yes,38.4,Not Placed
STU02536,Male,ECE,4.2,78.7,8.8,3.7,19.0,69.8,No,68.6,Not Placed
STU01875,Male,ECE,1.9,70.3,6.4,3.3,13.0,52.2,Yes,59.7,Not Placed
STU01569,Female,ECE,2.2,65.6,8.0,,16.0,72.8,No,64.7,Placed
STU08089,Male,Mechanical,2.5,75.0,8.5,4.5,16.0,73.2,No,71.8,Placed
STU05787,Male,ECE,1.8,76.4,7.4,3.3,14.0,68.5,No,54.7,Not Placed
STU01198,Male,CSE,2.9,66.3,6.9,4.0,,57.5,No,65.1,Not Placed
STU08305,Female,Commerce,0.8,55.8,6.8,5.4,5.0,36.2,No,34.2,Not Placed
STU05365,Female,ECE,2.3,76.7,5.4,6.1,9.0,72.5,Yes,54.1,Placed
STU05193,Female,CSE,3.3,76.6,7.0,4.3,13.0,70.4,Yes,63.3,Placed
STU07648,Male,Mechanical,4.8,99.3,6.9,3.3,20.0,75.2,No,78.7,Placed
STU09625,Male,Civil,3.0,72.5,6.8,6.9,15.0,67.3,Yes,53.8,Placed
STU00349,Male,CSE,4.2,67.2,5.8,7.9,9.0,40.6,No,42.5,Not Placed
STU04231,Male,IT,6.1,96.1,6.5,3.8,19.0,67.4,Yes,79.4,Placed
STU08680,Female,CSE,5.6,94.0,7.2,3.9,16.0,77.1,Yes,75.6,Placed
STU05305,Male,CSE,4.1,89.4,8.3,4.5,15.0,73.7,Yes,80.5,Placed
STU09570,Female,ECE,2.4,66.3,7.2,4.6,12.0,68.6,Yes,61.2,Placed
STU08527,Male,Commerce,3.0,71.8,6.6,6.0,12.0,63.9,No,57.8,Not Placed
STU08548,Male,ECE,6.5,100.0,7.1,2.9,18.0,90.7,Yes,89.2,Placed
STU07130,Female,CSE,2.8,71.9,6.8,5.1,13.0,60.4,Yes,59.0,Placed
STU04088,Female,Mechanical,20.9,66.7,8.4,7.0,9.0,38.7,No,39.0,Not Placed
STU03301,Male,Mechanical,3.6,79.7,4.9,3.4,18.0,76.0,No,66.6,Not Placed
STU03295,Female,IT,1.4,65.5,4.9,,11.0,60.1,Yes,53.0,Not Placed
STU02949,Male,IT,4.9,78.6,7.6,2.4,,72.8,No,82.4,Placed
STU05716,Male,Commerce,1.8,72.5,7.5,6.7,13.0,58.6,No,54.0,Not Placed
STU02521,Male,Civil,4.3,73.5,6.3,5.2,10.0,64.7,No,68.2,Not Placed
STU06052,Male,CSE,3.7,80.5,7.4,4.4,8.0,63.2,Yes,57.6,Not Placed
STU08488,Female,CSE,1.5,,8.6,4.3,10.0,64.1,No,43.8,Not Placed
STU00780,Female,Civil,2.3,64.8,7.5,,5.0,44.1,No,42.5,Not Placed
STU07213,Male, Commerce ,1.7,72.7,5.7,8.0,13.0,53.6,No,47.4,Not Placed
STU09231,Male,Mechanical,4.1,,8.6,5.2,14.0,63.2,Yes,56.3,Placed
STU08161,Female,ECE,0.9,64.5,7.8,7.3,11.0,60.7,Yes,56.0,Placed
STU02754,Male,CSE,2.4,72.6,5.5,3.9,11.0,61.1,No,44.4,Not Placed
STU00856,Female,,4.4,78.0,6.2,0.2,14.0,54.9,Yes,72.9,Placed
STU07328,Male,cse,2.1,60.4,8.6,4.5,14.0,47.3,Yes,47.2,Not Placed
STU01671,Male,CSE,3.2,72.1,7.2,4.2,16.0,55.3,Yes,56.2,Placed
STU08476,Female,Civil,1.5,53.1,6.5,2.4,11.0,42.5,Yes,47.1,Not Placed
STU03894,Male,ECE,0.5,68.7,7.5,4.5,8.0,49.0,No,42.0,Not Placed
STU06170,Female,ECE,7.1,100.0,8.2,5.5,20.0,84.3,Yes,85.4,Placed
STU03321,Male,CSE,2.0,54.1,7.7,4.0,7.0,48.9,Yes,46.5,Not Placed
STU05898,Female,IT,5.6,96.4,9.1,4.1,18.0,,No,78.4,Placed
STU00452,Male,CSE,3.3,86.9,7.6,2.6,18.0,58.6,Yes,78.3,Placed
STU02401,Female,Civil,1.7,57.8,6.9,5.6,11.0,55.5,No,39.1,Not Placed
STU03627,Male,ECE,3.3,75.2,7.8,5.8,13.0,75.0,Yes,62.7,Placed
STU06945,Male,Mechanical,6.7,,7.4,3.3,12.0,68.6,No,83.3,Placed
STU06816,Female,ECE,3.8,70.9,7.6,6.8,13.0,70.8,No,64.0,Placed
STU07080,Female,Mechanical,5.1,76.0,6.1,3.5,18.0,73.8,No,74.7,Placed
STU03456,Male,IT,3.5,79.1,8.5,5.0,12.0,62.4,Yes,60.5,Placed
STU09245,Male,COMMERCE,4.6,60.6,4.7,5.6,11.0,66.3,No,51.9,Placed
STU04509,Female,CSE,4.7,74.6,6.9,6.2,8.0,41.2,No,47.6,Not Placed
STU02085,Male,CSE,4.6,94.1,7.7,2.9,18.0,74.5,No,82.7,Placed
STU00897,Female,Commerce,1.7,72.8,6.2,3.0,11.0,,Yes,47.3,Not Placed
STU08252,Female,ECE,3.2,64.8,5.9,6.0,9.0,62.9,No,50.3,Not Placed
STU02374,Male,Civil,6.4,94.0,7.0,3.6,20.0,71.8,No,78.3,Placed
STU05190,Male,CSE,2.5,75.9,5.8,4.3,8.0,60.0,Yes,44.6,Not Placed
STU01833,Female,Mechanical,1.9,63.2,9.3,5.0,8.0,40.0,Yes,37.7,Not Placed
STU04914,Female,it,4.5,81.0,5.7,2.8,13.0,44.9,No,55.1,Not Placed
STU00103,Female,IT,2.2,73.7,8.4,3.3,16.0,66.3,Yes,56.1,Placed
STU02291,Female,Civil,5.4,77.1,7.4,2.4,14.0,70.2,Yes,77.8,Placed
STU03276,Male,Commerce,2.1,67.2,6.7,2.7,7.0,42.3,Yes,45.0,Not Placed
STU09694,Female,Civil,8.9,100.0,6.0,1.7,20.0,79.9,No,99.3,Placed
STU00763,Female,ECE,2.0,60.8,7.4,5.0,16.0,74.8,Yes,64.8,Placed
STU01334,Male,Civil,1.3,73.0,,6.1,12.0,57.9,No,54.2,Not Placed
STU07739,Female,IT,5.2,76.6,5.7,,11.0,55.5,No,60.4,Placed
STU01592,Male,CSE,2.7,70.4,6.6,6.1,10.0,47.0,No,48.7,Not Placed
STU08978,Female,IT,0.0,61.2,8.7,4.4,15.0,68.5,No,54.1,Not Placed
STU06639,Female,CSE,4.4,91.9,7.6,3.2,14.0,82.6,No,82.9,Placed
STU02576,Male,CSE,7.1,74.7,7.8,2.2,16.0,63.6,No,77.9,Placed
STU03167,Female,IT,3.6,68.8,6.5,3.3,9.0,58.4,No,49.8,Not Placed
STU01986,Female,ECE,2.0,62.9,7.3,4.4,16.0,57.1,No,55.1,Placed
STU05618,Female,CSE,4.3,70.7,6.9,2.6,12.0,67.6,No,64.3,Placed
STU04762,Male,Mechanical,6.3,100.0,7.3,0.2,,87.1,No,94.3,Placed
STU00184,Male,ECE,4.5,80.6,7.2,3.2,16.0,,No,73.7,Not Placed
STU05001,Female,Commerce,3.3,79.3,6.2,5.8,15.0,72.0,Yes,55.9,Placed
STU02044,Male,CSE,3.0,72.2,7.2,6.3,12.0,45.6,No,42.0,Not Placed
STU01229,Female,Mechanical,2.6,70.2,6.8,4.5,13.0,62.2,Yes,61.4,Placed
STU00843,Male,CSE,3.4,89.0,6.3,5.8,19.0,80.5,No,81.2,Placed
STU01127,Male,ECE,7.0,99.6,6.2,0.4,19.0,74.8,No,88.8,Placed
STU03908,Female,IT,4.0,68.8,6.5,7.0,9.0,67.8,Yes,58.0,Placed
STU03946,Male,ECE,4.0,67.7,6.1,5.1,12.0,59.6,No,59.9,Not Placed
STU00952,Female,IT,5.2,80.4,4.7,,15.0,64.7,Yes,62.0,Placed
STU02032,Male,IT,3.2,76.7,,3.8,11.0,61.5,No,64.9,Placed
STU04472,Male,CSE,0.4,52.1,5.7,5.4,13.0,50.2,Yes,38.5,Not Placed
STU04166,Female,Mechanical,4.8,80.4,7.8,5.0,10.0,73.3,Yes,67.2,Placed
STU05565,Male,Civil,2.6,76.7,7.3,7.1,7.0,46.3,No,36.9,Not Placed
STU07421,Male, IT ,4.0,83.6,5.1,2.5,16.0,55.3,No,65.9,Not Placed
STU09784,Male,CSE,5.8,74.6,6.5,3.2,12.0,54.5,No,70.1,Not Placed
STU04817,Male,CSE,,89.8,7.2,3.4,20.0,82.0,No,88.7,Placed
STU05111,Female,CSE,2.5,69.4,7.9,3.4,11.0,56.1,No,50.4,Not Placed
STU07083,Male,Mechanical,4.5,76.8,6.9,,14.0,63.3,No,61.7,Not Placed
STU02688,Male,,3.9,72.1,,3.9,12.0,66.7,Yes,53.4,Not Placed
STU01131,Male,ECE,3.8,69.7,6.7,6.4,9.0,48.6,No,53.1,Not Placed
STU01261,Male,IT,3.4,82.0,5.6,4.0,16.0,72.7,Yes,84.7,Placed
STU03409,Female,Civil,5.1,84.2,5.4,2.2,15.0,60.1,Yes,64.1,Placed
STU07405,Female,,7.4,98.8,7.0,,20.0,91.9,No,96.4,Placed
STU08458,Male,Mechanical,3.1,66.0,8.3,5.8,10.0,49.1,No,51.9,Not Placed
STU07714,Male,Mechanical,6.6,90.7,5.8,5.3,5.0,52.2,Yes,54.3,Not Placed
STU09229,Male,IT,4.6,76.3,7.4,5.4,10.0,58.2,No,65.7,Not Placed
STU03937,Male,ECE,3.6,74.4,7.2,6.6,16.0,64.9,Yes,71.5,Placed
STU01741,Male,CSE,2.1,63.0,5.8,4.5,9.0,47.0,No,49.7,Not Placed
STU01967,Male,Civil,5.5,71.5,7.8,3.7,13.0,67.9,No,69.2,Not Placed
STU06715,Female,IT,4.2,67.4,8.2,4.2,8.0,50.3,Yes,57.4,Placed
STU05710,Female,IT,2.6,64.0,,4.6,12.0,52.8,Yes,53.1,Not Placed
STU08451,Female,Mechanical,1.2,73.9,8.0,6.2,16.0,70.1,No,60.4,Placed
STU05394,Male,ECE,1.0,63.5,6.5,6.7,9.0,56.1,Yes,55.1,Not Placed
STU03868,Female,ECE,6.5,91.3,5.9,2.5,17.0,77.6,No,81.9,Placed
STU00904,Female,Mechanical,5.2,70.5,8.1,3.7,17.0,72.1,No,81.8,Placed
STU07937,Female,Commerce,2.4,69.4,7.0,5.4,10.0,64.4,Yes,52.5,Not Placed
STU06085,Female,Commerce,3.7,74.1,5.9,4.4,9.0,61.8,Yes,63.0,Placed
STU08422,Male,IT,3.2,72.0,7.5,5.9,14.0,59.2,No,59.4,Placed
STU03058,Male,IT,2.3,76.6,7.4,4.4,12.0,72.5,No,59.9,Not Placed
STU07139,Female,ECE,7.9,100.0,5.8,0.7,20.0,97.4,No,96.7,Placed
STU08038,Female,IT,1.0,77.4,8.4,4.3,8.0,44.5,Yes,49.4,Not Placed
STU00388,Male,CSE,4.5,81.1,6.9,1.9,13.0,69.1,No,71.5,Placed
STU02375,Female,Mechanical,5.5,76.5,8.3,3.2,15.0,62.3,No,72.8,Not Placed
STU03554,Male,IT,0.0,44.1,7.9,4.6,8.0,40.9,Yes,38.8,Not Placed
STU06294,Male,IT,5.3,84.9,4.8,5.2,13.0,60.5,No,58.5,Not Placed
STU04779,Male,IT,1.9,76.9,8.1,4.4,16.0,74.5,Yes,64.6,Placed
STU04663,Male,CSE,3.7,80.2,5.7,4.8,15.0,64.0,No,60.1,Not Placed
STU02330,Female,Commerce,1.7,69.0,5.3,3.3,17.0,63.0,No,57.3,Not Placed
STU02477,Female,Mechanical,2.7,,7.7,7.3,6.0,39.7,Yes,42.9,Not Placed
STU06450,Male,CSE,4.8,99.7,7.7,2.4,20.0,85.3,Yes,87.1,Placed
STU06564,Female,ECE,3.6,63.7,6.5,3.4,9.0,58.5,Yes,61.3,Not Placed
STU01474,Female,Commerce,1.8,59.9,6.7,3.9,6.0,41.4,Yes,40.9,Not Placed
STU05412,Male,Mechanical,4.9,92.5,5.7,4.7,16.0,74.9,Yes,70.4,Placed
STU01916,Female,Commerce,0.3,51.1,5.9,7.6,7.0,24.5,No,22.2,Not Placed
STU07076,Female,IT,2.2,51.7,7.3,7.7,1.0,43.2,No,32.4,Not Placed
STU02937,Male,Civil,0.0,72.9,7.6,6.3,4.0,41.7,No,36.1,Not Placed
STU02360,Female,ECE,3.6,78.4,5.7,1.9,20.0,70.8,Yes,69.7,Placed
STU06982,Female,IT,3.8,63.6,8.5,6.2,10.0,39.4,No,50.4,Not Placed
STU01900,Female,IT,2.4,82.1,7.3,4.3,8.0,65.0,No,59.6,Not Placed
STU03259,Male,Mechanical,2.3,56.1,5.9,2.6,13.0,47.2,Yes,52.9,Placed
STU07732,Male,IT,2.1,70.4,6.6,4.7,10.0,69.1,No,54.2,Not Placed
STU00461,Female,IT,7.5,90.2,6.7,4.5,16.0,70.3,No,72.3,Placed
STU08245,Male,IT,4.8,76.7,6.0,3.5,16.0,68.6,Yes,68.3,Placed
STU01194,Male,Civil,4.7,81.6,7.3,6.3,13.0,75.2,No,75.2,Placed
STU06551,Male,IT,3.1,73.4,6.5,4.2,13.0,64.4,Yes,70.0,Placed
STU00886,Male,IT,1.5,,6.1,2.9,9.0,60.7,Yes,48.9,Not Placed
STU08913,Male,IT,2.6,,7.6,3.5,7.0,38.4,No,46.7,Not Placed
STU09139,Female,CSE,1.5,61.5,7.5,7.0,11.0,44.8,No,44.0,Not Placed
STU03602,Female,Mechanical,5.1,93.6,5.7,4.9,20.0,100.0,No,83.9,Placed
STU00344,Female,Mechanical,4.8,82.8,6.1,0.2,12.0,74.5,No,70.9,Placed
STU05380,Female,IT,6.6,100.0,7.0,2.5,18.0,53.4,No,83.4,Placed
STU06434,Female,Commerce,5.7,98.2,7.1,2.4,20.0,86.5,No,89.2,Placed
STU02560,Female,CSE,6.2,88.2,5.8,7.4,,61.6,Yes,75.4,Placed
STU02194,Female,Commerce,6.2,87.7,6.1,2.7,15.0,65.1,No,82.1,Not Placed
STU04668,Female,IT,3.6,71.6,5.4,3.0,13.0,72.0,No,60.6,Placed
STU08607,M,ECE,3.1,90.0,5.8,6.6,18.0,83.0,Yes,74.8,Placed
STU05276,Male,Commerce,1.6,63.7,8.0,4.6,4.0,42.2,Yes,36.1,Not Placed
STU01778,Male,Mechanical,2.9,80.0,6.5,7.6,11.0,63.2,No,63.5,Placed
STU01877,Male,IT,3.9,,5.2,4.9,16.0,85.5,No,77.7,Placed
STU05605,Male,Mechanical,3.1,79.2,5.5,3.8,14.0,62.1,Yes,56.6,Not Placed
STU00098,Female,Civil,1.7,57.3,6.9,5.7,7.0,58.1,No,41.5,Not Placed
STU07850,Female,Commerce,4.5,87.3,8.4,3.2,16.0,73.4,Yes,81.8,Placed
STU06209,Male,IT,4.7,85.9,5.5,2.8,19.0,76.2,No,64.0,Placed
STU00315,Female,Civil,1.8,75.1,8.2,4.1,17.0,71.3,Yes,61.0,Placed
STU04711,Male,Civil,2.7,88.3,7.9,4.8,17.0,69.5,Yes,69.3,Placed
STU09788,Female,Mechanical,3.7,77.9,7.4,4.0,15.0,70.0,Yes,71.1,Placed
STU03810,Male,CSE,5.4,86.8,6.9,2.0,15.0,65.0,No,71.2,Placed
STU04054,Female,Mechanical,2.4,56.0,6.7,6.3,11.0,,Yes,43.3,Not Placed
STU09155,Female,CSE,4.7,87.2,6.8,4.7,16.0,71.2,Yes,74.7,Placed
STU08158,Female,CSE,0.0,59.1,7.7,,5.0,44.8,Yes,32.4,Not Placed
STU07220,Male,ECE,4.2,76.6,5.5,4.2,12.0,48.9,Yes,52.3,Placed
STU07670,Male,ECE,4.0,87.0,7.1,2.6,20.0,66.7,No,76.6,Placed
STU06313,Female,Commerce,6.5,,5.4,3.1,12.0,62.9,Yes,64.9,Not Placed
STU02406,Female,Commerce,5.1,79.2,4.0,4.6,7.0,38.3,Yes,46.5,Not Placed
STU01697,female,CSE,4.3,73.6,7.1,4.4,15.0,68.4,No,65.6,Placed
STU04362,Female,Mechanical,2.1,74.6,7.3,4.0,14.0,59.2,No,69.0,Not Placed
STU01391,Female,Civil,5.1,77.8,,6.4,11.0,44.7,Yes,60.8,Placed
STU05635,Male,Commerce,1.2,62.4,7.8,2.3,9.0,59.0,Yes,61.8,Placed
STU05296,Male,IT,6.0,96.9,7.2,6.0,14.0,82.0,Yes,80.3,Placed
STU05404,Male,IT,5.1,80.1,9.5,5.7,10.0,52.7,No,48.6,Placed
STU02832,Male,ECE,5.2,76.0,8.2,4.0,19.0,82.6,No,77.1,Placed
STU05405,Male,ECE,3.6,77.5,7.6,4.2,11.0,,Yes,62.8,Not Placed
STU00040,Female,IT,3.3,74.4,7.6,2.1,11.0,78.9,No,65.6,Not Placed
STU01325,Female,,5.6,78.5,6.3,7.0,16.0,62.2,No,65.8,Not Placed
STU04521,Male,Civil,0.9,65.4,6.4,5.2,9.0,51.2,Yes,43.1,Not Placed
STU09332,Male,IT,1.9,53.9,6.0,2.9,8.0,61.2,Yes,51.9,Not Placed
STU02675,Female,IT,2.2,60.1,6.4,4.5,14.0,53.8,No,49.2,Not Placed
STU07155,Female,Civil,4.4,86.6,4.9,6.6,16.0,78.4,No,71.3,Placed
STU07389,Female,CSE,4.1,72.3,9.4,5.8,7.0,,No,48.1,Not Placed
STU08556,Male,Mechanical,4.6,73.9,7.8,5.6,10.0,38.4,Yes,50.4,Not Placed
STU05304,Female,IT,3.8,86.5,7.8,6.5,,79.3,Yes,74.9,Placed
STU09855,Male,Commerce,3.7,74.1,7.5,7.7,10.0,79.2,Yes,64.8,Not Placed
STU02924,Male,IT,1.5,71.0,7.0,7.1,11.0,56.4,Yes,52.9,Placed
STU03668,Male,CSE,1.1,65.6,7.5,5.1,9.0,62.5,Yes,42.0,Not Placed
STU06978,Female, Civil ,4.5,79.1,7.9,2.7,15.0,61.6,No,60.8,Not Placed
STU09668,Female,CSE,6.5,80.0,5.6,4.0,13.0,76.3,Yes,72.8,Placed
STU07582,Male,Mechanical,5.0,86.6,6.7,3.0,14.0,60.9,Yes,72.3,Not Placed
STU00102,Male,ECE,4.5,84.6,7.7,3.6,18.0,68.3,Yes,74.1,Placed
STU01315,Female,Civil,3.1,69.9,8.9,3.9,17.0,64.2,No,57.3,Not Placed
STU07930,Male,CSE,2.9,78.0,6.6,3.5,20.0,87.6,No,76.5,Placed
STU01441,Female,Mechanical,3.3,89.1,5.5,4.7,10.0,47.1,No,49.4,Not Placed
STU09552,Female,CSE,4.1,90.0,5.5,4.0,20.0,63.1,Yes,71.0,Placed
STU03918,Male,Commerce,2.0,59.4,6.0,4.4,8.0,61.3,No,48.3,Not Placed
STU08396,Male,,,76.7,6.2,5.1,11.0,,No,55.2,Not Placed
STU04716,Female,CSE,6.7,,8.1,4.2,20.0,78.9,No,84.3,Placed
STU07794,Female,CSE,1.4,,7.5,2.1,6.0,66.4,Yes,51.1,Not Placed
STU03637,Female,CSE,5.0,89.8,7.0,4.0,14.0,68.0,No,67.1,Placed
STU04372,Female,Commerce,2.0,70.7,6.8,6.2,9.0,,Yes,61.3,Not Placed
STU07944,Male,CSE,1.4,69.6,4.5,6.3,,76.4,No,61.0,Placed
STU00221,Male,CSE,2.0,76.6,5.8,5.3,8.0,54.1,Yes,45.6,Placed
STU02122,Male,Commerce,4.0,88.1,9.6,3.7,15.0,63.2,Yes,60.5,Placed
STU05548,Female,CSE,4.5,86.0,,6.6,20.0,82.5,No,74.9,Placed
STU06976,Female,IT,2.3,72.7,7.7,5.3,5.0,33.3,No,36.0,Not Placed
STU01573,Female,Mechanical,0.0,70.7,8.1,4.0,13.0,58.8,Yes,64.9,Placed
STU01164,Male,CSE,4.5,66.0,6.4,6.9,7.0,56.1,Yes,50.5,Placed
STU07295,Female,Civil,2.5,67.8,8.0,3.3,12.0,67.2,No,65.6,Placed
STU08996,Male,CSE,2.0,66.2,8.1,3.8,11.0,71.7,Yes,53.1,Not Placed
STU04809,Male,CSE,3.5,61.3,7.0,6.0,9.0,61.3,Yes,53.6,Not Placed
STU05596,Male,Civil,3.4,68.0,6.4,3.5,14.0,66.1,Yes,71.7,Placed
STU00232,Female,Civil,3.1,76.5,4.5,5.5,10.0,57.4,No,46.7,Not Placed
STU07260,Female, Commerce ,,69.6,6.9,4.2,11.0,39.6,No,50.6,Not Placed
STU07559,Male,CSE,2.4,77.6,7.1,7.8,9.0,55.7,No,56.6,Not Placed
STU05410,Male,CSE,2.8,74.5,7.6,2.6,14.0,60.1,No,73.4,Not Placed
STU02018,Female,Civil,3.8,81.1,6.7,8.3,10.0,54.0,Yes,50.3,Not Placed
STU06814,Female,ECE,3.1,63.4,7.4,3.2,8.0,61.5,No,69.1,Not Placed
STU05471,Male,IT,5.0,74.5,7.0,6.8,14.0,56.9,No,62.2,Placed
STU04533,Female,IT,3.4,75.5,,2.3,18.0,85.8,Yes,83.7,Placed
STU06651,Female,ECE,7.5,97.5,8.4,0.6,,69.1,No,86.5,Placed
STU06808,Male,CSE,2.2,75.3,6.6,4.7,10.0,70.0,Yes,63.7,Placed
STU08085,Male,IT,5.5,80.9,7.2,6.0,16.0,57.8,Yes,66.4,Placed
STU07374,Female,Civil,0.8,53.2,6.4,4.8,7.0,63.6,Yes,43.2,Not Placed
STU03316,Female,ECE,5.7,81.7,7.0,4.0,18.0,57.2,Yes,65.1,Not Placed
STU00540,Male,CSE,3.2,79.3,6.6,6.1,10.0,48.5,Yes,55.8,Not Placed
STU08856,Female,Civil,2.3,51.9,7.6,6.3,8.0,41.0,No,36.0,Not Placed
STU01629,Female,CSE,1.8,79.8,7.3,4.5,12.0,67.1,No,56.4,Not Placed
STU07726,Female,CSE,4.3,,6.6,1.7,20.0,74.6,Yes,74.4,Placed
STU01285,Female,IT,2.5,78.3,6.3,4.8,17.0,62.4,No,58.9,Not Placed
STU07784,Female,CSE,5.6,72.0,5.5,5.1,12.0,67.5,No,66.4,Not Placed
STU06917,Male,ECE,3.1,75.7,7.0,4.9,9.0,58.4,No,53.1,Not Placed
STU09116,Female,CSE,3.1,66.8,7.3,2.6,6.0,46.7,No,40.3,Not Placed
STU09918,Female,CIVIL,2.8,85.3,7.4,4.3,14.0,69.3,Yes,70.9,Placed
STU02452,Female,ECE,3.9,80.8,5.2,5.8,,64.5,No,48.0,Not Placed
STU08551,Female,Mechanical,6.1,83.9,7.3,4.2,11.0,59.5,No,71.7,Not Placed
STU08872,Female,Commerce,5.9,88.4,,1.3,20.0,72.2,No,84.3,Placed
STU06909,Female,IT,4.5,81.7,7.5,3.7,11.0,56.7,Yes,66.9,Placed
STU07887,Female,Civil,1.7,58.6,6.7,4.0,8.0,68.5,No,48.9,Not Placed
STU04311,Male,Mechanical,4.8,,5.9,4.7,9.0,63.7,No,63.6,Not Placed
STU05977,Male,CSE,2.3,83.7,5.9,5.1,14.0,58.2,No,53.1,Placed
STU05696,Female,Mechanical,4.7,93.8,6.5,3.3,20.0,84.1,Yes,85.5,Placed
STU00162,Female,CSE,0.0,61.4,6.4,6.8,9.0,49.7,Yes,39.9,Not Placed
STU07270,Male,Mechanical,1.9,61.4,8.2,3.3,14.0,67.0,No,68.2,Placed
STU03561,Female,Mechanical,5.2,84.1,5.9,0.2,14.0,70.4,No,68.2,Not Placed
STU04679,Male,Commerce,2.1,72.3,6.0,5.8,7.0,57.9,Yes,46.6,Not Placed
STU08354,Female,,1.7,66.9,7.7,6.9,9.0,48.9,No,36.3,Not Placed
STU06054,Male,CSE,4.7,90.7,7.0,2.8,17.0,83.4,Yes,77.4,Placed
STU01280,Male,ECE,1.5,73.3,7.2,7.0,11.0,50.2,No,47.7,Not Placed
STU03034,Female,Mechanical,,80.5,5.0,3.8,15.0,65.3,No,63.8,Not Placed
STU08709,Female,CSE,4.0,66.5,7.0,,9.0,67.1,No,66.7,Placed
STU06243,Male,IT,2.0,74.8,7.4,5.5,11.0,57.0,No,60.6,Placed
STU09727,Male,CSE,2.9,79.2,6.1,3.9,12.0,65.2,Yes,62.7,Placed
STU09126,Female,CSE,4.6,,7.6,4.7,13.0,79.1,No,71.8,Placed
STU03384,Male,CSE,2.0,77.9,4.1,4.0,11.0,49.5,No,40.2,Not Placed
STU00925,Male,Mechanical,1.9,78.0,5.8,6.2,12.0,68.5,No,53.1,Not Placed
STU07704,Female,Mechanical,4.0,87.5,8.2,4.6,15.0,55.3,No,61.3,Not Placed
STU07960,Male,IT,4.2,78.0,7.5,,9.0,52.8,No,60.4,Placed
STU07315,Male,CSE,5.0,89.1,4.3,2.3,12.0,65.3,No,70.5,Not Placed
STU00771,Female,cse,5.5,84.2,6.1,2.2,19.0,93.4,Yes,91.4,Placed
STU05834,Female,IT,2.4,55.4,4.6,5.9,10.0,50.3,No,37.8,Not Placed
STU03435,Male,CSE,1.5,63.2,5.7,8.8,10.0,47.3,No,31.5,Not Placed
STU09561,Male,CSE,2.6,81.5,9.0,3.9,10.0,60.6,Yes,65.4,Placed
STU08815,Female,Civil,,96.3,7.7,1.9,18.0,88.6,Yes,100.0,Placed
STU00696,Female,Commerce,0.6,58.3,5.9,7.4,8.0,51.6,Yes,43.6,Not Placed
STU02262,Male,CSE,0.9,63.6,6.8,5.2,12.0,47.2,Yes,48.5,Not Placed
STU03307,Male,IT,1.5,69.3,8.6,3.8,11.0,82.2,Yes,61.9,Placed
STU09769,Male,CSE,3.5,100.0,5.8,6.8,16.0,69.4,Yes,66.2,Placed
STU03204,Female,CSE,,80.8,8.0,3.5,13.0,75.2,No,65.9,Placed
STU04560,Female,CSE,0.6,67.8,7.8,5.6,9.0,48.3,No,48.8,Not Placed
STU01966,Female,cse,3.1,89.5,5.9,6.5,17.0,63.4,No,64.4,Placed
STU01220,Male,Mechanical,,95.0,5.6,2.4,20.0,79.7,Yes,73.2,Placed
STU04410,Female,ECE,1.5,48.9,8.4,3.9,1.0,48.8,Yes,37.4,Not Placed
STU07690,Female,Commerce,2.1,58.9,7.2,5.3,10.0,56.4,Yes,57.8,Placed
STU09406,Male,IT,1.9,61.4,,4.0,10.0,49.0,Yes,54.5,Placed
STU01936,Male,CSE,5.9,79.9,7.1,3.1,15.0,84.4,No,84.5,Placed
STU03754,Male,IT,5.3,84.7,7.9,4.4,13.0,71.1,Yes,78.6,Placed
STU07489,Male,Mechanical,4.1,91.7,7.2,2.4,12.0,41.1,Yes,45.5,Not Placed
STU03258,Male,CSE,3.9,81.1,7.5,2.7,15.0,75.8,Yes,82.0,Placed
STU06097,Female,CSE,5.6,90.0,7.3,3.9,15.0,68.2,No,66.9,Not Placed
STU04525,Female,IT,2.6,70.1,7.7,2.4,14.0,75.7,Yes,66.7,Placed
STU03086,Female,IT,5.9,84.5,7.2,0.3,18.0,70.7,No,77.1,Placed
STU07606,Male,Mechanical,5.3,86.6,5.8,3.9,11.0,66.7,No,64.9,Not Placed
STU05559,Female,IT,1.2,60.1,7.4,7.4,7.0,,No,42.1,Not Placed
STU07198,Male,ECE,,80.7,7.5,8.0,14.0,52.7,No,57.5,Not Placed
STU00063,Male,IT,4.2,87.0,6.2,3.9,7.0,52.5,No,52.8,Not Placed
STU01374,Female,Mechanical,0.7,61.9,6.9,7.0,12.0,47.7,No,37.7,Not Placed
STU07870,Male,IT,2.6,72.7,6.8,6.2,13.0,68.3,Yes,51.0,Placed
STU08397,Male,Commerce,2.2,68.6,6.6,5.3,11.0,59.9,No,56.9,Not Placed
STU05102,Male,Civil,6.6,93.7,5.9,4.2,15.0,68.8,No,79.7,Placed
STU03078,Male,ECE,2.0,66.9,8.7,4.8,9.0,42.6,No,43.4,Not Placed
STU09863,Female,ECE,3.7,82.3,6.7,4.9,12.0,64.0,No,62.0,Not Placed
STU05623,Female,CSE,1.3,67.1,5.3,3.2,11.0,71.6,No,57.0,Not Placed
STU07906,Male,Mechanical,4.9,91.5,7.8,3.7,19.0,91.9,No,89.2,Placed
STU08035,Male,CSE,3.4,78.9,6.6,6.1,16.0,60.8,No,68.0,Placed
STU08250,Female,Mechanical,2.7,69.2,9.2,4.0,14.0,59.8,No,50.1,Not Placed
STU01376,Female,Commerce,5.5,77.2,5.9,3.6,12.0,76.5,No,61.8,Not Placed
STU01815,Female,IT,3.3,57.0,6.5,5.4,12.0,78.9,No,61.5,Not Placed
STU09852,Male,CSE,3.4,74.0,9.0,3.9,14.0,58.9,Yes,51.4,Not Placed
STU09506,Male,CSE,4.8,85.2,8.5,3.6,16.0,71.5,No,74.7,Placed
STU02837,Female,CSE,2.9,82.8,4.5,4.2,15.0,59.6,No,64.9,Placed
STU01170,Male,Commerce,0.0,66.1,5.9,6.6,13.0,59.3,No,49.4,Not Placed
STU09930,Male,IT,3.4,79.5,,4.2,17.0,62.2,Yes,72.9,Placed
STU08487,Female,Commerce,3.0,70.2,7.1,6.8,12.0,66.2,Yes,62.3,Placed
STU04990,Female,Commerce,3.1,69.9,8.1,4.9,16.0,77.5,Yes,63.5,Not Placed
STU04499,Female,ECE,4.8,76.0,5.9,2.8,15.0,59.2,Yes,65.0,Placed
STU08877,Male,Civil,7.5,85.5,6.8,4.6,13.0,59.3,Yes,75.9,Placed
STU00671,Female,CSE,5.4,80.5,,1.2,13.0,,Yes,75.0,Placed
STU09553,Female,CSE,5.4,91.7,7.7,2.2,20.0,99.2,Yes,100.0,Placed
STU01758,Male,Civil,4.9,91.5,5.5,3.7,18.0,88.2,Yes,74.7,Placed
STU01782,Male,CSE,4.3,85.0,5.5,3.0,15.0,59.6,Yes,63.6,Placed
STU05271,Male,ECE,2.3,77.3,6.1,6.6,17.0,70.7,No,61.0,Not Placed
STU08131,Male,CSE,4.4,66.4,7.6,5.3,7.0,59.5,Yes,61.1,Not Placed
STU04427,Male,ECE,5.3,89.7,4.4,5.2,14.0,60.3,No,59.5,Not Placed
STU01225,Male,CSE,0.0,69.9,6.4,7.0,13.0,37.3,Yes,30.8,Not Placed
STU02116,Male,Mechanical,2.2,74.3,5.0,5.2,13.0,58.5,No,59.6,Not Placed
STU09444,Female,Commerce,1.1,63.3,6.3,3.2,5.0,51.6,No,45.8,Not Placed
STU09915,Male,CSE,4.7,77.4,8.6,3.7,16.0,75.8,Yes,76.8,Placed
STU09189,Female,CSE,2.8,71.7,7.0,3.8,10.0,60.4,Yes,61.6,Placed
STU05437,Female,Civil,2.1,68.3,7.1,6.2,11.0,57.2,Yes,50.0,Not Placed
STU07378,Female,mechanical,1.5,68.8,4.5,3.7,2.0,47.3,Yes,33.8,Not Placed
STU02144,Male,Civil,3.0,75.9,4.9,4.6,15.0,65.4,No,66.8,Not Placed
STU00685,Female,Mechanical,2.1,59.6,,5.1,11.0,66.6,Yes,56.4,Placed
STU07473,Female,CSE,4.5,73.5,6.5,4.0,13.0,64.4,Yes,67.4,Placed
STU02261,Male,Mechanical,0.0,,6.8,,3.0,38.0,Yes,27.2,Not Placed
STU02865,Female,IT,4.3,77.0,6.7,3.9,11.0,48.5,No,58.8,Not Placed
STU06653,Male,CSE,4.5,64.9,7.9,3.7,7.0,60.9,Yes,60.7,Placed
STU00082,Male,IT,4.3,76.9,6.7,4.5,12.0,54.0,Yes,56.8,Not Placed
STU09661,Female,ECE,2.7,74.8,7.2,5.7,14.0,75.6,Yes,62.8,Placed
STU09725,Female,Mechanical,1.4,68.1,8.2,5.3,14.0,50.5,No,57.2,Not Placed
STU04497,Female,Mechanical,2.0,67.5,5.6,5.7,10.0,,Yes,48.4,Not Placed
STU02690,Female,Commerce,2.7,60.2,7.1,6.1,7.0,46.0,No,44.2,Not Placed
STU08995,Female,Commerce,1.3,71.0,7.3,4.3,15.0,67.3,No,55.8,Not Placed
STU01270,Male,ECE,4.3,82.7,6.7,5.3,20.0,71.1,No,67.4,Placed
STU02297,Female,IT,4.5,86.1,,,20.0,96.1,Yes,93.9,Placed
STU04298,Female,CSE,3.7,65.8,6.7,4.5,7.0,46.4,No,47.7,Not Placed
STU07135,Male,Commerce,3.8,73.9,7.9,4.5,10.0,54.7,Yes,52.9,Placed
STU05354,Male,CSE,3.3,71.6,7.1,6.5,10.0,58.5,Yes,63.2,Placed
STU05634,Male,IT,1.9,77.8,6.3,1.6,17.0,74.3,No,62.4,Placed
STU09568,Female,ECE,3.5,72.1,8.4,2.9,8.0,41.3,Yes,62.4,Not Placed
STU01790,Male,Commerce,,86.5,7.0,1.6,19.0,70.6,Yes,79.1,Placed
STU00901,Male,Mechanical,6.2,100.0,7.9,6.3,16.0,65.9,No,71.9,Not Placed
STU03815,Male,cse,5.0,83.5,8.5,3.8,16.0,81.3,Yes,78.0,Placed
STU01434,Male,Mechanical,1.9,57.5,7.0,7.6,8.0,37.3,No,39.4,Not Placed
STU02807,Male,CSE,6.0,87.8,6.1,3.5,20.0,83.8,Yes,85.7,Placed
STU00698,Female,CSE,4.3,67.5,6.4,3.4,10.0,56.2,No,50.6,Not Placed
STU02302,Female,IT,3.0,60.0,5.5,3.8,5.0,50.4,Yes,48.8,Not Placed
STU08472,Female,ECE,2.6,71.4,6.3,4.6,12.0,40.2,Yes,43.5,Not Placed
STU03530,Male,IT,,79.8,6.2,4.3,16.0,52.9,No,62.9,Placed
STU06997,Female,Civil,2.4,74.0,7.3,6.7,12.0,66.3,No,53.9,Not Placed
STU03017,Female,CSE,2.7,84.7,8.7,5.2,,58.6,Yes,50.7,Placed
STU01993,Male,CSE,5.6,73.7,7.1,5.3,16.0,62.0,No,73.3,Placed
STU05228,Female,IT,4.2,85.7,5.1,1.8,13.0,61.1,No,59.1,Placed
STU08104,Female,Commerce,6.1,98.0,6.9,3.9,17.0,72.3,Yes,81.7,Placed
STU09418,Female,CSE,6.2,78.5,7.7,6.6,13.0,53.6,Yes,62.7,Placed
STU09340,Male,Civil,4.3,78.1,4.6,4.8,14.0,66.5,No,71.0,Placed
STU09142,male,IT,4.8,87.4,6.1,3.8,16.0,74.4,No,86.1,Placed
STU04473,Female,Civil,3.9,100.0,7.6,3.4,16.0,82.3,No,86.2,Placed
STU09646,Female,CSE,3.7,66.5,7.8,3.2,9.0,34.1,No,55.7,Placed
STU02228,Female,Commerce,3.7,100.0,7.5,5.3,12.0,74.8,No,62.8,Placed
STU00660,Female,Mechanical,4.6,85.3,5.6,3.0,13.0,54.9,Yes,54.6,Placed
STU05163,Male,CSE,4.5,86.2,6.5,1.4,20.0,75.3,Yes,74.7,Placed
STU01969,Female,Commerce,4.6,87.2,6.7,3.1,10.0,53.6,No,51.3,Not Placed
STU06584,Female,CSE,3.8,84.4,6.9,3.5,,70.6,No,78.1,Placed
STU09348,Female,Commerce,3.4,66.7,,,12.0,,Yes,65.1,Placed
STU06664,Male,CSE,0.0,68.8,6.4,5.5,14.0,57.6,Yes,46.5,Not Placed
STU01813,Male,Commerce,3.0,68.6,7.2,2.9,11.0,55.1,No,55.9,Not Placed
STU09336,Male,CSE,4.0,59.6,8.3,3.9,8.0,44.2,No,43.3,Not Placed
STU09393,Female,Civil,2.5,69.1,6.5,4.8,5.0,42.9,No,47.4,Not Placed
STU00416,Female,Commerce,3.6,73.9,7.2,2.4,12.0,69.1,Yes,63.5,Not Placed
STU07842,Female,Mechanical,0.0,55.9,8.3,4.8,1.0,27.6,Yes,20.7,Not Placed
STU05761,Male,Mechanical,4.1,100.0,6.5,7.0,20.0,79.9,Yes,74.5,Placed
STU01087,Male,CSE,2.8,46.8,4.4,7.0,5.0,46.8,No,46.4,Not Placed
STU08272,Female,CSE,4.0,81.6,6.6,6.6,13.0,64.2,No,63.1,Placed
STU09194,Female,Civil,3.3,86.4,6.9,5.5,14.0,63.2,No,56.9,Not Placed
STU00110,Male,Mechanical,2.1,58.9,6.9,6.4,2.0,48.5,No,33.5,Not Placed
STU06149,Female,Civil,,72.8,6.2,4.7,7.0,32.3,No,46.8,Not Placed
STU03674,Male,IT,0.5,49.1,6.8,4.3,5.0,40.5,No,30.2,Not Placed
STU02726,Male,IT,,67.2,6.1,5.8,10.0,50.5,No,49.5,Not Placed
STU07548,Male,CSE,3.4,82.4,4.4,3.0,14.0,51.3,No,66.2,Placed
STU02934,Female,CSE,2.7,84.8,6.3,3.8,19.0,72.0,No,74.8,Placed
STU06656,Female,ECE,4.4,81.4,5.4,3.9,13.0,73.2,No,66.7,Placed
STU09209,Male,IT,1.2,52.9,6.5,5.4,2.0,27.2,No,29.6,Not Placed
STU09411,Female,Commerce,5.7,71.2,6.3,5.4,9.0,55.8,No,59.3,Not Placed
STU07251,Male,Civil,3.0,75.9,7.3,5.6,10.0,55.4,Yes,55.0,Not Placed
STU09218,Female,CSE,2.4,77.5,6.6,4.4,16.0,72.3,No,61.7,Placed
STU08816,Female,civil,3.3,59.7,8.4,4.4,8.0,57.0,No,52.8,Not Placed
STU09811,Female,Mechanical,4.1,68.1,5.9,3.8,11.0,52.9,No,61.0,Not Placed
STU01707,Male,Mechanical,3.9,66.8,4.8,5.1,7.0,66.8,No,54.7,Not Placed
STU01243,Female,Commerce,3.2,94.2,5.3,2.9,20.0,76.9,No,67.8,Placed
STU04268,Female,CSE,3.0,71.9,6.2,5.6,10.0,76.3,No,62.8,Not Placed
STU03758,Male,CSE,5.4,75.8,7.6,7.1,5.0,55.2,No,55.9,Not Placed
STU04819,Male,IT,5.5,81.9,6.9,5.0,11.0,69.4,Yes,75.6,Placed
STU06844,Male,Mechanical,3.1,66.4,4.7,2.9,10.0,71.3,No,48.0,Not Placed
STU06975,Female,Civil,5.6,92.1,8.4,3.9,15.0,80.4,No,91.1,Placed
STU03127,Female,Civil,5.3,86.8,8.0,4.8,10.0,67.2,Yes,65.6,Placed
STU02659,Female,CSE,1.4,70.9,6.9,2.6,12.0,65.7,Yes,52.7,Placed
STU07963,Female,ECE,5.4,94.6,8.4,1.8,20.0,77.6,No,83.6,Placed
STU04476,Male,CSE,1.0,77.1,6.8,6.9,10.0,71.4,No,53.5,Placed
STU09563,Female,CSE,4.3,88.6,6.6,2.9,20.0,77.5,No,85.2,Placed
STU05364,Male,Commerce,3.6,87.2,5.8,6.0,11.0,63.2,No,61.3,Not Placed
STU02170,Female,ECE,2.4,62.9,7.3,5.3,12.0,56.1,No,44.7,Not Placed
STU06432,Female,CSE,2.6,82.8,5.3,3.1,16.0,69.7,No,71.3,Placed
STU02055,Female,CSE,3.7,77.8,7.9,4.0,16.0,56.6,No,68.5,Placed
STU08715,Female,Civil,3.3,71.0,4.3,5.4,10.0,57.2,Yes,46.6,Not Placed
STU03672,Female,IT,4.0,65.4,7.6,6.2,15.0,72.2,No,65.0,Placed
STU04841,Female,IT,3.8,72.5,5.1,4.2,13.0,61.8,No,62.8,Not Placed
STU03018,Male,Commerce,1.3,75.9,6.6,6.4,19.0,,No,65.7,Placed
STU00365,Female,CSE,1.5,69.3,7.0,4.9,11.0,71.2,Yes,49.6,Placed
STU08967,Male,Mechanical,1.5,66.7,7.5,4.9,14.0,62.3,No,47.1,Not Placed
STU05935,Female,CSE,1.4,58.6,5.1,3.3,4.0,52.3,No,34.9,Not Placed
STU02550,Female,cse,4.8,93.7,8.7,3.5,18.0,69.0,No,79.3,Placed
STU07280,Male,IT,4.7,92.3,7.8,3.3,17.0,65.3,Yes,75.4,Placed
STU08733,Male,Commerce,4.4,79.0,8.7,4.9,11.0,56.4,No,57.3,Not Placed
STU02828,Female,CSE,6.1,91.3,8.8,5.4,20.0,87.5,No,77.9,Placed
STU04287,Male,Commerce,3.6,69.6,8.7,3.3,13.0,38.0,No,50.2,Not Placed
STU05408,Male,Civil,,66.0,6.9,3.7,10.0,68.6,Yes,69.3,Placed
STU07065,Male,Commerce,5.8,92.1,7.4,2.5,16.0,83.4,No,78.6,Placed
STU03235,Male,Commerce,1.3,63.4,7.1,4.6,10.0,60.7,No,51.2,Not Placed
STU09100,Male,CSE,1.1,73.5,8.1,4.7,13.0,61.0,Yes,59.7,Placed
STU01122,Female,CSE,1.6,65.7,7.6,5.1,13.0,65.8,Yes,51.4,Not Placed
STU06586,Male,Civil,1.1,77.6,7.3,6.9,7.0,60.6,No,46.9,Not Placed
STU02254,Male,Mechanical,2.2,59.6,6.9,6.8,3.0,36.0,No,42.4,Not Placed
STU05070,Male,Mechanical,2.4,77.7,9.3,3.9,17.0,77.2,No,61.7,Placed
STU04701,Female,CSE,2.3,61.9,8.0,,18.0,82.2,No,70.9,Placed
STU04565,Female,CSE,2.8,74.7,7.2,5.1,15.0,70.2,No,56.8,Placed
STU00542,Female,Mechanical,2.1,65.5,6.1,6.6,10.0,59.2,No,55.3,Not Placed
STU06576,Female,Mechanical,2.8,67.6,7.5,4.4,14.0,70.1,Yes,63.9,Placed
STU02416,Male,ECE,3.3,73.3,9.2,5.6,18.0,84.6,No,70.4,Placed
STU01684,Female,Civil,4.2,83.4,7.4,4.0,16.0,75.6,Yes,68.2,Placed
STU07073,Male,CSE,2.0,71.4,6.0,1.6,14.0,60.7,No,62.3,Placed
STU00588,Male,ECE,1.0,74.5,4.7,4.8,11.0,47.4,Yes,41.3,Not Placed
STU04370,Female,Commerce,6.0,85.3,7.3,2.0,16.0,80.5,Yes,79.6,Placed
STU00512,Male,CSE,2.9,63.7,6.1,4.6,9.0,63.0,Yes,46.4,Not Placed
STU00800,Male,Commerce,4.5,78.4,9.7,1.6,11.0,70.0,Yes,64.3,Placed
STU09710,Male,Commerce,3.2,73.5,7.4,3.6,8.0,48.1,No,52.5,Not Placed
STU00679,Male,CSE,3.5,69.8,6.7,6.4,12.0,73.2,Yes,67.9,Placed
STU03314,Male,IT,3.5,69.1,6.6,3.7,14.0,59.4,No,64.3,Placed
STU07312,Male,Commerce,2.8,87.1,5.9,4.0,19.0,85.5,No,74.7,Placed
STU08985,Female,Commerce,5.0,76.3,5.7,4.1,15.0,68.3,No,65.6,Not Placed
STU00902,Female,CSE,3.4,69.4,7.3,4.9,13.0,68.8,Yes,56.5,Placed
STU06829,Female,IT,1.8,69.9,7.6,6.9,9.0,64.9,No,51.3,Not Placed
STU06038,Male,Mechanical,4.6,87.8,5.7,3.3,12.0,72.0,No,64.6,Not Placed
STU00460,Female,Commerce,1.6,74.0,7.3,3.8,14.0,58.5,No,66.5,Not Placed
STU00755,Male,IT,6.8,88.4,7.3,3.0,20.0,70.4,No,91.0,Placed
STU01495,Male,ECE,0.9,74.9,5.9,4.0,12.0,62.0,No,47.0,Not Placed
STU07615,Male,CSE,1.0,52.2,6.5,,7.0,39.7,No,32.0,Not Placed
STU01512,Female,ECE,2.6,71.6,8.6,2.4,16.0,72.3,No,67.6,Not Placed
STU08590,Female,Commerce,1.5,53.7,4.8,6.2,4.0,42.2,No,27.3,Not Placed
STU04296,Male,Civil,3.7,65.2,,0.6,11.0,63.5,Yes,59.2,Not Placed
STU02199,Female,ECE,3.2,77.8,5.8,3.2,14.0,62.5,No,71.1,Placed
STU01464,Male,IT,4.9,80.2,7.7,2.8,17.0,64.4,No,76.6,Placed
STU05841,Female,CSE,4.0,76.3,6.6,5.4,10.0,47.2,Yes,53.1,Not Placed
STU01242,Female,MECHANICAL,4.8,70.4,4.1,4.6,13.0,49.1,No,53.9,Not Placed
STU08953,Female,Mechanical,0.2,61.9,9.1,6.2,9.0,47.4,No,36.1,Not Placed
STU04547,Female,ECE,1.2,58.9,6.9,6.3,2.0,27.0,No,26.7,Not Placed
STU04001,Female,Civil,1.7,76.9,6.3,4.3,14.0,78.3,Yes,53.1,Placed
STU04550,Female,Mechanical,2.4,56.4,6.3,4.6,9.0,45.2,No,45.8,Not Placed
STU09682,Male,Civil,4.7,80.8,6.1,6.4,11.0,62.4,Yes,64.3,Not Placed
STU02889,Female,Mechanical,2.6,82.9,7.4,3.9,15.0,51.6,Yes,55.4,Not Placed
STU07242,Female,CSE,2.7,59.1,7.1,6.7,8.0,53.7,Yes,46.3,Not Placed
STU04508,Male,Commerce,2.6,58.6,7.9,3.1,9.0,50.2,No,48.3,Not Placed
STU06444,Female,Mechanical,4.5,88.4,9.1,3.1,14.0,62.1,Yes,60.4,Not Placed
STU01740,Female,Civil,4.2,84.0,4.9,4.2,,56.9,No,57.6,Not Placed
STU05308,Male,CSE,,64.9,6.6,5.9,9.0,55.1,Yes,53.4,Not Placed
STU00267,Male,CSE,0.1,49.7,4.9,4.7,13.0,61.8,Yes,46.4,Placed
STU02569,Female,CSE,2.1,62.1,6.3,3.1,6.0,29.7,Yes,26.8,Not Placed
STU03998,Female,CSE,4.7,83.0,5.9,2.7,14.0,57.4,No,66.5,Not Placed
STU03224,Female,ECE,2.5,62.9,7.6,3.1,7.0,,No,42.1,Not Placed
STU08973,Female,CSE,4.3,73.1,9.0,2.8,,63.0,Yes,63.4,Placed
STU01539,Female,CSE,2.2,72.8,5.5,4.3,13.0,57.0,Yes,45.4,Not Placed
STU03353,Female,CSE,3.4,68.4,4.2,1.8,15.0,72.1,No,59.2,Placed
STU09693,Female,IT,5.4,71.8,7.2,6.5,18.0,68.0,No,72.8,Placed
STU03317,Female,Mechanical,3.7,81.9,6.1,5.8,11.0,64.9,Yes,60.0,Placed
STU08485,Female,Commerce,2.3,69.2,7.6,6.3,,82.3,Yes,66.5,Placed
STU06959,Female,Commerce,0.9,69.9,6.8,3.8,11.0,55.2,No,57.3,Not Placed
STU09723,Female,Civil,3.2,,7.3,5.3,4.0,33.5,Yes,42.0,Not Placed
STU07972,Male,CSE,,79.3,6.6,,19.0,44.3,No,68.5,Placed
STU04351,Female,IT,2.2,68.7,8.1,6.3,10.0,54.9,No,47.1,Not Placed
STU01509,Male,,6.7,88.3,7.6,2.0,18.0,81.3,Yes,78.5,Placed
STU09562,Female,ECE,3.7,71.4,5.9,4.6,10.0,65.6,No,59.3,Not Placed
STU01171,Male,ECE,2.8,74.4,7.7,5.9,12.0,54.7,No,50.1,Not Placed
STU03747,Female,IT,3.4,68.5,6.7,4.7,11.0,43.3,No,56.1,Not Placed
STU06847,Female,CSE,4.1,67.3,8.0,2.4,12.0,64.6,No,63.0,Placed
STU05544,Female,Mechanical,1.5,73.4,7.9,7.1,12.0,45.6,Yes,49.3,Not Placed
STU05942,Female,IT,,,,5.5,5.0,57.1,Yes,38.9,Not Placed
STU05469,Female,Civil,5.0,88.1,7.9,1.8,12.0,67.9,No,69.7,Placed
STU08789,Male,IT,2.5,63.8,8.2,,7.0,50.5,No,54.3,Not Placed
STU04658,Male,Civil,4.3,65.2,5.8,6.2,9.0,62.3,No,53.0,Not Placed
STU09426,Male,Commerce,6.2,98.4,6.5,3.8,20.0,85.8,No,92.0,Placed
STU05862,Female,CSE,3.8,,5.9,3.8,14.0,83.1,Yes,68.5,Placed
STU05207,Male,Civil,1.5,60.5,4.7,6.0,9.0,42.6,No,34.7,Not Placed
STU06217,Female,CSE,4.0,75.0,7.8,1.9,13.0,60.0,Yes,71.7,Placed
STU02349,Male,Mechanical,3.8,90.7,7.6,4.2,20.0,75.1,No,75.9,Placed
STU08107,Male,CSE,4.9,89.6,7.6,3.7,15.0,65.3,Yes,74.5,Placed
STU03679,Male,CSE,4.9,74.5,5.9,3.7,9.0,53.5,Yes,52.9,Not Placed
STU09050,Female,ECE,2.4,61.1,8.4,2.7,7.0,,No,53.0,Not Placed
STU05442,Female,CSE,,78.7,6.3,7.1,11.0,56.0,Yes,42.5,Placed
STU06345,Male,Mechanical,3.4,69.3,7.7,6.3,8.0,65.1,No,47.3,Not Placed
STU07100,Male,ECE,4.8,74.9,5.9,3.4,19.0,57.9,Yes,63.9,Placed
STU01602,Male,ECE,5.8,91.9,7.1,0.6,14.0,77.6,No,83.2,Placed
STU08845,Male,IT,3.3,,7.7,6.2,,73.2,Yes,66.1,Placed
STU02285,Male,CSE,4.9,89.2,5.9,4.3,11.0,63.7,No,66.3,Not Placed
STU03842,Male,CSE,4.3,71.3,8.3,4.6,12.0,58.0,Yes,54.1,Not Placed
STU01676,Female,IT,3.2,57.7,6.7,5.3,10.0,44.6,No,50.0,Not Placed
STU08898,Male,IT,7.0,90.0,7.9,3.6,15.0,84.7,Yes,94.8,Placed
STU05818,Male,Commerce,4.8,82.9,6.4,5.1,12.0,,No,67.1,Not Placed
STU01711,Male,Mechanical,2.5,62.8,7.5,7.1,11.0,,No,42.5,Not Placed
STU05958,Male,Civil,3.2,91.4,6.1,6.3,20.0,68.8,Yes,59.1,Placed
STU01831,Male,ECE,5.0,79.5,8.4,3.7,18.0,81.9,No,79.7,Placed
STU05974,Female,CSE,3.8,74.1,6.5,3.8,11.0,67.4,Yes,63.4,Placed
STU01035,Female,Mechanical,1.3,68.7,8.2,5.7,7.0,63.4,No,50.8,Not Placed
STU03537,Female,CSE,4.4,76.7,6.7,4.2,13.0,62.1,Yes,61.7,Placed
STU02324,Male,CSE,3.9,,8.8,4.5,20.0,65.4,No,61.1,Not Placed
STU04169,Female, IT ,1.5,61.5,5.7,4.4,11.0,58.3,Yes,47.2,Not Placed
STU02776,Female,IT,4.6,89.3,6.5,1.9,20.0,85.6,No,86.3,Not Placed
STU06248,Male,CSE,1.9,67.7,8.2,4.3,12.0,56.0,No,48.1,Not Placed
STU07267,Male,ECE,1.3,56.5,6.4,5.5,9.0,63.3,No,44.8,Not Placed
STU07420,Male,Mechanical,4.4,77.1,7.4,3.8,6.0,52.9,No,52.6,Placed
STU08738,Male,IT,,92.6,9.1,0.7,20.0,85.1,Yes,91.6,Placed
STU07199,Female,ECE,2.1,70.1,8.2,4.0,11.0,58.3,No,39.5,Not Placed
STU08199,Male,Commerce,2.2,60.9,5.9,7.0,9.0,36.6,No,36.4,Not Placed
STU09010,Female,IT,3.2,68.6,7.3,6.5,11.0,40.7,No,51.1,Not Placed
STU00674,Female,Commerce,2.3,77.1,5.3,3.3,12.0,,Yes,44.6,Not Placed
STU06591,male,IT,3.8,71.6,8.2,3.1,11.0,73.6,No,64.3,Placed
STU00378,Male,CSE,3.7,58.5,6.1,6.9,5.0,40.7,No,40.4,Not Placed
STU08903,Female,Commerce,1.0,73.9,7.1,6.5,8.0,38.9,No,38.0,Not Placed
STU00751,Male,Mechanical,,74.2,8.5,4.6,14.0,62.2,No,45.1,Not Placed
STU02669,Male,IT,4.3,74.6,6.7,4.1,16.0,54.5,No,61.5,Not Placed
STU05183,Female,CSE,4.1,62.8,5.1,4.1,9.0,73.4,Yes,60.0,Placed
STU06535,Female,CSE,2.6,,7.7,,8.0,36.4,No,43.5,Not Placed
STU06692,Male,CSE,5.7,84.2,6.0,4.1,14.0,73.7,Yes,71.8,Placed
STU07947,Female,CSE,2.7,79.4,5.1,4.3,14.0,92.0,No,70.9,Placed
STU03327,Male,IT,16.6,73.5,8.7,5.5,17.0,87.3,No,66.5,Placed
STU05916,Female,ECE,4.6,89.7,8.1,6.4,16.0,71.4,No,65.8,Placed
STU08181,Male,Commerce,5.6,81.8,6.3,4.9,13.0,60.6,No,61.0,Not Placed
STU05499,Male,IT,,70.7,6.0,3.9,16.0,64.5,No,61.6,Placed
STU08185,Male,IT,1.6,70.5,7.8,7.1,12.0,61.2,No,56.7,Not Placed
STU02442,Female,Mechanical,2.4,72.6,6.3,3.4,19.0,68.6,Yes,68.2,Placed
STU07941,Male,ECE,2.4,69.8,6.9,3.4,10.0,67.2,No,63.0,Not Placed
STU03282,Male,CSE,5.3,81.3,6.2,2.2,16.0,74.5,Yes,68.8,Placed
STU07524,Male,CSE,4.5,81.2,7.4,2.1,14.0,60.2,No,77.6,Placed
STU05869,Female,CSE,5.0,76.0,7.6,0.2,16.0,79.5,No,75.9,Placed
STU06353,Male,Mechanical,4.4,90.6,5.1,4.1,20.0,82.3,Yes,83.1,Placed
STU06871,M,CSE,4.0,72.7,8.4,3.8,12.0,64.8,No,64.6,Placed
STU03144,Male,Mechanical,3.8,72.9,7.7,3.9,13.0,60.5,No,61.9,Placed
STU05275,Male,Civil,1.4,67.0,6.1,,15.0,53.1,Yes,44.5,Not Placed
STU03311,Female,CSE,5.8,66.5,8.0,5.4,15.0,48.2,Yes,57.1,Placed
STU05035,Male,IT,5.5,79.0,7.3,3.7,14.0,60.0,No,73.1,Placed
STU00241,Female,Mechanical,2.2,56.2,7.1,2.9,13.0,39.3,Yes,49.9,Placed
STU06539,Male,COMMERCE,3.5,77.7,7.4,4.7,13.0,55.3,Yes,62.3,Placed
STU06900,female,Commerce,0.9,59.0,6.0,5.7,7.0,60.2,Yes,36.4,Not Placed
STU08870,Female,CSE,4.2,78.5,7.1,4.7,18.0,64.7,No,70.4,Placed
STU02040,Female,CSE,0.2,78.0,,3.4,16.0,71.0,No,46.4,Not Placed
STU09154,Female,Mechanical,4.4,74.3,7.8,4.8,13.0,66.2,No,59.5,Not Placed
STU08517,Female,Commerce,1.5,73.0,8.7,5.0,6.0,39.9,Yes,44.0,Not Placed
STU02334,Male,CSE,1.6,67.6,5.5,6.5,16.0,49.3,No,37.0,Not Placed
STU01345,Female,Commerce,1.6,60.7,6.2,3.5,9.0,42.9,No,29.4,Not Placed
STU07774,Female,IT,4.1,66.8,7.7,5.9,15.0,71.4,Yes,72.5,Placed
STU07118,Male,Civil,1.9,46.9,7.8,7.6,7.0,52.7,No,32.7,Not Placed
STU04214,Male,Commerce,3.0,69.0,4.7,4.4,12.0,62.4,No,53.1,Not Placed
STU03994,Female,CSE,3.2,75.8,7.1,4.9,10.0,60.1,Yes,51.8,Not Placed
STU09201,Male,ECE,2.6,100.0,7.1,7.0,17.0,69.9,No,66.8,Placed
STU05414,Male,Civil,5.9,80.9,9.5,3.8,19.0,78.9,No,79.0,Placed
STU08082,Female,IT,4.2,75.3,5.9,4.7,,56.7,No,54.5,Placed
STU00672,Male,Commerce,1.3,78.2,,,17.0,53.1,Yes,48.2,Not Placed
STU09520,Male,CSE,,72.1,5.4,4.6,10.0,61.8,Yes,61.1,Placed
STU04504,Female,IT,5.7,100.0,8.2,3.9,20.0,63.0,Yes,76.4,Placed
STU09202,Female,Civil,1.4,61.2,7.2,,10.0,54.8,No,49.5,Not Placed
STU06445,male,Mechanical,1.4,76.5,6.3,3.7,9.0,68.5,Yes,56.7,Not Placed
STU01892,Female,CSE,1.8,72.6,6.2,3.2,12.0,60.2,No,48.6,Not Placed
STU01145,Female,ECE,2.4,85.0,9.3,5.1,12.0,66.3,Yes,57.5,Placed
STU00853,Male,Mechanical,4.6,87.4,9.4,2.5,15.0,72.8,Yes,78.0,Placed
STU00446,Female,IT,1.9,63.1,6.1,6.6,5.0,46.1,Yes,46.0,Not Placed
STU04568,Male,IT,0.7,63.6,7.7,6.1,12.0,66.7,Yes,53.5,Placed
STU05681,Female,IT,4.1,72.0,6.1,5.6,10.0,61.0,Yes,55.7,Placed
STU09080,Male,IT,3.7,88.6,5.4,4.8,8.0,37.3,No,50.9,Not Placed
STU03655,Male,CSE,3.8,86.4,8.2,2.8,14.0,73.9,No,75.9,Not Placed
STU00447,Male,CSE,5.4,100.0,7.1,4.2,17.0,84.7,No,86.3,Placed
STU07001,Female,Mechanical,1.4,63.9,7.9,5.2,11.0,44.1,No,36.4,Not Placed
STU04237,Female,CSE,1.8,48.9,7.1,1.6,11.0,58.9,Yes,46.5,Not Placed
STU08246,Male,IT,5.1,70.6,6.0,3.9,9.0,63.8,No,63.9,Not Placed
STU07477,Male,IT,3.9,,,4.3,9.0,51.0,Yes,53.3,Not Placed
STU02265,Female,ECE,6.4,83.5,5.5,1.9,19.0,71.5,No,76.8,Placed
STU08534,Male,ECE,4.7,83.4,6.4,3.7,14.0,71.8,Yes,73.1,Placed
STU00478,Female,Commerce,1.2,46.5,5.6,5.7,6.0,51.8,No,39.9,Not Placed
STU05868,Male,commerce,2.0,76.9,6.5,3.0,16.0,73.7,No,62.4,Not Placed
STU00530,Male,CSE,5.4,92.9,6.0,3.6,19.0,73.2,No,83.3,Placed
STU05357,Male,Mechanical,2.4,67.9,6.2,3.6,3.0,33.2,No,50.2,Not Placed
STU07727,Female,Mechanical,3.1,82.5,7.6,3.5,11.0,57.4,Yes,63.6,Placed
STU02451,Male,CSE,2.2,73.1,6.5,2.0,10.0,55.6,Yes,59.3,Not Placed
STU04758,Female,Mechanical,6.6,88.5,8.8,2.4,18.0,69.0,No,72.0,Placed
STU02353,Male,CSE,3.5,72.7,6.9,5.3,,55.7,Yes,52.5,Not Placed
STU00798,Male,Commerce,5.7,88.7,6.8,4.4,20.0,76.7,No,78.1,Placed
STU06029,Male,CSE,7.3,87.0,8.3,4.4,16.0,61.5,No,80.9,Placed
STU07302,Male,Mechanical,2.8,70.8,5.2,6.7,14.0,50.2,Yes,49.7,Not Placed
STU05533,Male,Mechanical,4.4,84.0,8.1,3.2,14.0,56.9,No,62.5,Placed
STU09711,Female,IT,2.5,48.3,5.8,4.8,7.0,31.9,No,36.2,Not Placed
STU01101,Female,ECE,,86.6,7.4,2.6,16.0,72.6,No,70.6,Placed
STU07109,Female, ECE ,4.5,79.9,7.3,6.5,20.0,85.0,Yes,83.1,Placed
STU07909,Male,Mechanical,3.2,75.4,7.4,6.1,5.0,47.9,No,47.6,Not Placed
STU01219,Male,ECE,4.7,72.8,6.0,6.0,7.0,,Yes,48.9,Not Placed
STU02232,Female,IT,2.7,71.9,4.4,7.5,8.0,,No,49.5,Not Placed
STU05010,Male,ECE,6.7,93.5,6.8,2.0,11.0,70.3,No,77.1,Not Placed
STU07288,Male,ECE,5.4,94.1,5.8,,17.0,64.3,No,71.1,Placed
STU04570,Female,Civil,2.2,78.1,5.9,1.4,13.0,81.8,Yes,70.7,Placed
STU00014,Female,ECE,5.0,82.3,6.4,2.9,17.0,70.1,No,83.3,Placed
STU02346,Male,ECE,2.5,58.5,5.6,6.3,8.0,62.5,No,44.1,Not Placed
STU07142,Female,CSE,1.3,71.0,6.0,5.1,18.0,70.7,Yes,63.4,Placed
STU02428,Male,ECE,4.1,69.7,6.5,5.6,11.0,61.6,No,50.3,Not Placed
STU05312,Female,Mechanical,4.7,79.7,8.2,2.0,7.0,61.9,Yes,56.5,Not Placed
STU03997,Male,Commerce,0.0,73.8,6.5,3.5,20.0,70.2,Yes,60.9,Placed
STU00807,Female,Civil,4.5,85.5,7.1,4.4,12.0,53.8,No,60.4,Not Placed
STU03183,Male,IT,3.3,73.3,6.5,2.8,9.0,43.8,Yes,50.8,Placed
STU01709,Female,ECE,2.8,82.7,,4.0,14.0,73.7,Yes,69.4,Placed
STU07533,Male,Mechanical,1.5,60.1,8.8,4.1,3.0,48.5,Yes,43.4,Not Placed
STU01907,Male,IT,4.5,86.6,8.6,7.3,11.0,54.6,No,53.6,Placed
STU00699,Female,CSE,6.0,74.6,7.9,6.1,11.0,61.2,No,61.6,Placed
STU04589,Male,CSE,2.3,67.9,8.6,7.0,11.0,41.9,No,43.4,Not Placed
STU07464,Male,Commerce,3.4,74.9,9.2,,12.0,55.5,No,54.5,Placed
STU00714,Female,ECE,2.1,80.4,6.4,6.0,15.0,62.4,No,52.2,Placed
STU03716,Female,IT,3.9,81.6,7.7,5.7,11.0,50.7,No,56.6,Not Placed
STU07577,Female,Commerce,7.0,81.5,5.9,5.1,16.0,57.8,Yes,57.8,Placed
STU06720,Female,Commerce,3.2,79.5,6.4,3.2,14.0,,No,55.4,Not Placed
STU09449,Male,Commerce,1.8,68.9,,4.0,11.0,43.9,No,48.0,Not Placed
STU06012,Female,IT,4.0,84.6,7.9,4.3,20.0,59.2,Yes,74.2,Placed
STU09242,Male,IT,2.2,78.0,7.7,4.8,12.0,59.2,Yes,52.1,Placed
STU03160,Male,IT,2.8,77.9,7.3,5.8,12.0,56.0,No,56.9,Not Placed
STU09210,Male,CSE,4.0,72.8,6.0,4.8,15.0,55.6,Yes,59.1,Placed
STU06873,Female,CSE,2.3,79.1,7.0,2.6,11.0,61.4,Yes,58.1,Placed
STU08292,Male,CSE,4.1,87.7,8.6,3.7,20.0,90.7,No,82.6,Placed
STU00611,Male,CSE,2.5,83.7,7.5,5.5,11.0,53.4,Yes,38.9,Not Placed
STU03362,Female,CSE,0.2,52.0,7.5,7.0,6.0,27.3,Yes,30.6,Not Placed
STU06957,Female,Mechanical,1.9,67.0,6.0,6.0,8.0,51.2,Yes,42.0,Not Placed
STU09045,Female,Civil,5.2,80.2,6.1,1.2,15.0,64.2,Yes,73.1,Placed
STU00434,Female,ECE,2.1,76.0,7.9,5.6,9.0,42.2,No,41.2,Not Placed
STU04050,Male,Commerce,0.5,75.5,5.9,5.6,,68.0,No,57.9,Placed
STU06911,Female,Mechanical,4.5,83.8,6.6,3.5,,60.2,Yes,64.9,Placed
STU05629,Male,IT,4.2,83.5,5.7,7.1,16.0,59.6,Yes,63.9,Placed
STU00552,Male,IT,4.7,78.6,7.1,6.5,16.0,70.2,No,69.8,Placed
STU00971,Male,Mechanical,3.9,72.0,6.7,4.2,10.0,53.9,No,57.9,Not Placed
STU06138,Female,IT,0.1,54.7,7.6,6.3,11.0,32.0,Yes,38.6,Not Placed
STU01859,Female,Mechanical,1.2,76.4,7.6,2.7,14.0,74.4,Yes,63.3,Placed
STU00341,Female,Civil,0.2,59.2,7.0,6.2,3.0,49.4,Yes,32.7,Not Placed
STU00620,Male,Mechanical,4.8,92.1,6.9,3.6,17.0,71.3,Yes,80.6,Placed
STU01226,Male,CSE,3.7,80.3,6.7,5.4,16.0,69.8,No,62.1,Placed
STU00313,Male,CSE,6.7,,4.8,2.2,19.0,79.8,Yes,82.3,Placed
STU07059,Male,Mechanical,5.2,85.9,7.0,1.5,20.0,81.0,No,86.9,Placed
STU03912,Male,CSE,5.3,91.4,8.1,1.9,20.0,90.4,Yes,83.6,Placed
STU00052,Male,Civil,3.5,73.7,7.6,2.5,13.0,67.4,Yes,65.3,Placed
STU06803,Male,ECE,3.6,70.7,6.7,3.0,14.0,61.8,No,57.8,Not Placed
STU03962,Female,Commerce,4.6,87.6,7.9,2.9,16.0,74.7,Yes,72.5,Placed
STU08413,Male,Civil,3.9,60.1,7.6,3.6,9.0,45.0,No,55.1,Not Placed
STU08794,Female,Mechanical,2.7,70.3,5.6,5.2,13.0,60.1,No,47.8,Not Placed
STU00039,Female,Mechanical,3.6,,7.0,4.9,13.0,53.8,No,61.8,Not Placed
STU04569,Male,CSE,4.5,78.6,4.8,3.1,17.0,73.1,Yes,0.0,Placed
STU04267,Female,Commerce,2.5,66.9,5.8,5.0,8.0,61.2,No,51.1,Not Placed
STU07875,Female,Mechanical,2.3,73.3,6.4,4.1,11.0,77.5,No,63.8,Not Placed
STU05309,Female,ECE,3.6,73.0,6.9,4.1,17.0,66.6,No,71.4,Placed
STU05871,Male,Mechanical,3.9,84.2,6.8,6.0,15.0,64.5,No,69.2,Not Placed
STU00997,Male,Civil,1.1,74.8,7.2,,16.0,65.0,No,58.9,Placed
STU09369,Female,ECE,2.0,61.3,6.8,7.0,10.0,56.0,No,49.9,Not Placed
STU04773,Male,CSE,4.8,72.3,7.0,2.9,9.0,43.1,Yes,55.0,Not Placed
STU02133,Female,Mechanical,3.2,57.5,7.2,6.5,10.0,40.3,No,39.3,Not Placed
STU06901,Female,IT,2.8,69.5,5.8,5.9,11.0,52.9,No,48.7,Not Placed
STU08653,Male,CSE,2.5,69.0,5.1,2.7,14.0,65.9,Yes,53.0,Placed
STU05336,Female,Civil,2.7,64.2,6.8,5.5,11.0,50.5,No,51.6,Not Placed
STU01123,Male,CSE,2.8,67.0,8.5,6.0,12.0,52.9,Yes,48.9,Not Placed
STU09616,Male,Commerce,1.6,84.8,7.7,2.5,20.0,75.5,Yes,65.8,Placed
STU03476,Male,Civil,4.0,78.7,6.1,4.4,14.0,83.5,No,68.2,Placed
STU06523,Male,Commerce,4.0,81.0,9.8,3.6,16.0,75.0,Yes,65.4,Placed
STU04644,Male,Commerce,3.6,88.0,8.3,3.8,16.0,58.6,Yes,65.1,Placed
STU04870,Female,IT,4.0,75.3,7.0,3.5,15.0,64.3,Yes,61.9,Placed
STU04180,Female,ECE,3.2,66.1,7.6,6.3,9.0,43.9,No,44.4,Not Placed
STU04144,Male,Mechanical,4.0,74.2,5.9,4.9,10.0,54.0,Yes,50.6,Not Placed
STU03361,Male,CSE,3.6,74.6,8.2,4.3,12.0,69.4,No,65.3,Not Placed
STU07717,Male,IT,5.3,80.8,8.7,3.9,15.0,75.4,No,73.7,Placed
STU07696,Male,Civil,3.2,89.9,6.4,4.0,16.0,73.0,No,64.0,Not Placed
STU04530,Male,CSE,7.5,100.0,7.1,5.7,20.0,,Yes,87.8,Placed
STU03378,Male,Mechanical,1.2,63.7,7.1,6.4,9.0,60.6,Yes,47.2,Not Placed
STU02999,Male,Mechanical,4.4,89.8,,4.7,15.0,75.6,No,74.9,Not Placed
STU07974,Female,IT,4.6,,6.8,2.0,17.0,85.7,Yes,78.6,Placed
STU01818,Male,IT,2.2,84.5,5.7,3.0,12.0,73.8,No,60.6,Placed
STU00937,Female,Commerce,1.7,65.2,7.9,5.0,11.0,43.2,No,47.8,Not Placed
STU08097,Male,ECE,3.3,83.9,7.2,4.4,12.0,62.6,Yes,60.1,Placed
STU01718,Male,Mechanical,3.0,68.6,7.2,6.5,9.0,51.7,No,52.9,Not Placed
STU00808,Female,ECE,2.7,59.8,8.7,6.8,8.0,48.9,Yes,41.7,Not Placed
STU04107,F,Civil,1.7,51.0,6.4,3.6,4.0,48.0,No,41.8,Not Placed
STU00917,female,ECE,3.6,87.8,6.7,4.5,20.0,79.3,No,75.6,Placed
STU06161,Female,Civil,5.3,74.4,7.2,5.0,12.0,50.9,No,53.0,Not Placed
STU01405,Male,CSE,,68.0,5.7,5.1,10.0,58.0,No,58.1,Not Placed
STU02425,Male,IT,3.4,78.5,5.3,6.5,14.0,63.9,Yes,59.3,Placed
STU03923,Female,CSE,1.7,60.3,5.3,2.9,9.0,46.8,Yes,46.3,Placed
STU01167,Male,CSE,5.4,99.1,5.4,2.9,20.0,78.0,Yes,73.8,Placed
STU02585,Female,CSE,5.3,88.9,6.7,6.5,15.0,59.7,Yes,74.6,Placed
STU09269,Female,Mechanical,1.3,63.0,7.4,5.4,6.0,67.9,Yes,58.9,Not Placed
STU07942,Male,IT,5.6,78.7,6.5,5.4,12.0,64.8,Yes,62.8,Placed
STU00784,Female,CSE,3.0,,6.1,2.8,20.0,,No,78.3,Placed
STU08341,Female,IT,4.3,87.3,8.8,2.5,14.0,62.6,Yes,65.2,Not Placed
STU05002,Male,ECE,3.5,76.2,6.4,5.0,8.0,58.4,No,55.0,Not Placed
STU03987,Female,CSE,2.1,,4.2,4.2,10.0,39.3,No,39.8,Not Placed
STU09931,Female,Mechanical,3.2,,6.9,6.1,5.0,41.0,No,37.0,Not Placed
STU00213,Male,ECE,2.7,61.6,4.5,2.8,16.0,61.3,No,61.5,Not Placed
STU09690,Male,Civil,5.3,93.1,5.6,2.7,17.0,82.0,Yes,82.2,Placed
STU08207,Male,Mechanical,3.2,73.7,8.2,4.9,10.0,54.1,No,60.0,Not Placed
STU07103,Female,ECE,4.1,,5.8,5.2,14.0,52.6,Yes,58.8,Not Placed
STU03434,Female,ECE,2.3,81.4,5.5,0.9,16.0,63.2,No,55.7,Not Placed
STU09576,Female,Civil,4.3,78.8,4.5,4.5,19.0,77.7,Yes,64.6,Placed
STU03605,Male,CSE,3.5,83.1,6.8,4.6,11.0,58.9,No,48.0,Not Placed
STU04756,Male,CSE,1.9,65.8,7.5,3.9,9.0,47.1,No,45.6,Not Placed
STU01637,Female,Commerce,4.9,64.4,6.6,7.5,8.0,55.8,Yes,52.0,Not Placed
STU03468,Male,Mechanical,2.9,59.2,6.0,6.3,5.0,,No,42.8,Not Placed
STU09094,Male,IT,1.7,66.8,7.5,5.9,6.0,52.7,No,41.6,Not Placed
STU06876,Male,Mechanical,4.3,86.2,,5.5,17.0,72.9,Yes,70.8,Placed
STU04315,Male,Civil,5.4,91.7,4.5,3.5,13.0,56.9,No,58.9,Placed
STU05029,Female,Commerce,5.6,95.4,7.8,6.2,17.0,61.3,Yes,75.6,Placed
STU04046,Male,Mechanical,3.2,73.7,8.0,5.8,15.0,62.7,No,57.7,Not Placed
STU00758,Female,CSE,5.3,83.2,4.5,3.7,18.0,75.3,Yes,72.1,Placed
STU06571,Female,Mechanical,3.0,66.0,5.4,5.1,10.0,52.5,No,50.4,Not Placed
STU02716,Male,ECE,2.5,60.2,6.4,4.0,12.0,52.0,No,46.4,Not Placed
STU07319,Male,IT,3.9,73.2,7.4,5.0,9.0,35.9,Yes,50.8,Not Placed
STU01339,Female,Commerce,3.7,95.2,7.2,2.7,20.0,100.0,No,91.6,Placed
STU01548,Male,Civil,3.4,72.1,6.7,3.7,11.0,55.8,Yes,50.8,Not Placed
STU09273,Male,Civil,0.3,75.5,9.2,6.9,9.0,66.6,Yes,38.9,Not Placed
STU05263,Male,IT,6.3,95.1,6.6,2.1,19.0,80.8,No,89.1,Placed
STU08982,Male,Commerce,5.7,77.1,7.3,4.3,14.0,,Yes,74.9,Placed
STU01998,Female,IT,6.2,76.9,9.0,5.4,15.0,57.3,No,72.9,Placed
STU03081,Male,IT,3.3,70.2,6.2,1.2,12.0,60.1,Yes,63.1,Placed
STU06979,Male,IT,5.6,79.6,4.6,,17.0,83.9,No,79.7,Placed
STU04838,Female,IT,3.1,71.0,7.8,3.0,10.0,48.7,No,53.5,Placed
STU02983,Male,Commerce,3.7,68.0,5.8,4.1,11.0,51.2,No,48.8,Not Placed
STU03568,Female,CSE,4.7,79.2,7.4,6.6,6.0,49.2,No,58.4,Not Placed
STU07095,Male,CSE,4.0,80.2,7.0,4.1,13.0,66.7,Yes,69.5,Placed
STU06620,Female,IT,2.5,67.4,6.4,4.7,11.0,69.5,No,53.4,Not Placed
STU03967,Male,IT,2.4,64.8,6.7,6.4,9.0,48.7,No,46.7,Not Placed
STU00381,Female,Commerce,3.8,,6.9,5.3,14.0,56.6,No,54.8,Placed
STU09282,Female,ECE,3.9,70.7,7.3,3.9,10.0,45.6,No,46.7,Not Placed
STU08073,Male,Commerce,3.3,65.8,6.7,7.0,8.0,47.1,No,55.2,Not Placed
STU09109,Female,CSE,6.1,96.5,6.3,2.8,17.0,67.3,No,76.2,Placed
STU02785,Male,CSE,5.5,82.0,6.0,2.6,14.0,58.4,No,69.6,Placed
STU09061,Female,Commerce,5.3,83.6,6.4,3.4,16.0,69.6,Yes,82.0,Placed
STU08121,Female,Commerce,4.3,87.1,5.3,5.0,16.0,70.3,No,69.3,Placed
STU01667,Male,ECE,3.5,74.9,6.5,2.5,,69.6,No,71.5,Not Placed
STU07856,Female,Mechanical,6.4,77.2,7.5,3.6,8.0,53.4,No,60.2,Not Placed
STU04322,Female,Civil,3.6,71.0,6.9,5.5,14.0,63.8,No,57.1,Not Placed
STU02558,Male,Mechanical,4.9,74.3,8.1,3.0,20.0,76.6,No,78.4,Placed
STU07877,Female,CSE,3.6,71.0,7.2,4.9,10.0,51.6,Yes,53.7,Not Placed
STU03179,Male,CSE,1.7,74.0,7.6,3.7,14.0,69.4,Yes,66.7,Placed
STU04445,Female,IT,5.8,,5.8,4.3,16.0,68.6,No,68.4,Placed
STU02314,Male,Civil,5.8,76.5,6.7,4.1,14.0,64.8,Yes,73.8,Placed
STU07301,Female,IT,3.7,72.4,5.5,7.1,11.0,83.0,No,73.1,Placed
STU00702,Male,Mechanical,2.5,76.3,6.9,5.9,16.0,60.1,No,58.4,Placed
STU01307,Male,CSE,1.7,67.2,,4.8,14.0,49.8,No,39.8,Not Placed
STU02555,Male, CSE ,1.6,73.5,7.3,4.6,13.0,65.5,Yes,61.9,Placed
STU03770,Female,Commerce,4.5,78.8,7.8,4.1,14.0,74.9,Yes,74.3,Placed
STU08072,Male,IT,3.3,77.0,5.9,3.5,16.0,65.0,Yes,67.8,Placed
STU03874,Male,Civil,2.6,61.1,7.2,6.3,8.0,44.2,No,55.6,Not Placed
STU08009,Male,Mechanical,3.2,76.0,6.4,3.9,10.0,63.3,Yes,54.5,Not Placed
STU07519,Male,Mechanical,3.8,80.5,5.2,5.0,15.0,67.4,Yes,60.8,Not Placed
STU08179,Male,CSE,4.3,73.2,6.9,3.8,13.0,72.0,No,66.7,Not Placed
STU03245,Male,IT,5.1,87.7,5.8,3.9,10.0,76.2,No,66.5,Placed
STU09379,Male,IT,3.3,68.1,5.7,0.7,18.0,81.1,Yes,79.5,Placed
STU07026,Female,it,6.4,93.2,7.1,2.6,16.0,83.0,No,83.0,Placed
STU09736,Female,Commerce,2.5,62.6,8.3,4.4,7.0,44.6,No,43.5,Not Placed
STU03264,Male,Mechanical,2.4,88.6,6.3,2.2,20.0,72.4,No,81.7,Placed
STU03578,Male,IT,3.5,71.4,6.8,3.9,13.0,62.9,Yes,63.9,Placed
STU06699,Female,,2.4,66.4,6.5,6.7,15.0,60.7,Yes,53.1,Not Placed
STU09278,Female,Civil,2.2,71.3,7.2,3.8,6.0,43.2,Yes,34.7,Not Placed
STU01004,Male,Commerce,5.7,86.7,6.8,4.9,11.0,74.6,No,65.7,Not Placed
STU05087,Male,ECE,2.5,59.2,7.6,4.6,,,Yes,48.5,Not Placed
STU00562,Male,ECE,5.5,,6.1,4.7,16.0,73.3,No,69.8,Placed
STU01449,Male,Commerce,2.2,86.6,6.3,2.8,12.0,50.0,No,55.1,Not Placed
STU07178,Male,CSE,2.6,68.7,6.9,2.8,14.0,45.7,No,50.2,Not Placed
STU00731,Female,CSE,3.2,83.5,7.0,,16.0,68.9,No,74.8,Placed
STU02732,Female,IT,1.7,63.7,7.1,,8.0,49.7,No,54.9,Not Placed
STU09365,Female,CSE,1.9,58.7,6.4,9.4,1.0,37.3,No,23.7,Not Placed
STU08940,Male,CSE,1.4,74.9,9.9,2.6,11.0,49.1,No,54.2,Not Placed
STU05678,Female,CSE,3.6,71.7,7.1,5.1,16.0,71.0,No,74.8,Placed
STU07456,Female,CSE,3.7,73.9,8.9,5.0,14.0,64.4,Yes,53.7,Not Placed
STU01390,Female,Commerce,1.7,67.3,6.5,6.4,9.0,64.6,No,52.8,Not Placed
STU09481,Male,Civil,2.0,58.4,7.3,5.7,12.0,59.8,Yes,58.0,Placed
STU04438,Female,CSE,5.9,94.6,6.4,8.2,17.0,71.6,No,66.8,Placed
STU08535,Male,CSE,4.5,59.7,8.4,2.3,13.0,54.1,Yes,56.4,Not Placed
STU08280,Male,ECE,4.0,85.2,8.4,4.1,13.0,67.4,No,68.8,Not Placed
STU00038,Female,Commerce,4.2,65.1,7.3,5.7,9.0,57.5,No,56.9,Placed
STU01129,Female,CSE,1.5,65.7,7.0,4.9,11.0,53.9,No,50.5,Not Placed
STU00084,Male,Mechanical,3.2,75.0,6.9,5.2,11.0,46.9,Yes,51.4,Not Placed
STU09049,Female,CSE,2.8,78.1,7.2,,14.0,63.1,Yes,62.5,Placed
STU06043,Female,Civil,4.2,64.3,6.2,4.1,8.0,41.0,Yes,52.4,Not Placed
STU01992,Male,CSE,3.3,76.0,6.9,4.6,12.0,65.3,Yes,52.9,Placed
STU02110,Female,CSE,4.4,81.4,7.1,4.6,12.0,62.9,Yes,64.0,Placed
STU07423,Female,CSE,3.8,97.0,7.1,2.7,19.0,77.4,Yes,76.8,Placed
STU01995,Male,ECE,4.9,80.5,6.7,3.8,13.0,60.6,No,70.1,Not Placed
STU08844,Male,CSE,6.2,89.2,6.6,5.3,17.0,71.8,Yes,77.9,Placed
STU07214,Female,ECE,2.2,79.5,7.1,3.6,12.0,65.1,No,60.7,Not Placed
STU02715,Female,Civil,0.1,62.1,5.6,7.8,15.0,67.3,No,43.2,Not Placed
STU09651,Female,Civil,4.0,85.6,8.1,2.2,17.0,71.1,Yes,85.2,Placed
STU04598,Female,Civil,3.8,76.6,8.4,5.8,14.0,57.2,No,59.0,Not Placed
STU03839,Female,ECE,3.0,76.9,5.5,7.0,14.0,,No,60.4,Not Placed
STU01356,Female,Commerce,3.9,79.3,6.2,0.9,16.0,71.4,No,69.8,Placed
STU04857,Male,Commerce,2.0,73.7,5.8,5.9,9.0,40.7,No,44.7,Not Placed
STU02393,Male,Mechanical,3.1,55.8,7.4,6.6,9.0,30.2,Yes,42.5,Not Placed
STU03735,Male,CSE,5.8,91.4,7.5,4.3,16.0,61.0,No,67.9,Placed
STU07468,Female,Mechanical,7.3,88.9,7.1,4.6,20.0,66.9,Yes,88.3,Placed
STU04882,Female,Mechanical,5.2,76.3,4.8,3.9,14.0,65.7,No,65.9,Not Placed
STU00090,Male,Commerce,5.3,87.1,8.3,1.3,10.0,67.5,Yes,73.6,Placed
STU00846,Female,Civil,3.3,80.6,5.7,4.6,19.0,66.7,No,61.9,Not Placed
STU08339,female,Commerce,4.5,62.3,8.7,5.1,6.0,53.5,No,47.0,Not Placed
STU09948,Female,CSE,1.3,59.6,5.6,7.0,8.0,52.1,No,36.0,Not Placed
STU04737,Male,CSE,0.2,67.0,5.6,5.5,14.0,49.9,Yes,46.4,Not Placed
STU06384,Male,CSE,2.3,54.0,7.7,5.9,7.0,48.8,No,42.8,Not Placed
STU06487,Female,IT,2.6,73.1,6.2,5.4,12.0,62.6,No,60.8,Placed
STU02224,Male,IT,2.5,68.1,10.0,5.2,8.0,47.9,Yes,38.0,Not Placed
STU02647,Male,CSE,4.7,94.8,6.6,3.0,16.0,83.8,No,73.0,Placed
STU01065,Male,ECE,,78.9,6.9,5.0,10.0,53.4,No,52.6,Not Placed
STU07494,Female,Civil,2.0,62.7,6.2,5.4,5.0,48.8,No,35.1,Not Placed
STU08195,Female,Commerce,1.0,71.1,5.7,5.0,18.0,75.0,No,64.8,Not Placed
STU00781,Female,IT,3.7,83.6,7.2,6.0,14.0,55.4,Yes,60.4,Placed
STU03278,Male,ECE,1.6,51.2,4.2,7.6,8.0,51.5,No,37.3,Not Placed
STU02563,Female,ECE,3.6,85.6,6.2,2.0,20.0,71.7,Yes,82.4,Placed
STU02271,Female,IT,0.7,59.8,7.1,6.3,15.0,71.1,Yes,53.8,Not Placed
STU07803,Male,CSE,1.7,60.3,5.2,5.3,12.0,66.6,Yes,56.1,Placed
STU09715,Male,CSE,3.6,76.7,9.5,2.8,11.0,61.6,No,55.4,Placed
STU01435,Male,Mechanical,3.5,81.7,7.2,6.5,15.0,55.3,No,60.9,Not Placed
STU03208,Female,CSE,2.3,82.4,6.3,5.6,12.0,64.6,No,59.1,Placed
STU09127,Male,,1.7,60.9,8.0,6.6,11.0,56.2,Yes,45.2,Not Placed
STU06598,Female,Mechanical,4.5,77.8,7.2,3.3,15.0,,No,69.1,Placed
STU03178,Male,Mechanical,4.4,82.2,7.2,2.2,10.0,60.9,No,58.4,Not Placed
STU04011,Female,IT,2.4,73.5,6.6,4.1,14.0,72.0,No,56.5,Not Placed
STU08405,Male,IT,5.3,78.4,7.4,5.2,16.0,57.9,No,70.0,Not Placed
STU02597,Male,CSE,4.1,85.3,7.9,3.4,15.0,85.0,No,72.8,Placed
STU06581,Female,ECE,3.5,60.3,6.5,6.0,5.0,42.0,No,40.6,Not Placed
STU09939,Female,,2.8,73.8,6.2,7.1,,58.3,No,47.2,Not Placed
STU00649,Male,Commerce,2.1,66.6,6.9,4.0,13.0,62.1,Yes,51.5,Placed
STU05434,Male,IT,5.6,86.6,6.1,3.3,19.0,64.0,Yes,72.1,Placed
STU08090,Male,ECE,1.6,58.8,7.6,3.9,8.0,56.2,No,58.6,Not Placed
STU03273,Male,Mechanical,1.7,63.4,6.6,4.2,11.0,58.2,No,57.4,Not Placed
STU00457,Female,IT,5.1,94.0,6.5,6.2,17.0,79.9,No,70.8,Placed
STU07619,Male,CSE,3.5,65.0,7.7,3.1,8.0,71.1,Yes,60.1,Placed
STU07977,Female,CSE,4.6,95.9,7.7,2.5,20.0,93.5,No,78.2,Placed
STU02689,Male,IT,7.2,81.0,6.6,0.7,18.0,74.3,No,90.7,Placed
STU09665,Female,IT,2.9,73.1,7.5,5.4,14.0,56.0,No,63.9,Not Placed
STU05981,Male,CSE,3.4,64.8,6.3,6.5,6.0,48.6,Yes,49.8,Placed
STU06258,Female,Civil,5.2,89.2,6.6,3.5,17.0,58.7,No,70.9,Placed
STU03493,Male,CSE,4.0,78.8,4.9,5.9,13.0,54.7,Yes,51.9,Not Placed
STU05993,Female,ECE,2.0,82.8,7.6,4.4,14.0,79.5,No,80.1,Placed
STU04921,Male,CSE,3.6,77.5,7.0,6.5,12.0,57.1,No,58.4,Not Placed
STU08364,Female,Civil,3.7,71.7,5.1,,12.0,65.9,No,51.6,Not Placed
STU04025,Male,ECE,1.8,70.8,7.8,1.0,11.0,42.6,Yes,51.3,Not Placed
STU03420,Male,IT,4.7,80.2,7.5,2.9,16.0,77.3,No,75.4,Not Placed
STU05057,Female,CSE,1.5,74.8,7.2,4.6,11.0,62.3,Yes,59.3,Placed
STU01809,Female,IT,3.9,82.6,6.7,5.9,16.0,62.1,Yes,68.8,Placed
STU02653,Female,IT,3.4,93.1,9.9,3.4,19.0,87.9,No,75.6,Placed
STU01442,Male,CSE,3.1,65.4,6.5,0.2,16.0,71.5,No,72.1,Placed
STU02417,Female,Mechanical,3.0,64.3,6.2,5.7,11.0,50.0,No,41.5,Not Placed
STU00109,Female,CSE,3.3,84.8,,3.2,17.0,68.9,No,66.3,Not Placed
STU04450,Female,Mechanical,3.4,86.2,6.9,4.5,17.0,66.1,No,52.2,Placed
STU00744,Female,Commerce,1.4,66.3,7.4,6.3,10.0,44.4,No,40.9,Not Placed
STU00392,Female,Civil,4.3,72.9,5.3,5.1,13.0,55.1,No,54.3,Not Placed
STU07327,Female,ECE,3.6,83.1,7.3,2.9,14.0,74.1,No,75.1,Placed
STU04460,Female,Commerce,3.1,69.6,7.8,5.7,16.0,62.9,Yes,65.9,Not Placed
STU00178,Female,CSE,2.8,60.2,7.3,8.0,14.0,72.3,No,64.3,Placed
STU08191,Male,Mechanical,3.3,87.7,6.1,3.3,16.0,81.9,No,67.0,Placed
STU05126,Male,IT,5.9,94.9,5.7,4.1,20.0,78.3,Yes,88.3,Placed
STU02204,Female,IT,,76.5,6.3,6.0,14.0,68.9,No,57.9,Not Placed
STU09735,Male,Commerce,3.0,68.6,6.7,4.3,14.0,64.2,No,64.1,Not Placed
STU08467,Female,CSE,2.9,49.8,4.9,5.3,8.0,59.9,No,47.3,Not Placed
STU07905,Male,Commerce,2.1,68.4,5.8,2.7,8.0,49.1,No,51.9,Not Placed
STU07497,Female,IT,6.4,82.6,7.5,2.6,17.0,62.1,Yes,75.2,Placed
STU03791,Male,IT,2.4,79.4,7.9,1.7,12.0,51.3,Yes,60.0,Placed
STU00153,Female,Civil,2.6,60.9,7.6,4.1,5.0,49.5,No,44.7,Not Placed
STU03751,Female,Civil,2.4,73.4,6.7,4.9,11.0,39.3,Yes,53.8,Not Placed
STU05195,Male,CSE,4.0,70.6,5.4,2.5,16.0,70.3,Yes,55.6,Placed
STU00403,Female,,2.4,74.9,6.2,4.0,15.0,63.2,Yes,55.7,Placed
STU04689,Female,Mechanical,3.3,75.1,7.0,3.9,12.0,57.6,No,58.8,Not Placed
STU08200,Female,Commerce,1.4,54.4,10.0,3.3,12.0,56.7,Yes,44.8,Not Placed
STU02921,Male,it,5.7,78.6,5.7,6.6,11.0,50.0,No,47.3,Not Placed
STU07313,Female,ECE,2.6,64.1,7.5,4.9,14.0,51.2,Yes,54.6,Placed
STU00918,Male,CSE,2.4,75.2,5.7,4.5,14.0,78.1,No,63.7,Placed
STU08960,Female,CSE,1.2,54.4,6.7,4.0,7.0,57.0,Yes,49.2,Not Placed
STU07953,Male,CSE,2.9,71.1,8.4,,14.0,70.9,No,65.3,Not Placed
STU02994,Male,IT,6.2,100.0,9.0,3.1,20.0,86.5,No,92.1,Placed
STU08477,Female,CSE,4.0,73.9,6.8,3.1,15.0,56.6,No,55.8,Not Placed
STU06336,Female,Mechanical,1.3,52.1,6.4,5.6,1.0,40.9,No,27.9,Not Placed
STU02831,Male,IT,2.6,67.7,5.8,6.5,12.0,64.3,No,57.3,Placed
STU01108,Male,ECE,2.8,73.4,6.9,8.1,9.0,56.3,No,50.8,Placed
STU00352,Male,Commerce,3.0,73.7,7.7,4.2,14.0,63.3,No,72.4,Placed
STU05590,Male,Mechanical,3.3,65.9,7.3,3.2,6.0,47.7,Yes,46.1,Not Placed
STU05846,Male,Commerce,5.1,79.0,5.2,3.9,15.0,69.8,No,61.7,Not Placed
STU04057,Male,Civil,4.1,73.4,6.0,0.9,14.0,85.2,Yes,72.2,Placed
STU02908,Female,ECE,2.7,55.8,6.2,4.8,10.0,63.8,Yes,54.6,Not Placed
STU07579,Female,Civil,4.6,88.1,7.6,4.6,19.0,70.8,Yes,76.7,Placed
STU05077,Male,CSE,2.0,60.1,7.6,3.6,11.0,55.7,Yes,59.9,Placed
STU04571,Female,Commerce,5.4,86.5,7.2,4.1,15.0,69.3,No,63.7,Placed
STU05112,Male,Civil,2.3,75.1,6.1,3.8,12.0,62.2,No,53.3,Placed
STU00334,Female,CSE,1.7,58.6,7.3,4.4,8.0,42.5,Yes,48.4,Not Placed
STU02505,Male,IT,,84.3,6.6,3.7,18.0,76.8,Yes,80.1,Placed
STU04280,Male,Mechanical,2.3,73.5,7.4,4.2,12.0,49.9,No,48.6,Not Placed
STU01685,Male,CSE,3.7,67.5,7.9,5.0,11.0,44.0,No,53.8,Not Placed
STU09902,Female,Commerce,2.5,66.9,6.9,5.1,11.0,64.5,No,56.0,Not Placed
STU09204,Male,IT,6.2,90.2,8.1,1.2,18.0,94.6,No,87.3,Placed
STU03062,Female,CSE,3.5,72.7,5.6,4.3,13.0,67.0,No,58.9,Not Placed
STU05796,Female,Mechanical,5.7,93.9,6.7,4.3,14.0,58.4,No,71.5,Placed
STU02929,Male,Civil,2.6,56.7,6.9,4.8,5.0,49.3,Yes,35.8,Not Placed
STU08307,Male,Mechanical,2.9,66.1,6.9,8.1,8.0,39.4,No,36.7,Not Placed
STU07554,Female,IT,3.3,90.3,6.0,4.2,18.0,64.4,Yes,79.6,Placed
STU04470,Female,ECE,4.1,62.9,,5.7,4.0,62.8,Yes,43.0,Not Placed
STU09370,Male,IT,,87.2,5.1,3.3,20.0,72.4,No,65.7,Not Placed
STU09491,Female,IT,,84.4,4.9,4.8,19.0,66.3,No,72.2,Placed
STU09339,Male,CSE,4.5,85.8,6.5,5.1,14.0,51.5,No,49.8,Not Placed
STU08899,Female,Civil,3.4,63.2,6.9,5.3,17.0,59.0,No,56.9,Not Placed
STU00408,Female,IT,5.0,88.2,7.7,5.6,14.0,75.1,No,71.5,Placed
STU01041,Male,CSE,0.0,61.3,5.5,6.8,10.0,59.2,No,34.4,Not Placed
STU02484,Female,IT,3.0,69.6,7.5,4.8,15.0,52.9,No,55.0,Not Placed
STU00083,Male,Commerce,3.6,82.2,6.6,6.2,10.0,,Yes,56.4,Placed
STU07676,Female,ECE,2.2,59.4,6.1,4.1,7.0,55.2,No,55.9,Not Placed
STU02727,Male,Commerce,6.2,,7.1,2.9,11.0,51.1,Yes,68.7,Not Placed
STU00096,Female,IT,1.8,62.6,7.5,8.4,7.0,,Yes,46.0,Not Placed
STU02946,Male,CSE,3.5,82.9,7.3,0.2,15.0,75.8,No,70.0,Placed
STU00135,Female,CSE,2.4,60.4,7.0,4.7,8.0,30.0,Yes,43.6,Not Placed
STU05530,Female,Civil,1.8,73.3,7.8,6.8,13.0,56.4,No,56.0,Not Placed
STU04924,Male,Civil,3.3,68.4,6.1,3.6,7.0,47.5,Yes,51.4,Not Placed
STU08822,Female,CSE,2.7,75.4,6.5,6.4,12.0,58.0,Yes,58.2,Placed
STU01864,Male,ECE,4.6,83.8,6.9,3.2,14.0,75.1,No,75.1,Not Placed
STU06361,Female,Commerce,5.0,87.6,6.6,4.1,15.0,58.4,No,71.0,Not Placed
STU03003,Male,Mechanical,3.7,86.8,6.7,6.1,20.0,77.6,Yes,85.0,Placed
STU08052,Female,CSE,4.2,74.5,5.7,3.4,18.0,83.7,Yes,74.6,Placed
STU06944,Female,ECE,4.3,73.0,4.4,1.6,15.0,64.2,No,59.9,Not Placed
STU09206,Male,CSE,2.6,76.9,8.7,1.3,10.0,53.3,No,60.9,Placed
STU00688,Male,CSE,1.3,81.5,4.8,2.7,18.0,65.3,No,64.0,Placed
STU04250,Female,ECE,5.3,94.2,8.1,4.8,18.0,74.2,No,75.9,Not Placed
STU07210,Male,Commerce,3.6,72.4,7.2,1.4,12.0,62.7,No,67.6,Not Placed
STU00597,Male,Civil,2.7,74.2,7.2,4.8,10.0,56.5,Yes,47.3,Placed
STU08432,Male,IT,5.8,76.9,9.8,2.2,14.0,61.7,No,64.9,Not Placed
STU04918,Male, Commerce ,2.3,83.2,5.0,4.6,12.0,66.1,Yes,49.3,Not Placed
STU06645,Female,CSE,2.8,71.4,,4.8,9.0,62.4,Yes,52.8,Placed
STU07568,Male,IT,5.6,78.8,8.3,6.4,16.0,69.3,No,63.9,Not Placed
STU02005,male,Mechanical,0.1,57.9,6.3,7.0,11.0,42.7,No,37.1,Not Placed
STU03029,Male,IT,3.5,69.7,5.6,3.6,10.0,75.4,No,57.6,Placed
STU08444,Male,ECE,1.7,65.8,6.0,7.2,,63.3,Yes,54.4,Placed
STU04096,Male,Mechanical,2.5,58.5,9.7,6.3,8.0,37.8,No,44.3,Not Placed
STU04667,Female,IT,4.5,85.2,7.6,,16.0,76.8,No,71.8,Placed
STU02504,Male,IT,4.0,81.6,6.6,3.8,15.0,70.6,Yes,63.0,Placed
STU01603,Female,CSE,4.2,85.2,5.4,4.8,20.0,73.2,No,69.6,Not Placed
STU00951,Female,Mechanical,0.0,62.1,5.0,8.9,6.0,50.2,No,29.2,Not Placed
STU03503,Male,CSE,1.6,79.8,7.9,3.0,11.0,63.0,No,49.4,Not Placed
STU06382,Female,CSE,3.8,74.5,8.2,6.9,11.0,66.8,Yes,64.5,Placed
STU02903,Male,Commerce,3.8,77.8,6.3,3.3,14.0,65.8,No,68.9,Placed
STU08030,Male,Commerce,4.0,72.3,9.6,6.2,13.0,,No,55.1,Not Placed
STU01708,Male,Commerce,3.9,,7.5,4.6,13.0,72.8,Yes,74.0,Not Placed
STU00742,Male,IT,5.3,84.1,8.4,2.7,18.0,84.7,No,84.8,Placed
STU02962,Male,Civil,5.7,77.1,6.4,5.5,13.0,49.4,No,66.0,Not Placed
STU02202,Male,IT,4.2,76.5,5.2,5.7,13.0,56.7,Yes,54.6,Placed
STU04556,Female,Mechanical,5.9,82.0,,2.8,13.0,80.5,No,80.3,Not Placed
STU00896,Female,Mechanical,5.6,97.3,5.9,2.5,20.0,80.8,No,84.6,Placed
STU05491,Male,ECE,1.7,67.1,8.4,4.7,11.0,44.2,No,47.9,Not Placed
STU09259,Male, Commerce ,3.9,71.3,6.6,6.1,7.0,43.1,No,49.9,Not Placed
STU06925,Male,Civil,0.8,70.1,5.0,7.4,10.0,55.0,No,42.7,Not Placed
STU00247,Male,ECE,3.1,68.8,5.0,5.2,5.0,41.1,Yes,35.3,Not Placed
STU02251,Female,Commerce,4.1,,8.6,4.0,8.0,48.2,No,62.1,Not Placed
STU08105,Male,Commerce,3.0,84.4,5.5,5.6,13.0,52.5,Yes,56.0,Placed
STU00950,Female,Commerce,2.1,54.8,5.7,6.6,4.0,20.0,No,33.0,Not Placed
STU00250,Male,Civil,0.6,,,5.2,5.0,40.9,No,25.9,Not Placed
STU02070,Male,ECE,,86.0,7.1,5.4,14.0,66.6,Yes,63.8,Placed
STU04303,Male,ECE,0.6,73.4,7.0,4.2,13.0,57.2,Yes,50.7,Not Placed
STU03074,Female,Civil,2.6,68.6,6.4,4.6,16.0,81.5,No,69.4,Placed
STU07769,Male,ECE,1.9,73.7,5.3,5.2,9.0,59.4,No,52.2,Not Placed
STU07436,Male,CSE,3.0,62.7,7.1,4.3,5.0,,Yes,43.1,Not Placed
STU00789,Female,ECE,1.7,63.7,6.3,7.1,10.0,49.0,No,46.3,Not Placed
STU02629,Male,Civil,1.2,69.8,4.6,7.1,11.0,49.1,Yes,39.7,Not Placed
STU05292,Female,CSE,4.7,77.4,8.9,4.0,12.0,52.4,No,54.5,Not Placed
STU08972,Female,Mechanical,3.9,72.6,8.4,4.9,5.0,47.3,No,45.1,Not Placed
STU05046,Female,IT,4.9,90.6,8.3,5.1,18.0,85.7,No,80.0,Placed
STU03271,Male,IT,4.4,74.1,6.6,5.3,,75.9,No,71.9,Placed
STU09490,Male,Mechanical,3.1,70.3,4.6,6.0,8.0,49.3,Yes,37.5,Not Placed
STU08771,Female,Mechanical,4.1,84.6,7.7,4.3,12.0,62.1,No,71.7,Placed
STU06304,Female,ECE,3.7,61.6,5.3,7.4,12.0,30.6,No,39.7,Not Placed
STU05445,Female,Commerce,4.3,90.8,6.9,4.4,19.0,75.6,No,79.3,Placed
STU08692,Female,ECE,2.8,68.2,6.7,8.7,11.0,57.8,No,47.3,Not Placed
STU07919,Male,CSE,2.1,61.5,5.7,1.7,13.0,57.0,Yes,50.2,Placed
STU08770,Male,ECE,5.5,83.6,8.2,21.5,14.0,54.8,Yes,71.3,Placed
STU01618,Male,ECE,2.7,63.0,5.9,5.5,8.0,33.7,No,29.5,Not Placed
STU03699,Male,CSE,4.0,69.4,7.5,6.3,11.0,44.5,Yes,52.6,Not Placed
STU09853,Male,CSE,0.8,62.9,7.0,5.0,13.0,44.5,No,47.1,Not Placed
STU05147,Female,ECE,4.2,90.3,7.1,5.1,18.0,80.6,No,75.7,Placed
STU08115,Female,Commerce,5.2,82.3,5.0,5.2,19.0,63.8,No,68.0,Placed
STU04730,Male,Mechanical,3.3,75.4,6.8,4.9,8.0,73.0,Yes,56.7,Not Placed
STU03776,Male,,3.5,80.4,7.4,4.5,11.0,51.9,No,51.6,Not Placed
STU03618,Female,CSE,3.0,66.4,8.2,6.0,10.0,46.9,No,54.9,Not Placed
STU06298,Female,Commerce,4.6,73.3,7.3,5.2,15.0,64.0,Yes,66.2,Placed
STU04010,Female,CSE,3.2,70.3,6.8,2.5,12.0,82.8,No,69.0,Not Placed
STU06891,Male,Commerce,2.9,77.1,5.5,3.6,8.0,41.9,No,49.1,Not Placed
STU09913,Female,CSE,4.1,78.2,5.1,2.8,12.0,66.5,No,67.8,Placed
STU01128,female,IT,2.3,72.2,6.1,4.7,14.0,60.6,No,58.7,Placed
STU06430,Female,IT,2.6,75.4,6.5,5.6,11.0,44.1,Yes,43.4,Not Placed
STU02874,Female,IT,3.6,61.9,7.2,5.4,7.0,43.2,Yes,48.5,Not Placed
STU04184,Female,CSE,7.9,100.0,6.5,2.5,20.0,95.3,No,100.0,Placed
STU03682,Male,CSE,7.9,86.9,6.3,1.3,16.0,60.7,No,87.1,Placed
STU07756,Female,IT,,73.3,8.0,5.7,13.0,43.4,Yes,44.2,Not Placed
STU08635,Female,Mechanical,0.3,73.3,7.8,7.2,13.0,51.7,Yes,52.9,Placed
STU06510,Male,IT,3.0,79.3,7.3,5.5,17.0,72.5,No,66.1,Placed
STU02917,Male,IT,5.1,91.3,9.0,7.5,,78.3,Yes,74.7,Placed
STU02482,Male,MECHANICAL,2.9,61.8,8.9,7.6,9.0,48.9,Yes,31.0,Not Placed
STU00200,Female,CSE,3.5,72.1,6.7,6.8,10.0,67.2,Yes,50.2,Not Placed
STU02774,Male,IT,2.3,77.3,7.5,,11.0,61.5,No,52.4,Not Placed
STU05211,Male,ECE,5.6,81.8,7.1,5.0,13.0,55.4,No,73.5,Not Placed
STU02272,Female,Mechanical,0.8,75.1,7.1,5.7,11.0,60.3,No,49.0,Not Placed
STU06628,F,Commerce,2.9,68.5,6.8,3.3,14.0,60.6,Yes,55.7,Not Placed
STU08742,Male,ECE,3.4,69.1,6.4,5.6,12.0,48.1,Yes,45.6,Placed
STU06255,Male,ECE,2.4,75.6,6.0,5.9,13.0,69.3,Yes,65.2,Placed
STU05082,male,CSE,4.8,78.1,6.7,3.8,11.0,42.9,No,55.3,Placed
STU05298,Male,CSE,3.5,74.8,8.1,3.5,16.0,55.4,Yes,64.4,Not Placed
STU03831,Female,ECE,4.5,67.4,6.9,4.8,11.0,46.9,No,61.7,Not Placed
STU02114,Male,IT,5.2,82.9,6.8,2.4,10.0,70.3,No,83.3,Placed
STU06843,Female,Civil,4.6,91.3,7.4,4.4,19.0,65.0,Yes,65.7,Placed
STU09292,Female,CSE,5.7,96.6,,3.9,16.0,67.8,No,85.6,Placed
STU05652,Female,Mechanical,0.0,64.3,6.7,6.5,9.0,42.5,No,30.9,Not Placed
STU02095,Female,CSE,4.9,77.0,4.9,5.0,13.0,65.2,Yes,60.1,Placed
STU04742,Female,Commerce,,71.3,7.6,5.0,12.0,64.9,No,56.2,Not Placed
STU05985,Male,Mechanical,0.0,48.6,7.5,5.3,3.0,23.0,No,17.5,Not Placed
STU03268,Female,Commerce,2.1,,6.9,5.0,14.0,56.5,No,58.5,Placed
STU06515,Female,Mechanical,1.6,67.4,6.3,5.9,6.0,33.5,Yes,41.9,Not Placed
STU08100,Male,Civil,6.6,100.0,5.6,1.9,20.0,85.5,Yes,96.1,Placed
STU07820,Male,Mechanical,4.8,89.7,7.4,4.3,17.0,66.8,No,72.3,Not Placed
STU06368,Female,ECE,3.0,81.1,,5.8,7.0,51.7,No,51.8,Not Placed
STU00494,Female,Commerce,4.2,83.4,8.3,5.1,15.0,72.5,Yes,66.8,Placed
STU09905,Male,IT,3.8,75.0,5.2,3.3,13.0,56.2,Yes,59.9,Placed
STU03733,Male,Mechanical,4.9,98.9,6.6,3.2,20.0,87.0,No,83.8,Placed
STU01964,Female,Commerce,3.1,68.8,6.7,5.2,10.0,52.8,Yes,55.3,Not Placed
STU09268,Male,CSE,5.6,79.0,6.2,5.9,8.0,65.6,Yes,54.7,Not Placed
STU07353,Female,MECHANICAL,4.6,,6.7,1.9,5.0,40.2,Yes,51.0,Not Placed
STU07809,Female,CSE,2.3,59.5,5.5,4.8,9.0,63.2,Yes,47.7,Not Placed
STU09121,Female,CSE,6.7,84.0,5.2,2.1,11.0,68.4,Yes,76.3,Placed
STU04778,Male,IT,1.9,63.0,7.5,5.0,8.0,38.2,No,31.9,Not Placed
STU00124,Male,IT,4.5,98.7,7.0,5.2,20.0,80.2,No,83.4,Placed
STU02611,Male,Commerce,0.6,64.2,8.2,3.5,7.0,43.8,No,34.7,Not Placed
STU00655,M,Commerce,5.6,97.6,5.8,4.3,14.0,63.4,Yes,71.9,Placed
STU00899,Male,cse,3.2,76.4,6.0,4.6,11.0,58.6,No,54.8,Not Placed
STU08319,Female,CSE,,92.4,6.4,4.9,20.0,82.0,Yes,77.0,Placed
STU09256,Male,CSE,1.8,67.8,7.5,4.8,10.0,57.1,No,54.3,Not Placed
STU09557,Male,CSE,1.9,77.0,7.4,4.9,,61.7,No,48.7,Placed
STU01001,Male,mechanical,3.6,57.3,5.9,2.8,10.0,73.9,No,60.3,Placed
STU00406,Female,CSE,2.4,70.2,7.4,5.5,15.0,54.2,Yes,53.1,Placed
STU00062,Female,Mechanical,4.8,85.4,5.9,3.8,15.0,64.9,No,69.3,Placed
STU05637,Female,Mechanical,1.9,74.1,6.8,2.6,18.0,57.7,Yes,55.1,Placed
STU01075,Male,Mechanical,1.5,,7.7,6.0,9.0,42.1,No,44.6,Not Placed
STU02718,Female,ECE,0.1,66.5,8.3,5.3,14.0,59.7,No,44.8,Not Placed
STU00913,Male,IT,7.1,98.3,7.8,6.2,18.0,,Yes,72.7,Placed
STU01931,Female,Mechanical,1.9,61.9,7.3,6.7,7.0,51.3,Yes,40.8,Not Placed
STU04386,Female,Civil,3.2,74.9,7.7,2.8,13.0,57.9,No,60.1,Not Placed
STU08078,Female,CSE,4.3,85.6,9.0,3.2,17.0,78.3,No,69.4,Placed
STU04986,Female,CSE,3.2,89.1,6.4,1.0,,67.2,No,73.9,Placed
STU02236,Male,Commerce,2.2,61.0,6.2,7.5,6.0,53.6,No,43.4,Not Placed
STU03107,Female,Commerce,5.8,,6.0,5.9,16.0,76.4,No,74.1,Placed
STU02953,Male,Commerce,3.6,,6.8,3.1,16.0,74.1,No,72.7,Not Placed
STU08383,Female,Commerce,5.8,93.9,7.4,0.8,15.0,94.7,Yes,96.8,Placed
STU01079,Female,CSE,2.2,80.9,8.1,3.1,13.0,57.1,No,61.6,Not Placed
STU07488,Male,ECE,6.4,84.8,7.7,3.7,14.0,72.9,No,80.0,Placed
STU03624,Male,CSE,,83.4,5.3,6.2,,73.8,Yes,68.8,Placed
STU05171,Male,CSE,3.8,84.9,5.1,4.8,17.0,65.5,Yes,71.9,Placed
STU01282,Female,ECE,3.3,65.1,6.0,5.9,8.0,42.0,No,48.5,Not Placed
STU00890,Male,Mechanical,3.3,62.9,5.6,5.7,4.0,44.2,No,47.3,Not Placed
STU01906,Female,Commerce,3.2,67.3,7.1,5.9,9.0,44.1,Yes,44.5,Not Placed
STU00701,Female,CSE,5.1,87.4,5.6,5.0,18.0,76.1,Yes,67.3,Placed
STU06781,Female,Commerce,9.2,100.0,7.6,3.9,16.0,79.4,No,84.8,Placed
STU04955,Female,CSE,5.0,80.4,7.8,2.8,19.0,,Yes,78.1,Placed
STU08007,Female,CSE,1.9,62.7,5.0,3.3,12.0,62.0,Yes,51.2,Placed
STU08602,Male,CSE,3.6,86.8,6.6,1.2,19.0,62.7,Yes,75.2,Placed
STU02290,Male,ECE,1.8,,5.4,4.6,7.0,39.4,Yes,34.6,Not Placed
STU01621,Female,Mechanical,3.9,84.3,6.9,3.6,15.0,67.9,Yes,67.6,Placed
STU02992,Male,CSE,3.2,89.3,6.6,2.8,18.0,75.4,No,78.1,Placed
STU08450,Male,IT,3.4,73.5,9.4,3.3,18.0,87.1,Yes,65.2,Placed
STU09042,Female,CSE,2.0,80.8,6.1,5.5,17.0,82.4,No,66.6,Not Placed
STU05215,Female,ECE,5.8,72.8,8.2,1.7,15.0,81.9,No,88.9,Placed
STU08729,Female,IT,,80.3,8.1,3.2,16.0,69.0,Yes,72.7,Placed
STU07737,Male,CSE,4.0,84.6,4.7,5.2,17.0,84.8,No,59.9,Placed
STU05539,Female,CSE,4.6,70.2,6.9,6.2,15.0,,No,63.5,Placed
STU02696,Male,CSE,3.4,83.1,6.2,2.3,17.0,77.3,No,71.8,Placed
STU05058,Female,CSE,5.4,83.3,6.5,4.4,9.0,57.3,No,62.8,Not Placed
STU04283,Male,Commerce,5.6,89.4,7.3,4.8,17.0,69.8,No,77.5,Placed
STU03980,Female,CSE,5.3,83.1,8.4,4.1,17.0,71.3,Yes,72.5,Placed
STU05746,Male,Civil,5.6,78.0,5.4,5.5,17.0,68.1,Yes,72.6,Placed
STU06614,Male,Civil,5.6,82.6,6.6,4.9,12.0,60.3,No,65.6,Not Placed
STU04984,Female,ECE,7.3,99.5,5.5,3.4,20.0,74.7,No,79.4,Placed
STU07422,Male,,4.0,63.8,5.8,3.0,11.0,55.5,No,52.7,Not Placed
STU05345,Male,CSE,3.5,78.7,5.5,2.6,11.0,56.8,Yes,55.8,Not Placed
STU09044,Male,ECE,4.4,75.5,5.6,2.3,12.0,66.1,Yes,63.6,Not Placed
STU05019,Female,ECE,2.1,66.9,7.6,6.3,7.0,59.3,No,49.1,Not Placed
STU08011,Male,CSE,3.5,77.5,6.2,3.3,11.0,73.8,No,63.4,Not Placed
STU03614,Male,CSE,0.0,66.1,5.5,,11.0,63.9,No,49.5,Not Placed
STU05547,Male,IT,6.2,88.4,6.7,1.8,19.0,79.1,No,82.0,Placed
STU01883,Male,CSE,3.2,70.6,8.4,2.9,12.0,45.2,No,49.2,Not Placed
STU00511,Female,Civil,4.3,74.1,6.8,4.2,8.0,51.3,No,52.5,Placed
STU03922,Male,CSE,3.6,71.9,8.9,3.4,10.0,66.6,No,58.1,Not Placed
STU00992,Male,Civil,5.9,91.6,6.6,2.2,18.0,71.1,Yes,82.7,Placed
STU02054,Male,IT,7.6,99.4,8.1,2.7,20.0,93.5,No,96.4,Placed
STU01258,Male,Civil,2.2,78.4,6.3,5.2,11.0,64.1,No,63.5,Placed
STU09330,Female,CSE,3.1,79.2,7.0,5.1,16.0,64.3,No,62.3,Placed
STU07885,Female,CSE,2.0,53.2,7.9,4.6,8.0,47.8,Yes,47.4,Not Placed
STU09910,Male,CSE,3.2,54.2,6.0,4.8,9.0,57.1,No,53.9,Not Placed
STU09435,Male,Commerce,4.1,89.3,7.6,5.6,16.0,71.7,Yes,67.5,Placed
STU03612,Female,Mechanical,,60.8,7.2,,12.0,47.9,No,60.3,Not Placed
STU08301,Female,CSE,4.7,80.1,6.5,3.6,15.0,86.3,Yes,85.8,Placed
STU05001,Female,Commerce,3.3,79.3,6.2,5.8,15.0,72.0,Yes,55.9,Placed
STU05461,Female,CSE,2.8,76.9,6.4,3.2,15.0,60.3,No,62.6,Not Placed
STU02210,Male,Civil,3.8,71.5,6.4,8.0,12.0,62.1,Yes,60.9,Not Placed
STU06958,Male,ECE,6.0,91.1,6.9,1.6,15.0,56.4,Yes,68.2,Placed
STU01208,Male,CSE,1.4,67.9,5.1,6.2,9.0,60.4,No,46.5,Not Placed
STU08558,Male,IT,2.4,87.7,8.0,3.6,17.0,80.0,Yes,74.8,Placed
STU02879,Female,Civil,3.3,81.7,6.2,7.2,13.0,59.6,No,54.8,Not Placed
STU01203,Male,ECE,3.7,66.6,6.9,3.9,10.0,70.6,Yes,56.7,Not Placed
STU08012,Male,Civil,1.3,51.8,9.0,7.9,10.0,42.5,Yes,35.0,Not Placed
STU07625,Male,ECE,1.9,69.3,7.2,8.0,11.0,36.5,No,49.6,Not Placed
STU00581,Female,Civil,4.9,55.4,5.9,6.0,5.0,39.4,No,40.3,Not Placed
STU08151,Male,IT,5.5,70.1,9.4,5.4,10.0,61.4,Yes,49.4,Placed
STU03797,Female,Civil,,58.1,6.8,6.0,10.0,31.3,No,44.1,Not Placed
STU09580,Female,ECE,2.9,89.1,6.8,3.6,18.0,73.0,Yes,75.0,Placed
STU00706,Male,Commerce,3.3,,7.2,4.1,7.0,65.5,No,54.3,Not Placed
STU09181,Male,Commerce,4.5,59.2,8.1,3.0,10.0,33.2,No,52.1,Not Placed
STU08912,Male,Commerce,4.0,69.7,7.7,3.1,7.0,50.2,No,57.3,Not Placed
STU01025,Female,Commerce,0.9,59.8,9.5,5.5,10.0,36.6,Yes,34.6,Not Placed
STU02649,Male,Commerce,1.1,71.2,5.8,3.2,17.0,62.2,No,51.2,Not Placed
STU02102,Male,IT,3.6,79.4,7.9,5.1,9.0,42.3,No,51.6,Not Placed
STU00728,Female,Civil,6.8,100.0,6.2,4.1,16.0,71.7,No,82.9,Not Placed
STU08440,Female,Commerce,3.2,74.0,5.4,6.5,15.0,,Yes,58.2,Placed
STU04567,Male,CSE,2.8,52.4,7.9,3.8,4.0,28.6,No,26.5,Not Placed
STU08881,Male,ECE,2.7,66.3,6.8,5.7,10.0,59.1,No,48.3,Not Placed
STU05648,Male,CSE,1.7,63.1,4.7,6.6,9.0,57.3,No,48.2,Not Placed
STU09436,Female,ECE,,,7.1,6.2,9.0,60.4,No,52.6,Not Placed
STU01292,Male,ECE,3.6,79.6,5.6,4.6,15.0,57.4,No,59.6,Placed
STU03712,Female,ECE,4.0,85.5,8.0,3.8,17.0,73.9,No,69.1,Placed
STU04524,Male,Civil,3.5,,5.9,4.2,15.0,56.8,Yes,66.0,Placed
STU05250,Female,CSE,3.4,70.7,6.3,5.2,8.0,47.2,No,48.3,Not Placed
STU09824,Female,Mechanical,3.4,,8.2,2.0,14.0,61.0,Yes,57.3,Placed
STU05455,Male,ECE,3.0,87.5,5.9,7.3,9.0,52.1,No,53.7,Not Placed
STU02811,Female,Mechanical,3.8,65.6,9.6,4.6,10.0,55.8,No,47.9,Not Placed
STU06289,Male,ECE,3.6,63.7,5.9,5.2,11.0,62.2,No,58.5,Not Placed
STU07250,Male,Commerce,2.3,66.1,7.1,7.3,12.0,67.9,Yes,53.4,Placed
STU05691,Female,CSE,5.5,90.0,6.7,1.7,19.0,74.4,Yes,70.0,Placed
STU06203,Male,Civil,4.4,69.0,7.7,5.8,14.0,69.1,No,68.8,Not Placed
STU02685,Male,Mechanical,5.0,71.0,7.7,4.6,7.0,46.7,No,59.2,Not Placed
STU05198,Male,ECE,3.0,70.4,7.6,2.4,9.0,47.4,Yes,52.9,Not Placed
STU07189,Female,Mechanical,4.7,73.1,6.1,7.1,8.0,51.5,Yes,52.1,Not Placed
STU05532,Male,ECE,3.9,84.6,8.3,5.6,17.0,75.4,Yes,71.9,Placed
STU05374,Male,Commerce,3.2,65.3,6.5,6.0,9.0,56.3,Yes,50.5,Not Placed
STU08428,Female,Mechanical,5.0,75.5,6.1,5.7,10.0,59.7,No,64.7,Placed
STU08585,Female,Mechanical,6.3,95.7,6.7,5.3,14.0,69.6,No,74.4,Placed
STU04894,Female,Civil,3.1,75.0,7.0,6.4,6.0,52.3,Yes,46.0,Not Placed
STU09176,Female,CSE,3.9,64.9,6.3,4.4,12.0,61.3,No,57.3,Not Placed
STU09441,Male,Civil,1.3,62.7,7.8,4.9,12.0,59.3,No,55.3,Not Placed
STU05425,Male,CSE,6.1,81.0,8.1,6.3,16.0,82.6,No,72.9,Placed
STU08374,Male,ECE,4.0,88.1,5.4,3.5,16.0,73.6,No,66.5,Placed
STU01657,Female,ECE,5.1,89.1,,3.9,15.0,80.7,Yes,82.5,Placed
STU01019,Female,Civil,2.2,74.1,7.1,5.2,11.0,61.1,Yes,62.9,Not Placed
STU05324,Female,CSE,2.8,62.3,7.7,6.0,8.0,49.0,No,45.6,Not Placed
STU08935,Female,Commerce,6.8,93.9,7.3,3.2,18.0,70.6,No,90.0,Placed
STU03214,Male,Commerce,2.7,76.7,8.1,4.7,7.0,42.0,Yes,46.3,Not Placed
STU06036,Female,Mechanical,3.4,65.1,6.0,1.7,13.0,49.0,No,62.5,Placed
STU03032,Male,CSE,5.3,89.7,5.9,3.0,14.0,68.7,No,75.6,Not Placed
STU04796,Female,CSE,2.6,61.5,8.2,3.0,12.0,39.1,No,40.7,Not Placed
STU09610,Male,Commerce,3.6,74.8,6.0,3.1,11.0,63.1,No,56.1,Not Placed
STU09535,Female,Mechanical,6.0,75.4,6.9,1.8,16.0,70.4,Yes,83.0,Placed
STU07021,Male,ECE,1.1,46.7,,4.3,13.0,69.3,No,50.9,Placed
STU06922,Male,CSE,1.4,72.7,6.6,7.6,6.0,44.9,Yes,31.9,Not Placed
STU05360,female,CSE,1.9,77.2,6.2,4.7,13.0,51.1,No,59.4,Placed
STU02823,Female,Mechanical,4.4,84.2,7.2,4.5,19.0,79.8,Yes,85.1,Placed
STU08988,Female,Commerce,2.1,,6.9,3.0,6.0,36.5,No,33.3,Not Placed
STU00165,Male,Commerce,3.1,66.9,7.9,3.4,16.0,65.1,Yes,71.0,Placed
STU01920,Female,CSE,3.5,68.3,6.6,,9.0,41.5,No,55.5,Not Placed
STU04175,Male,Commerce,4.0,67.1,7.9,4.4,9.0,45.7,No,54.9,Not Placed
STU02474,Female,Commerce,3.9,82.4,7.4,5.1,17.0,60.7,Yes,62.5,Placed
STU06358,Male,ECE,2.1,67.0,6.6,6.5,11.0,66.2,Yes,65.9,Not Placed
STU05301,Male,Mechanical,3.7,73.4,7.1,6.9,12.0,45.3,No,45.7,Not Placed
STU03675,Male,CSE,0.0,62.1,8.3,5.2,9.0,53.0,Yes,48.4,Not Placed
STU04916,Male,Mechanical,1.2,67.6,8.3,4.0,10.0,55.9,Yes,51.1,Not Placed
STU06566,Female,Civil,2.2,61.2,6.8,5.0,10.0,74.7,No,50.3,Not Placed
STU05356,Female,ECE,5.3,88.1,7.0,1.3,16.0,68.7,No,75.3,Not Placed
STU07411,Female,CSE,4.2,88.0,7.3,3.6,20.0,65.9,Yes,73.9,Placed
STU04080,Male,IT,2.0,63.0,5.3,2.3,10.0,52.1,No,41.3,Not Placed
STU09120,Female,Civil,3.2,81.7,7.3,4.2,12.0,51.6,Yes,57.7,Not Placed
STU04393,Female,CSE,2.0,60.0,4.6,5.3,6.0,48.3,No,40.4,Not Placed
STU08157,Male,CSE,2.4,73.3,8.0,2.9,9.0,52.0,No,54.8,Not Placed
STU06023,Female,ECE,4.4,89.4,6.0,4.4,11.0,53.3,Yes,55.3,Not Placed
STU07950,Male,ECE,3.9,91.3,6.7,3.1,18.0,75.4,No,72.6,Placed
STU05904,Male,IT,5.0,83.2,4.5,3.8,12.0,69.4,Yes,67.6,Placed
STU02079,Male,CSE,1.3,49.8,6.4,7.6,8.0,27.3,Yes,35.3,Not Placed
STU07869,Female,Mechanical,4.7,93.1,5.8,1.9,13.0,85.6,No,65.5,Not Placed
STU06081,Female,ECE,3.1,60.8,5.7,3.4,8.0,73.1,No,57.9,Not Placed
STU02001,Female, CSE ,2.5,71.7,8.3,5.4,16.0,56.4,No,54.5,Placed
STU04339,Male,ECE,1.9,76.2,6.3,4.4,13.0,62.7,No,59.5,Not Placed
STU05172,Male,Civil,4.5,80.1,7.4,5.9,15.0,74.9,No,73.0,Placed
STU00027,Male,IT,3.4,80.6,4.8,4.8,20.0,63.4,No,58.0,Placed
STU00301,Male,IT,6.3,84.4,6.1,4.7,20.0,88.1,No,85.7,Placed
STU06335,Male,CSE,3.2,74.1,7.5,4.4,10.0,40.0,No,50.1,Not Placed
STU05377,Male, Civil ,1.7,75.9,6.2,4.6,12.0,60.1,No,48.8,Not Placed
STU09917,Male,ECE,1.7,63.5,,6.5,8.0,40.4,Yes,27.8,Not Placed
STU03112,Male,Commerce,4.1,85.9,5.3,4.4,18.0,73.1,No,68.7,Placed
STU07245,Female,Commerce,2.1,70.4,8.7,6.4,11.0,53.1,No,44.3,Placed
STU04687,Female,Mechanical,2.1,73.8,6.6,7.3,8.0,34.6,No,35.0,Not Placed
STU05731,Female,IT,2.9,70.6,7.3,8.0,6.0,36.6,No,39.6,Not Placed
STU05280,Male, Civil ,3.0,92.8,6.7,2.1,18.0,87.8,No,78.0,Placed
STU05030,Female,CSE,3.3,53.5,8.1,4.7,2.0,43.8,No,39.7,Not Placed
STU01133,Male,Civil,3.8,69.5,5.7,4.7,8.0,57.0,Yes,58.3,Not Placed
STU06011,Male,CSE,2.8,73.6,6.2,4.9,6.0,37.0,No,42.7,Not Placed
STU02556,Female,Mechanical,3.6,76.2,7.0,6.6,11.0,59.7,No,57.7,Not Placed
STU07410,Female,ECE,4.4,79.3,8.2,4.6,10.0,64.3,No,62.4,Not Placed
STU02216,Female,Mechanical,3.2,67.8,9.4,4.8,16.0,51.7,Yes,59.4,Placed
STU08943,Male,CSE,,93.0,7.1,3.3,17.0,79.7,No,75.3,Placed
STU05951,Male,Commerce,2.0,57.6,7.4,7.2,4.0,37.9,No,35.0,Not Placed
STU06931,Male,Commerce,2.8,76.6,5.5,6.4,10.0,41.3,No,44.0,Not Placed
STU09311,Female,CSE,2.3,76.3,7.2,6.0,12.0,66.0,No,57.8,Placed
STU05790,Male,Commerce,3.9,80.8,8.1,4.1,18.0,,Yes,84.9,Placed
STU06041,Male,Mechanical,6.2,85.3,6.6,,20.0,85.6,No,85.0,Placed
STU02851,Male,Commerce,4.8,81.5,6.4,4.3,13.0,61.9,No,60.9,Placed
STU09525,Male,IT,2.7,,7.4,5.3,16.0,67.8,Yes,57.3,Placed
STU06597,Female,IT,1.1,64.0,7.6,4.6,13.0,63.9,No,45.0,Not Placed
STU09503,Male,IT,1.7,83.8,8.0,5.2,11.0,61.5,No,57.9,Not Placed
STU07543,Male,Civil,3.9,80.6,,5.8,8.0,52.5,No,55.7,Not Placed
STU07030,Female,Mechanical,5.1,89.5,5.0,4.9,16.0,60.9,Yes,54.9,Placed
STU02258,Female,Commerce,2.1,79.2,6.8,6.7,16.0,66.6,Yes,59.0,Placed
STU09645,Male,IT,4.3,76.8,6.8,1.8,14.0,73.5,No,75.8,Placed
STU09193,Male,Civil,2.5,59.7,6.7,6.2,8.0,30.4,No,28.3,Not Placed
STU01870,Male,CSE,2.8,68.5,7.7,2.4,13.0,67.1,Yes,65.0,Placed
STU02909,Male,CSE,1.8,62.1,9.0,6.8,8.0,57.7,No,46.6,Not Placed
STU02663,Male,Commerce,3.3,71.7,6.9,5.7,14.0,54.9,No,59.3,Not Placed
STU02735,Male,Mechanical,3.8,63.9,7.6,4.9,9.0,53.5,Yes,45.3,Not Placed
STU06380,Male,IT,4.4,73.9,5.8,2.6,11.0,65.9,No,53.6,Not Placed
STU07780,Female,Mechanical,4.6,81.1,7.8,5.4,14.0,74.0,Yes,73.8,Placed
STU09148,Female,IT,3.0,65.0,7.9,7.4,9.0,45.5,No,45.6,Not Placed
STU02094,Female,Mechanical,5.7,88.5,5.2,2.9,16.0,76.1,Yes,71.9,Placed
STU09466,Male,Mechanical,2.5,71.1,7.3,3.7,17.0,70.9,No,69.6,Not Placed
STU04584,Male,ECE,4.0,92.7,7.4,4.5,17.0,64.6,No,66.1,Not Placed
STU07487,Female,IT,3.2,81.9,5.6,4.2,19.0,73.0,Yes,63.2,Placed
STU01275,Female,IT,5.4,79.2,7.0,6.0,10.0,53.7,Yes,60.4,Not Placed
STU08711,Female,CSE,1.7,84.7,6.8,5.8,14.0,45.4,No,45.2,Placed
STU01929,Female,IT,5.4,85.1,7.8,1.9,14.0,88.0,Yes,74.3,Placed
STU08225,Male,ECE,3.3,77.2,5.5,4.1,16.0,72.2,Yes,69.0,Placed
STU07646,Male,Civil,6.9,87.2,7.4,1.1,20.0,79.2,No,94.9,Placed
STU00994,Female,ECE,5.8,80.1,,1.1,16.0,88.6,No,84.3,Placed
STU00025,Male,IT,3.9,65.8,4.9,6.1,10.0,53.2,No,50.6,Not Placed
STU02925,Female,cse,3.6,,4.8,6.6,11.0,55.2,Yes,50.1,Not Placed
STU00645,Female,IT,1.1,48.6,6.2,7.7,15.0,52.5,Yes,41.6,Not Placed
STU04933,Male,IT,6.3,95.8,6.2,5.9,14.0,79.0,No,79.4,Placed
STU08779,Female,IT,3.4,77.7,6.5,3.1,12.0,53.0,No,67.4,Not Placed
STU08421,Male,CSE,,80.6,6.8,3.4,13.0,62.6,Yes,63.5,Placed
STU07632,Female,ECE,2.1,63.8,9.1,4.1,6.0,38.9,Yes,51.4,Not Placed
STU03124,Male,Commerce,4.4,72.2,5.8,5.2,12.0,74.8,Yes,63.5,Placed
STU05938,Female,Mechanical,3.4,86.6,6.7,4.8,13.0,77.2,No,73.4,Placed
STU03572,Female,Civil,1.2,77.2,6.8,3.7,16.0,68.9,Yes,62.0,Not Placed
STU04956,Male,CSE,4.9,93.0,8.2,4.7,20.0,73.8,No,80.6,Placed
STU00146,Female,Civil,2.5,73.0,7.6,4.9,,60.6,No,61.0,Placed
STU03676,Female,Commerce,2.5,86.6,5.5,6.2,20.0,71.2,No,67.6,Placed
STU02538,Male,IT,2.3,65.7,8.4,7.3,11.0,50.5,Yes,47.9,Placed
STU06369,Female,IT,4.1,70.8,6.7,5.9,,51.3,Yes,40.8,Not Placed
STU00579,Male,ECE,3.3,88.0,6.6,2.6,13.0,65.5,No,73.6,Not Placed
STU02157,Male,CSE,5.5,86.0,5.8,3.9,12.0,56.1,Yes,69.5,Placed
STU05879,Female,Civil,6.6,90.3,8.2,1.6,19.0,71.0,Yes,78.0,Placed
STU01507,Male, Civil ,5.0,68.4,8.1,9.2,5.0,29.2,No,39.1,Not Placed
STU01682,Female,Commerce,2.7,73.1,5.6,5.6,10.0,36.3,No,48.2,Not Placed
STU00128,Male,CSE,1.5,70.2,5.7,3.5,9.0,47.6,Yes,43.5,Not Placed
STU09486,Male,CSE,4.9,77.0,8.2,6.0,13.0,79.7,Yes,72.0,Placed
STU02812,Male,IT,2.7,,9.9,5.6,9.0,54.8,Yes,41.0,Not Placed
STU07530,Male,IT,4.2,100.0,8.1,3.3,,75.2,Yes,93.3,Placed
STU03016,Male,IT,1.2,66.3,6.9,3.4,13.0,60.6,Yes,47.6,Not Placed
STU02287,Female,ECE,3.4,71.4,6.2,3.2,15.0,52.3,Yes,56.4,Not Placed
STU07883,Male,ECE,5.2,80.5,5.6,2.8,12.0,65.6,No,64.8,Not Placed
STU04432,Male,CSE,3.7,56.7,7.9,2.3,9.0,39.6,Yes,47.4,Not Placed
STU05972,Female,Commerce,0.7,69.2,6.1,1.7,15.0,67.8,Yes,62.6,Not Placed
STU02128,Male,Commerce,3.2,,8.4,2.8,11.0,65.4,No,58.8,Not Placed
STU04863,Male,IT,3.3,77.8,7.2,3.8,16.0,83.2,No,65.6,Placed
STU06962,Female,Commerce,5.1,94.4,5.6,2.9,20.0,89.8,Yes,83.0,Placed
STU08228,Female,IT,4.1,66.4,6.9,,10.0,50.4,No,52.4,Not Placed
STU02307,male,CSE,5.6,88.8,7.4,1.0,20.0,81.7,Yes,88.3,Placed
STU05830,Male,CSE,3.2,60.9,6.5,6.2,11.0,48.9,Yes,47.4,Not Placed
STU05541,Female,CSE,2.2,82.9,7.8,3.8,18.0,57.7,Yes,56.6,Placed
STU06878,Male,CSE,1.1,67.7,6.1,4.8,11.0,57.1,No,42.7,Not Placed
STU06963,Female, ECE ,2.5,67.9,6.1,7.0,16.0,67.0,No,54.3,Not Placed
STU02289,Male,CSE,,86.3,6.8,3.3,17.0,64.0,Yes,65.3,Placed
STU07746,Female,IT,4.8,74.8,6.6,,13.0,51.0,Yes,63.6,Placed
STU06930,Female,Commerce,5.3,70.1,7.4,6.3,11.0,75.4,No,67.2,Placed
STU00894,Female,ECE,3.0,77.7,8.4,2.7,13.0,64.7,Yes,56.3,Not Placed
STU01086,Male,IT,4.5,72.9,7.3,,11.0,53.7,No,62.1,Placed
STU03941,Female,CSE,3.0,83.2,6.7,4.7,12.0,64.4,Yes,67.0,Placed
STU02573,Male,ECE,5.4,100.0,8.0,4.7,20.0,77.4,No,75.2,Placed
STU09876,Female,Civil,4.2,58.7,6.6,3.6,11.0,43.7,No,51.5,Not Placed
STU07515,Female,Commerce,4.7,86.4,7.5,6.3,16.0,61.3,Yes,62.7,Placed
STU00282,Female,Mechanical,4.0,72.5,6.7,4.9,7.0,45.7,No,46.5,Not Placed
STU09519,Female,Commerce,5.4,78.0,6.6,0.3,14.0,65.6,No,77.4,Not Placed
STU06671,Female,IT,3.3,78.5,7.0,3.6,13.0,59.6,No,57.0,Not Placed
STU00900,Female,Civil,0.0,50.4,6.4,5.2,7.0,56.4,Yes,36.5,Not Placed
STU03621,Female,Mechanical,3.7,82.4,6.7,2.1,18.0,69.8,No,64.3,Placed
STU09081,Male,CSE,2.8,67.5,6.2,6.5,12.0,46.5,No,55.8,Not Placed
STU01716,Female,CSE,4.4,91.2,6.5,2.9,17.0,63.5,No,85.6,Placed
STU08281,Female,ECE,5.5,87.1,5.2,2.9,15.0,74.1,Yes,71.5,Placed
STU06413,Male,IT,3.3,62.2,5.5,6.3,9.0,36.4,No,38.8,Not Placed
STU06971,Female,CSE,4.0,80.7,6.0,5.9,13.0,63.1,Yes,60.6,Not Placed
STU06002,Male,CSE,5.1,82.6,6.6,5.6,9.0,71.9,Yes,70.8,Placed
STU08617,Male,IT,3.7,74.3,6.6,5.0,12.0,59.3,No,60.1,Placed
STU06093,Male,Commerce,1.9,60.9,5.0,6.9,10.0,68.9,Yes,49.4,Not Placed
STU07478,Male,CSE,3.5,,7.4,6.4,12.0,62.2,No,61.9,Placed
STU06060,Male,CSE,3.5,87.6,7.3,3.6,18.0,84.3,No,66.6,Placed
STU00134,Male,Civil,4.1,71.5,7.3,5.9,10.0,63.1,Yes,50.9,Placed
STU09908,Female,Mechanical,4.9,95.9,8.0,4.7,20.0,67.2,Yes,85.8,Placed
STU03583,Female,CSE,5.5,75.7,5.8,4.5,14.0,60.1,Yes,62.6,Placed
STU02318,Male,IT,1.6,75.0,7.1,5.9,12.0,68.6,No,71.4,Not Placed
STU00260,Female,Mechanical,6.2,76.4,5.7,5.0,7.0,42.1,Yes,53.6,Not Placed
STU00585,Female,Commerce,1.5,73.4,5.8,3.3,12.0,75.2,Yes,51.3,Placed
STU00476,Male,Commerce,3.8,58.1,6.2,2.8,8.0,56.8,Yes,53.4,Not Placed
STU09157,Female,ECE,2.8,72.4,6.9,5.2,14.0,68.8,No,50.7,Not Placed
STU06970,Male,Civil,4.2,76.4,8.1,4.8,14.0,71.0,No,71.8,Not Placed
STU08611,Male,Mechanical,5.0,97.9,4.9,3.7,19.0,97.9,No,78.7,Placed
STU04408,Female,ECE,5.1,79.7,7.9,2.7,15.0,76.1,No,75.6,Placed
STU06351,Male,CSE,0.0,63.9,6.6,5.5,13.0,73.9,No,65.7,Not Placed
STU06700,Male,CSE,3.5,86.9,6.6,3.0,15.0,63.1,Yes,66.8,Placed
STU03893,Male,IT,0.4,53.4,6.9,7.4,3.0,35.7,No,28.6,Not Placed
STU04401,Female,ECE,4.4,72.2,5.8,3.4,9.0,52.2,Yes,52.6,Not Placed
STU05283,Female,ECE,2.2,65.8,6.3,5.8,8.0,49.7,No,49.9,Not Placed
STU08838,Male,Commerce,2.3,71.0,10.0,6.0,6.0,66.1,Yes,49.6,Not Placed
STU02458,Male,ECE,1.4,62.7,6.2,4.3,7.0,48.3,Yes,41.9,Not Placed
STU00185,Male,ECE,4.9,73.0,5.4,2.8,,66.7,No,66.6,Placed
STU04233,Female,CSE,,65.5,3.7,3.4,8.0,56.4,No,47.9,Not Placed
STU01641,Female,IT,2.7,63.9,7.4,6.8,8.0,49.4,No,55.2,Not Placed
STU03118,Female,Commerce,1.3,57.3,8.2,5.7,11.0,54.2,No,53.8,Not Placed
STU01996,Male,Civil,2.7,86.2,7.6,6.3,11.0,64.2,No,53.8,Not Placed
STU05724,Male,CSE,5.6,100.0,8.2,2.7,20.0,100.0,Yes,97.6,Placed
STU05788,Female,IT,1.2,47.3,,5.8,9.0,52.5,No,43.0,Not Placed
STU00705,Male,Commerce,6.3,83.8,8.7,1.5,15.0,72.5,No,81.0,Placed
STU05018,Male,CSE,2.6,61.4,7.3,5.5,11.0,59.1,Yes,58.6,Not Placed
STU09862,Female,Mechanical,0.0,53.1,6.3,4.6,7.0,26.0,Yes,27.7,Not Placed
STU09510,Male,ECE,5.2,83.0,7.7,5.6,16.0,63.6,No,74.6,Placed
STU00433,Male,ECE,4.4,84.8,8.0,6.4,11.0,70.9,No,67.0,Not Placed
STU05039,Female,ECE,2.0,68.7,6.0,5.6,7.0,30.3,No,38.7,Not Placed
STU07129,Male,ECE,4.1,56.5,7.3,1.4,9.0,53.3,No,64.9,Not Placed
STU04307,Female,IT,7.4,81.9,7.6,2.3,15.0,62.1,No,73.6,Placed
STU06297,Female,Mechanical,2.9,70.3,4.9,5.7,7.0,44.6,Yes,37.0,Not Placed
STU05558,Female,IT,3.8,89.2,7.1,6.3,17.0,68.1,No,67.0,Placed
STU01882,Male,ECE,5.0,95.4,6.0,3.4,17.0,77.3,Yes,76.6,Placed
STU00905,Female,CSE,1.0,58.8,6.0,4.5,,61.2,No,56.3,Not Placed
STU02377,Male,IT,0.4,70.0,5.4,3.3,15.0,67.0,No,53.2,Not Placed
STU05115,Male,CSE,3.8,79.9,,4.4,18.0,77.6,No,73.0,Placed
STU04596,Male,IT,4.3,86.4,6.8,3.3,19.0,74.6,No,81.5,Placed
STU04784,Male,CSE,,80.0,7.3,2.4,18.0,64.6,No,70.5,Placed
STU03528,Female,Mechanical,3.4,76.8,5.8,6.3,5.0,50.7,Yes,43.6,Not Placed
STU08211,Male,CSE,3.9,84.4,7.8,5.4,17.0,68.4,Yes,71.2,Placed
STU08621,Male,Civil,4.4,86.4,8.3,4.7,17.0,79.3,No,82.0,Placed
STU05825,Female,CSE,,54.6,5.5,3.1,5.0,48.5,No,39.0,Not Placed
STU06470,Male,CSE,4.8,78.6,7.2,3.4,18.0,73.9,No,78.7,Placed
STU04760,Male,Commerce,1.5,57.3,6.8,5.9,8.0,66.7,No,54.5,Not Placed
STU02626,Male,IT,4.6,,4.9,5.3,10.0,58.9,Yes,57.2,Placed
STU01179,Female,Commerce,3.9,75.5,7.7,3.3,12.0,66.7,No,64.8,Not Placed
STU08699,Male,CSE,4.8,88.4,7.6,2.9,19.0,72.1,No,71.3,Not Placed
STU00454,Female,ECE,5.2,78.2,7.3,3.6,16.0,78.1,Yes,81.6,Placed
STU02411,Female,IT,4.6,81.5,6.3,7.3,8.0,61.7,No,57.5,Not Placed
STU08329,Female,CSE,3.2,71.8,6.9,4.3,9.0,42.1,Yes,50.2,Not Placed
STU01277,Male, Commerce ,3.3,73.7,5.8,3.6,14.0,69.1,Yes,58.3,Not Placed
STU04115,Male,ECE,4.5,61.4,6.3,4.2,6.0,54.7,No,45.1,Not Placed
STU05273,Female,Civil,3.1,47.7,7.1,5.1,9.0,50.8,Yes,45.7,Not Placed
STU07989,Female,CSE,4.3,77.4,9.5,7.5,14.0,53.3,Yes,63.7,Placed
STU03186,Female,IT,2.1,67.3,6.3,5.6,9.0,60.3,No,48.1,Not Placed
STU02723,Female,CSE,,66.2,8.4,5.0,7.0,40.2,No,53.5,Not Placed
STU08931,Male,IT,3.3,83.2,7.6,3.0,17.0,70.0,Yes,67.2,Placed
STU06306,Male,cse,4.8,88.8,7.3,2.8,20.0,84.4,Yes,79.1,Placed
STU02225,Female, Mechanical ,0.0,70.3,6.2,9.0,8.0,50.6,No,35.6,Not Placed
STU00256,Male,ECE,3.7,78.4,5.5,3.9,,74.2,No,66.9,Not Placed
STU01525,Male,Mechanical,3.0,72.6,5.9,3.4,14.0,58.6,No,53.1,Not Placed
STU01186,Female,Commerce,0.4,65.4,,4.0,12.0,37.0,No,39.9,Not Placed
STU07053,Female,Mechanical,4.3,84.4,8.5,3.1,15.0,75.8,No,69.4,Not Placed
STU02306,Male,IT,2.2,59.8,6.5,8.8,8.0,49.2,Yes,38.3,Not Placed
STU05543,Male,Commerce,3.4,92.3,5.4,3.5,17.0,69.2,No,76.1,Placed
STU01429,Male,CSE,3.5,82.1,7.6,5.1,18.0,78.3,No,77.5,Placed
STU02026,Male,Mechanical,4.3,69.3,5.4,4.0,9.0,,Yes,56.2,Not Placed
STU06236,Male,CSE,1.7,65.7,5.6,3.9,10.0,59.7,Yes,48.1,Not Placed
STU01427,Male,CSE,4.8,78.5,7.3,4.8,11.0,63.0,Yes,55.6,Not Placed
STU02614,Male,ECE,4.7,79.1,7.3,3.5,10.0,67.0,No,68.6,Not Placed
STU01497,Male,CSE,2.0,75.1,6.8,3.6,14.0,61.9,Yes,62.0,Placed
STU09628,Female,CSE,,70.7,8.6,4.0,12.0,60.2,No,56.6,Not Placed
STU02443,Female,IT,3.6,64.3,5.5,4.4,17.0,52.9,Yes,61.2,Placed
STU06740,Female,ECE,0.7,59.3,6.2,5.8,11.0,68.5,Yes,54.8,Placed
STU09430,Male,CSE,1.6,62.9,7.4,8.0,8.0,36.5,No,32.5,Not Placed
STU04880,Male,CSE,,67.0,6.9,4.9,6.0,49.4,Yes,56.1,Placed
STU05672,Female,CSE,5.8,95.0,6.2,3.0,16.0,75.9,No,77.4,Placed
STU05293,Male,Mechanical,1.6,87.0,8.6,4.3,16.0,74.0,No,51.5,Not Placed
STU08178,Female,Mechanical,3.3,67.5,6.4,1.8,9.0,64.9,No,58.5,Not Placed
STU09349,Female,Civil,1.5,67.6,7.2,4.9,12.0,63.8,Yes,59.2,Placed
STU00432,Male,CSE,3.4,85.9,5.7,3.5,16.0,60.7,No,71.8,Not Placed
STU08700,Female,CSE,3.5,73.4,6.3,6.3,8.0,44.3,Yes,46.2,Not Placed
STU03294,Female,CSE,2.3,67.3,5.7,6.6,14.0,67.4,No,53.1,Not Placed
STU05604,Male,ECE,4.1,79.4,8.2,5.5,10.0,72.7,No,68.5,Placed
STU02888,Male,ECE,4.8,84.8,5.4,3.7,11.0,71.2,No,58.1,Not Placed
STU05488,Male,Mechanical,5.2,53.7,6.8,2.8,4.0,,No,49.3,Not Placed
STU09777,Female,CSE,2.3,60.1,7.6,6.6,8.0,46.2,Yes,50.6,Not Placed
STU08666,Male,Commerce,0.0,51.8,8.0,6.1,0.0,39.2,No,24.9,Not Placed
STU09405,Male,CSE,0.7,60.6,8.0,5.0,5.0,40.2,No,31.5,Not Placed
STU08400,Female,Mechanical,2.5,90.9,7.7,7.3,18.0,68.8,Yes,70.0,Placed
STU06882,Male,IT,3.4,67.2,6.7,3.7,7.0,52.6,Yes,53.1,Not Placed
STU03783,Male,cse,2.1,66.6,5.3,3.2,11.0,55.6,Yes,46.4,Placed
STU01027,Female,CSE,2.8,55.3,8.2,,5.0,42.8,No,35.9,Not Placed
STU08302,Male,ECE,4.0,74.1,6.7,3.9,6.0,54.8,Yes,50.9,Not Placed
STU00986,Female,Civil,1.2,75.3,8.2,3.4,15.0,65.6,No,56.0,Placed
STU01982,Male,CSE,1.3,66.5,7.1,4.0,12.0,54.6,Yes,55.7,Placed
STU01033,Female,CSE,3.6,70.5,8.0,2.2,13.0,60.6,No,61.5,Not Placed
STU04407,Female,CSE,4.6,68.6,8.0,2.0,12.0,50.3,Yes,57.0,Not Placed
STU06596,Male,CSE,3.0,73.7,5.0,6.2,7.0,,Yes,49.3,Placed
STU02579,Male,CSE,3.7,87.2,6.2,3.0,18.0,76.7,No,77.3,Placed
STU05934,Female,Civil,4.6,69.4,7.6,4.1,12.0,53.4,No,55.3,Not Placed
STU08490,Female,CSE,2.5,64.3,8.5,7.0,5.0,50.1,No,41.8,Not Placed
STU06618,Male,Civil,4.1,87.7,7.0,4.0,14.0,68.5,Yes,65.2,Placed
STU04826,Male,CSE,1.8,68.4,8.3,6.9,9.0,51.9,Yes,48.1,Not Placed
STU08493,Female,IT,0.8,76.7,7.4,3.9,18.0,59.9,Yes,64.7,Placed
STU07889,Male,CSE,1.7,68.6,8.2,5.6,10.0,50.2,Yes,38.9,Not Placed
STU06541,Female,Civil,2.8,75.4,4.7,4.5,6.0,53.5,No,53.6,Not Placed
STU05797,Male,CSE,6.4,100.0,6.0,1.1,14.0,86.1,No,94.7,Placed
STU08746,Male,Mechanical,1.0,61.3,5.2,10.0,7.0,36.3,No,23.7,Not Placed
STU04650,Male,IT,4.4,71.7,6.0,3.7,14.0,56.5,No,58.0,Not Placed
STU03661,Female,IT,2.8,69.4,8.6,4.2,12.0,60.5,Yes,57.4,Placed
STU07462,Male,CSE,2.6,79.0,8.1,5.3,14.0,75.7,No,58.0,Not Placed
STU08880,Female,Civil,1.3,69.3,8.9,4.7,3.0,57.1,Yes,49.0,Not Placed
STU07964,Female,IT,2.2,69.9,7.0,4.2,6.0,42.4,No,49.7,Not Placed
STU06973,Female,ECE,3.1,68.3,6.3,,7.0,43.5,Yes,36.9,Not Placed
STU04415,Female,Civil,2.8,73.0,7.7,2.8,12.0,66.2,Yes,68.2,Placed
STU01939,Male,Mechanical,1.4,57.7,6.7,5.5,8.0,46.1,No,37.5,Not Placed
STU07069,Female,IT,3.8,84.9,6.6,4.6,16.0,61.7,No,58.7,Not Placed
STU03708,Female,ECE,3.3,91.9,6.6,5.2,15.0,56.4,No,58.0,Not Placed
STU01723,Female,Commerce,2.3,74.0,5.3,6.7,9.0,43.6,No,41.2,Not Placed
STU09382,Female,Civil,4.6,92.4,4.0,3.7,16.0,63.8,No,62.1,Not Placed
STU04246,Female,IT,2.6,85.7,,6.3,17.0,64.9,No,60.7,Placed
STU04099,Female,ECE,4.6,76.7,6.7,2.5,15.0,71.2,No,67.0,Placed
STU08690,Female,Commerce,6.9,91.2,6.4,4.9,15.0,61.9,No,76.4,Placed
STU09730,Female,ECE,5.0,100.0,7.1,4.6,20.0,95.9,Yes,83.1,Placed
STU03064,Male,CSE,2.4,76.5,3.2,,17.0,53.3,Yes,50.0,Placed
STU02671,Female,CSE,1.4,79.0,7.3,3.2,15.0,78.4,Yes,75.6,Placed
STU06474,Male,Mechanical,2.3,53.8,7.9,1.5,10.0,44.4,No,47.6,Not Placed
STU01515,Female,ECE,3.4,68.5,5.6,5.1,5.0,51.7,Yes,41.7,Not Placed
STU06532,Male,IT,2.6,71.7,7.4,5.6,15.0,50.4,No,58.9,Not Placed
STU01886,Female,ECE,3.1,99.3,7.3,3.4,20.0,69.9,Yes,71.5,Placed
STU01061,Female,CSE,,88.0,6.0,4.2,10.0,65.3,No,78.8,Placed
STU07458,Female,Mechanical,5.8,,6.8,4.3,10.0,50.5,No,58.0,Not Placed
STU01404,Male,IT,1.7,57.7,8.0,5.5,7.0,60.9,Yes,56.7,Not Placed
STU04056,Male,CSE,3.8,70.8,6.7,5.2,10.0,78.7,Yes,68.4,Placed
STU06104,Male,ECE,4.0,64.8,6.2,2.4,18.0,72.2,No,73.3,Placed
STU08980,Male,CSE,1.8,59.8,8.2,2.6,9.0,57.3,Yes,48.5,Not Placed
STU07249,Male,Mechanical,6.3,80.9,6.9,2.7,15.0,89.6,Yes,90.6,Placed
STU05803,Female,IT,3.8,87.2,6.4,6.0,20.0,83.2,No,80.0,Placed
STU02414,Male,CSE,4.1,69.1,7.5,4.7,7.0,45.0,Yes,49.3,Placed
STU03398,Male,Commerce,4.1,76.1,6.8,4.4,15.0,62.9,No,67.6,Not Placed
STU02328,M,Mechanical,7.2,96.2,7.1,5.2,17.0,74.1,Yes,84.1,Placed
STU03546,Female,CSE,4.6,75.8,6.5,4.9,13.0,69.2,Yes,68.6,Placed
STU04587,Male, Mechanical ,0.0,78.2,6.0,3.7,14.0,67.4,No,56.5,Not Placed
STU01176,Male,IT,1.5,61.7,6.2,5.6,8.0,41.6,No,45.0,Not Placed
STU08013,Male,ECE,1.6,69.3,6.2,7.0,15.0,69.5,Yes,59.1,Not Placed
STU09386,Female,Commerce,4.0,82.4,6.8,6.2,16.0,73.5,Yes,73.2,Placed
STU01107,Female,CSE,1.9,68.4,6.7,6.5,9.0,42.6,No,50.4,Not Placed
STU08678,Male,CSE,4.6,78.6,6.2,5.8,11.0,75.3,Yes,64.5,Placed
STU00595,Female,Commerce,0.7,61.6,7.9,8.4,7.0,47.7,No,41.8,Not Placed
STU03262,Male,ECE,2.2,66.9,6.9,6.2,10.0,51.6,Yes,46.2,Not Placed
STU03329,Female,IT,1.9,65.0,6.8,6.6,14.0,66.1,No,60.5,Not Placed
STU03151,Male,CSE,2.1,65.6,4.0,2.0,14.0,76.6,Yes,59.0,Placed
STU00132,Female,Commerce,3.5,59.3,8.1,8.2,6.0,47.6,No,44.0,Not Placed
STU08745,Female,Civil,3.8,,6.4,3.1,7.0,49.3,No,50.0,Not Placed
STU06058,Female,Commerce,4.1,72.9,8.0,4.4,6.0,61.5,No,58.7,Not Placed
STU09480,Male,ECE,,80.0,7.9,5.0,,72.9,No,76.6,Placed
STU09302,Female,Commerce,5.6,80.1,7.8,5.8,10.0,54.9,No,63.8,Not Placed
STU04831,Male,Mechanical,1.0,55.3,6.9,7.0,11.0,55.5,Yes,44.6,Not Placed
STU02332,Female,Civil,0.0,48.2,6.9,5.4,4.0,38.9,No,25.5,Not Placed
STU03640,Female,CSE,0.0,59.8,7.9,5.1,7.0,59.1,Yes,45.3,Not Placed
STU05814,Male,ECE,6.1,86.1,7.7,4.7,17.0,70.0,No,73.6,Placed
STU08768,Male,ECE,4.5,76.0,9.1,2.3,15.0,53.7,Yes,64.8,Placed
STU02352,Female,CSE,2.9,87.9,9.5,4.8,15.0,77.2,No,63.4,Placed
STU01147,Female,ECE,5.3,81.4,6.1,3.7,14.0,60.6,No,59.1,Not Placed
STU07381,Female,IT,3.1,77.4,6.3,2.4,11.0,51.0,Yes,48.1,Placed
STU02652,Male,Mechanical,2.3,68.0,,6.0,4.0,37.7,No,39.3,Not Placed
STU08385,Female,Commerce,5.9,,7.0,3.9,13.0,55.2,No,67.5,Not Placed
STU01797,Male,IT,6.3,93.1,8.0,5.1,13.0,57.2,No,58.4,Not Placed
STU02288,Male,IT,6.1,92.1,5.9,0.2,20.0,93.2,Yes,90.2,Placed
STU05980,Male,Mechanical,3.3,63.2,5.9,2.0,7.0,34.1,No,44.8,Not Placed
STU04328,Female,CSE,3.5,70.8,8.6,2.1,9.0,70.3,No,66.6,Not Placed
STU09275,Female,IT,1.8,70.5,7.3,5.3,12.0,55.3,Yes,45.8,Not Placed
STU06179,Female,IT,4.8,62.0,7.0,5.4,,28.2,No,37.4,Not Placed
STU04095,Female,CSE,3.4,69.2,6.7,1.0,14.0,70.7,No,74.4,Placed
STU04285,Male,ECE,0.8,72.6,5.8,5.2,7.0,54.9,No,44.9,Not Placed
STU05740,Female,Commerce,6.6,83.3,7.2,3.4,14.0,76.1,Yes,91.9,Placed
STU08173,Male,Commerce,2.8,66.3,8.6,6.1,11.0,,Yes,51.7,Not Placed
STU05068,Male,Civil,3.6,87.4,6.6,5.9,16.0,70.6,Yes,74.3,Placed
STU07903,Male,ECE,1.8,74.9,7.5,4.5,14.0,78.5,No,67.0,Not Placed
STU08360,Female,Civil,3.9,75.5,8.5,2.7,13.0,61.0,Yes,59.3,Placed
STU09802,Male,Mechanical,4.9,73.9,5.6,4.7,6.0,49.6,No,47.9,Not Placed
STU05367,Female,Commerce,5.0,78.3,7.9,1.7,14.0,,No,58.2,Not Placed
STU06115,Male,CSE,5.2,,7.7,3.3,12.0,75.7,No,72.4,Placed
STU08708,Female,ECE,6.0,80.0,7.5,2.3,15.0,63.9,No,73.9,Not Placed
STU07225,Female,CSE,1.6,60.6,7.0,7.9,9.0,54.8,No,54.0,Not Placed
STU04072,Female,Commerce,1.4,80.5,8.1,2.7,14.0,49.8,No,58.8,Not Placed
STU06182,Male,Mechanical,2.6,71.1,9.4,4.8,11.0,67.5,Yes,69.1,Placed
STU03318,Male,CSE,3.1,64.4,5.9,6.5,14.0,64.7,No,58.8,Not Placed
STU03385,Male,IT,3.5,87.7,7.9,3.2,16.0,55.6,No,66.1,Not Placed
STU04024,Female,CSE,2.4,68.6,5.6,7.3,,42.3,Yes,40.0,Not Placed
STU08955,Male,ECE,3.7,89.7,6.8,1.4,,73.1,Yes,75.4,Placed
STU08376,Female,CSE,4.2,94.2,5.8,5.9,19.0,73.5,Yes,77.7,Placed
STU06701,Female,IT,5.6,77.0,6.3,5.1,8.0,48.1,No,54.4,Placed
STU08920,Female,Commerce,1.3,68.0,6.6,6.0,7.0,55.7,Yes,43.7,Not Placed
STU08233,Male,Mechanical,2.6,71.3,,7.8,17.0,66.0,Yes,59.3,Placed
STU09244,Female,ECE,1.1,82.5,,5.3,13.0,75.3,No,54.6,Not Placed
STU05999,Male,Civil,5.3,84.5,5.7,3.4,14.0,67.7,No,65.1,Not Placed
STU06826,Male,Civil,4.1,88.8,6.8,2.7,19.0,82.3,Yes,82.6,Placed
STU03694,Male,IT,5.4,71.9,5.5,7.3,7.0,46.2,No,43.7,Not Placed
STU06343,Male,Mechanical,3.7,77.3,6.0,2.8,16.0,68.2,No,62.9,Placed
STU02593,Male,CSE,2.8,71.6,6.7,4.1,14.0,65.1,No,62.5,Not Placed
STU02672,Female,IT,5.5,87.9,7.9,1.8,17.0,71.7,No,78.5,Placed
STU00187,Male,CSE,6.8,81.1,7.4,2.4,16.0,65.6,Yes,79.1,Placed
STU08220,Male,Mechanical,4.6,97.6,6.0,2.7,15.0,70.8,Yes,75.2,Placed
STU00318,Male,ECE,,69.3,6.1,5.7,6.0,50.6,No,39.9,Not Placed
STU05117,Male,Commerce,6.1,93.7,5.6,2.6,17.0,80.5,No,72.6,Placed
STU04273,Male,IT,2.2,71.6,5.4,4.9,13.0,66.1,Yes,62.2,Placed
STU03471,M,ECE,,,8.9,6.1,3.0,49.2,No,44.7,Not Placed
STU04883,Female,Mechanical,1.0,75.0,6.1,5.2,12.0,54.3,No,37.1,Not Placed
STU02250,Female,Mechanical,4.0,74.8,6.6,3.0,17.0,67.7,No,75.3,Placed
STU01612,Female,Commerce,4.7,80.7,5.2,3.5,11.0,53.0,No,58.9,Not Placed
STU06296,Male,ECE,4.0,62.6,7.8,7.0,3.0,57.0,No,46.2,Not Placed
STU04973,Male,Civil,4.2,90.5,7.0,3.2,15.0,80.3,No,80.6,Placed
STU02719,Female,IT,3.6,,5.2,3.7,16.0,81.0,Yes,71.0,Placed
STU06929,Male,IT,1.7,71.1,5.9,6.2,12.0,44.6,Yes,41.6,Not Placed
STU01032,Male,IT,3.5,86.4,6.8,5.2,12.0,64.0,No,62.4,Not Placed
STU07643,Male,Commerce,3.1,69.6,8.2,5.0,10.0,45.8,Yes,50.4,Not Placed
STU04597,Female,Civil,4.4,71.6,6.0,0.2,12.0,56.4,Yes,62.3,Placed
STU07542,Female,IT,,82.0,6.2,5.0,9.0,60.3,No,64.0,Not Placed
STU05732,Male,Commerce,6.8,100.0,6.4,1.7,15.0,62.6,Yes,69.9,Placed
STU04292,Female,Mechanical,1.8,50.1,5.6,6.5,8.0,43.1,No,47.5,Not Placed
STU06553,Female,Mechanical,2.3,64.2,6.0,2.8,12.0,64.2,No,50.3,Not Placed
STU08457,Male,ECE,7.0,94.8,5.6,1.9,13.0,70.4,No,82.0,Placed
STU06001,Male,IT,2.8,59.1,7.0,6.2,13.0,54.6,No,52.2,Placed
STU01151,Male,,1.8,67.6,5.2,6.3,8.0,76.8,No,60.3,Placed
STU09536,Male,Commerce,3.6,94.9,6.9,,20.0,87.9,Yes,82.9,Placed
STU08210,Female,Mechanical,4.0,90.0,6.8,2.1,20.0,72.2,No,82.6,Placed
STU00004,Male,CSE,1.8,81.9,6.7,3.0,16.0,67.8,No,67.0,Placed
STU04119,Female,ECE,2.4,68.0,7.5,3.0,9.0,58.0,Yes,59.2,Not Placed
STU08938,Male,Civil,4.6,89.7,4.5,5.2,17.0,,Yes,86.3,Placed
STU03518,Male,ECE,2.0,70.9,6.9,,15.0,58.6,No,58.2,Not Placed
STU05743,Female,Commerce,3.7,,4.9,4.8,15.0,67.9,No,52.5,Placed
STU04666,Male,CSE,4.6,84.9,8.0,3.0,14.0,71.8,Yes,78.0,Placed
STU09211,Male,Mechanical,2.9,75.4,5.3,3.1,15.0,72.0,No,72.4,Placed
STU03364,Male,IT,1.7,67.2,7.4,4.4,6.0,48.9,No,45.3,Not Placed
STU07738,Female,ECE,3.7,70.7,7.9,3.9,11.0,,No,58.8,Not Placed
STU01885,Male,Civil,3.1,64.2,5.8,3.4,8.0,40.2,No,46.1,Not Placed
STU01003,Female,CSE,2.3,75.7,8.8,4.2,10.0,50.1,Yes,51.7,Placed
STU00633,Female,Civil,2.9,63.8,5.4,2.1,10.0,60.3,No,57.2,Not Placed
STU04949,Female,ECE,3.7,68.3,6.4,5.4,15.0,75.1,No,59.6,Placed
STU04418,Female,CSE,2.7,80.6,5.2,3.5,16.0,76.5,No,61.0,Placed
STU02014,Male,CSE,6.7,91.0,6.6,3.6,16.0,58.8,Yes,73.6,Placed
STU08555,Male,CSE,2.9,82.4,4.3,4.0,15.0,71.2,No,54.3,Placed
STU03228,Male,Commerce,4.2,70.3,7.3,5.0,16.0,45.4,No,59.8,Not Placed
STU05212,Female,CSE,4.6,83.4,8.5,2.6,15.0,70.8,Yes,67.1,Placed
STU03645,Male,CSE,2.6,66.1,6.7,4.8,11.0,58.6,No,50.4,Not Placed
STU00423,Male,CSE,4.1,82.6,6.7,3.7,,42.5,Yes,57.6,Placed
STU08835,Male,Commerce,3.2,71.7,7.0,2.2,6.0,41.8,No,46.8,Not Placed
STU06659,Male,ECE,4.0,82.8,7.4,5.4,16.0,69.3,No,68.7,Placed
STU08744,Female,IT,4.4,60.6,4.7,,8.0,62.6,Yes,55.2,Placed
STU08174,Male,Mechanical,1.6,55.3,7.0,5.3,16.0,56.5,No,56.7,Not Placed
STU07986,Female,Mechanical,5.1,87.2,6.8,1.6,15.0,63.7,No,82.1,Not Placed
STU02003,Male,Commerce,2.3,76.2,6.8,4.7,13.0,64.6,Yes,70.8,Placed
STU01333,Female,Civil,3.4,75.8,7.0,4.6,17.0,62.4,No,65.8,Placed
STU05725,Male,IT,7.9,81.4,7.3,1.6,12.0,58.9,No,79.6,Placed
STU02886,Female,CSE,3.8,77.5,,3.2,15.0,73.4,No,79.3,Placed
STU01351,Male,ECE,3.4,71.6,6.4,8.7,11.0,49.5,No,44.9,Not Placed
STU08469,Female,ECE,3.0,74.5,5.8,5.0,,71.6,No,53.2,Not Placed
STU06884,Male,Civil,2.4,83.3,7.6,5.0,10.0,57.0,No,55.7,Not Placed
STU03416,Female,IT,6.4,80.9,4.2,5.2,12.0,69.6,No,69.9,Not Placed
STU05252,M,ECE,5.4,82.7,5.8,0.2,19.0,66.9,No,88.1,Placed
STU04052,Male,CSE,1.5,71.8,8.0,6.8,15.0,63.9,No,55.1,Not Placed
STU05339,Male,CSE,4.4,83.5,8.4,6.6,10.0,65.1,Yes,58.4,Not Placed
STU01445,Male,Mechanical,0.5,69.4,8.3,3.8,12.0,55.4,Yes,47.4,Not Placed
STU08572,Female,Civil,2.4,69.6,7.2,3.9,12.0,71.0,Yes,55.2,Placed
STU02745,Male,commerce,5.0,87.2,7.6,2.7,20.0,72.1,No,86.7,Placed
STU02960,Female,IT,2.9,91.3,9.7,7.3,19.0,81.2,No,78.3,Placed
STU05451,Female,ECE,3.7,76.0,8.3,4.4,15.0,54.0,No,59.6,Not Placed
STU02912,Female,Commerce,3.5,87.7,7.9,2.3,18.0,85.4,No,81.7,Placed
STU05864,Male,CSE,3.7,77.8,6.9,4.4,13.0,76.4,Yes,71.2,Placed
STU05630,Female,CSE,3.7,,6.0,3.3,20.0,78.2,Yes,84.8,Placed
STU00218,Male,ECE,6.0,85.0,8.5,4.1,18.0,64.6,No,70.0,Not Placed
STU07365,Female,Mechanical,3.5,82.9,8.6,3.4,,58.5,No,56.7,Not Placed
STU09333,Male,Mechanical,3.4,76.0,6.7,3.4,14.0,68.8,No,65.3,Placed
STU07008,Male,CSE,1.3,68.5,6.4,6.0,10.0,38.8,No,33.7,Not Placed
STU01312,Male,Commerce,6.1,83.2,6.6,2.3,14.0,60.6,Yes,72.5,Placed
STU08876,Male,ECE,2.0,85.3,7.0,5.2,,54.7,Yes,51.7,Not Placed
STU08777,Male,CSE,5.5,84.3,6.9,1.4,17.0,72.2,No,82.9,Placed
STU00651,Male, ECE ,5.8,,4.8,2.5,19.0,75.0,Yes,84.0,Placed
STU02489,Male,CSE,5.0,91.9,5.9,0.2,18.0,77.3,No,77.5,Placed
STU03573,Female,CSE,,77.1,5.7,2.5,14.0,78.3,Yes,69.9,Placed
STU05332,Male,IT,4.1,83.0,4.6,4.1,15.0,63.7,No,62.8,Not Placed
STU01582,Male,ECE,4.1,80.9,7.9,2.2,15.0,66.4,Yes,72.3,Placed
STU06565,Female,,3.4,70.7,7.3,1.6,15.0,75.1,No,82.2,Placed
STU07257,Male,Civil,3.4,96.0,7.8,6.5,15.0,89.1,No,76.1,Placed
STU06443,Male,IT,4.3,,7.3,4.9,20.0,79.0,No,67.7,Placed
STU06331,Male,Mechanical,4.7,,5.2,4.4,20.0,69.2,Yes,66.3,Placed
STU02899,Male,CSE,1.6,71.3,6.2,6.9,9.0,68.0,No,50.0,Not Placed
STU00360,Female,Commerce,2.1,68.8,7.0,4.0,15.0,57.6,No,58.3,Placed
STU04032,Male,CSE,1.5,69.5,6.8,2.2,9.0,61.5,Yes,52.5,Not Placed
STU01961,Male,Civil,4.5,88.5,7.9,3.7,15.0,63.5,No,71.2,Not Placed
STU07101,Female,IT,8.2,,8.5,0.2,14.0,78.3,Yes,94.9,Placed
STU08436,Female,Civil,2.6,82.3,8.0,5.6,13.0,67.8,No,62.9,Not Placed
STU05815,Female,CSE,5.6,82.4,6.7,4.0,15.0,63.2,No,70.7,Placed
STU02205,Female,CSE,4.5,97.0,6.0,2.0,16.0,,Yes,76.9,Placed
STU06113,Male,,3.2,69.3,7.1,2.9,16.0,55.9,No,66.3,Placed
STU00420,Female,ECE,3.3,96.2,7.4,3.5,20.0,80.7,Yes,78.8,Placed
STU00181,Male,Commerce,4.7,86.5,6.2,2.3,20.0,61.4,No,70.7,Placed
STU09262,Female,Civil,2.5,73.3,7.9,4.6,14.0,46.3,Yes,52.2,Placed
STU03985,Female,IT,2.8,66.4,6.1,3.4,11.0,54.4,No,60.9,Not Placed
STU08832,Male,Commerce,5.3,75.1,6.5,5.0,13.0,49.3,No,62.8,Not Placed
STU06241,Female,Mechanical,3.9,83.7,8.6,3.3,17.0,82.3,Yes,81.2,Placed
STU00978,Female,ECE,5.1,80.7,7.1,6.0,15.0,51.8,Yes,69.5,Not Placed
STU00787,Female,ECE,1.7,78.7,6.1,6.9,13.0,70.3,Yes,54.9,Not Placed
STU01958,Female,Commerce,3.1,59.2,7.7,6.1,11.0,52.7,No,51.5,Not Placed
STU00371,Female,Civil,1.3,75.5,6.8,,11.0,65.0,No,56.4,Placed
STU05326,Male,Commerce,5.7,97.4,6.6,3.6,18.0,77.1,No,92.2,Placed
STU09356,Female,CSE,4.8,73.5,8.1,5.1,13.0,51.3,Yes,55.5,Placed
STU03400,Female,Mechanical,3.0,76.5,6.3,6.7,10.0,61.3,No,54.8,Not Placed
STU01183,Male, IT ,1.8,74.5,7.4,8.5,15.0,45.3,Yes,40.4,Not Placed
STU03339,Female, Commerce ,2.3,60.6,6.6,6.0,9.0,43.3,Yes,37.8,Not Placed
STU04320,Female,CSE,6.0,96.1,6.1,2.8,20.0,99.8,No,91.3,Placed
STU06120,Male,,2.8,,5.6,5.1,10.0,41.1,Yes,58.0,Placed
STU05162,Female,ECE,0.5,56.9,6.1,5.5,4.0,42.0,Yes,29.7,Not Placed
STU06770,Female,CSE,1.1,51.8,6.4,5.0,10.0,46.8,Yes,36.9,Not Placed
STU02186,Male,Mechanical,1.5,65.8,8.9,5.7,13.0,49.7,Yes,54.1,Not Placed
STU07219,Male,CSE,2.5,77.8,8.2,6.0,14.0,62.9,No,51.5,Not Placed
STU05519,Male,IT,4.9,77.8,5.7,4.7,15.0,83.3,No,75.1,Placed
STU07403,Female,CSE,2.4,,8.2,4.7,5.0,46.6,No,42.1,Not Placed
STU08147,Male,ECE,2.1,66.5,7.1,6.7,14.0,59.7,Yes,57.0,Placed
STU01071,Male,Commerce,2.1,67.1,7.2,3.9,11.0,66.1,Yes,58.5,Not Placed
STU07166,Male,Mechanical,3.1,84.6,9.0,3.2,20.0,75.2,Yes,81.8,Placed
STU01556,Female,ECE,2.3,64.4,6.0,4.9,13.0,,No,56.3,Not Placed
STU08869,Female,IT,2.5,68.7,8.1,6.4,6.0,58.3,No,52.8,Not Placed
STU03650,Female,Commerce,4.0,83.5,6.7,,12.0,54.1,No,58.2,Not Placed
STU03323,Male,IT,5.0,85.9,7.4,2.5,14.0,64.2,No,74.6,Placed
STU02977,Male,IT,2.9,50.8,6.5,5.5,8.0,55.8,Yes,50.6,Not Placed
STU05899,Female,Mechanical,3.4,86.5,5.1,4.9,15.0,72.2,No,65.2,Not Placed
STU02770,Female,Civil,3.1,92.8,8.1,5.0,20.0,68.3,Yes,68.9,Placed
STU06855,Male,Commerce,3.4,68.8,5.8,2.5,10.0,61.3,No,65.2,Not Placed
STU00503,Female,CSE,3.0,68.7,5.6,5.0,10.0,57.9,No,58.5,Not Placed
STU00757,Female,ECE,3.5,64.9,5.7,4.8,8.0,51.0,No,51.2,Not Placed
STU03622,Male,Commerce,3.3,80.3,6.9,6.0,,53.6,Yes,54.9,Not Placed
STU09574,Male,IT,2.1,63.2,5.0,4.3,12.0,63.3,No,54.3,Placed
STU07286,Male,CSE,1.0,63.1,4.2,6.4,15.0,79.4,No,51.5,Placed
STU02928,Male,ECE,0.1,74.0,5.1,,16.0,62.8,No,38.5,Not Placed
STU02243,Female,IT,3.0,67.3,6.5,4.8,7.0,49.0,Yes,43.8,Not Placed
STU08000,Female,IT,4.5,89.6,7.5,4.1,18.0,59.7,No,76.4,Placed
STU00532,Male,Civil,1.5,54.9,8.6,5.6,5.0,57.4,Yes,41.0,Not Placed
STU02087,Female,IT,7.0,81.4,5.0,5.5,12.0,66.9,No,61.1,Placed
STU03304,Male,IT,4.0,83.5,7.0,6.8,17.0,74.8,No,67.2,Placed
STU07915,Female,IT,3.7,71.4,5.2,3.6,11.0,52.5,No,51.1,Not Placed
STU03882,Female,Commerce,5.9,77.7,7.5,3.5,15.0,85.9,No,80.1,Placed
STU07023,Female,Mechanical,0.7,59.4,4.9,4.1,13.0,,Yes,44.5,Not Placed
STU00510,Male,ECE,4.4,82.5,6.5,,15.0,80.6,Yes,78.9,Placed
STU07193,Female,CSE,6.4,97.2,6.1,2.6,20.0,78.3,No,83.4,Placed
STU04456,Female,IT,6.9,99.3,4.6,4.9,20.0,86.6,Yes,92.9,Placed
STU08594,Male,IT,2.0,77.0,6.2,6.6,12.0,57.0,No,52.3,Placed
STU05972,Female,Commerce,0.7,69.2,6.1,1.7,15.0,67.8,Yes,62.6,Not Placed
STU01060,Female,ECE,1.6,75.1,6.7,7.7,15.0,64.5,Yes,48.6,Not Placed
STU08899,Female,Civil,3.4,63.2,6.9,5.3,17.0,59.0,No,56.9,Not Placed
STU03607,Male,Civil,0.5,74.1,5.6,5.0,5.0,53.4,No,44.7,Not Placed
STU00963,Male,Commerce,3.9,71.5,5.6,5.2,7.0,48.5,Yes,48.5,Not Placed
STU04805,Male,Mechanical,2.5,,8.0,5.7,16.0,61.3,No,52.3,Not Placed
STU05950,Male,CSE,2.8,88.9,5.6,0.9,20.0,89.4,No,83.2,Placed
STU06049,Male,Mechanical,3.8,67.1,8.1,3.5,17.0,63.5,No,61.2,Not Placed
STU02065,Female,CSE,4.5,73.7,7.7,5.2,13.0,55.9,No,53.3,Placed
STU08718,Male,,3.3,88.9,7.5,1.4,17.0,85.0,No,75.7,Placed
STU00626,Female,CSE,4.1,72.3,6.1,6.3,11.0,60.2,Yes,64.9,Placed
STU07131,Male,Mechanical,2.6,72.1,7.1,7.5,9.0,55.6,Yes,48.2,Not Placed
STU08148,Female,CSE,2.5,63.5,6.2,6.0,11.0,54.2,No,56.3,Placed
STU04371,Female,IT,2.7,66.5,7.2,4.3,12.0,37.6,Yes,54.0,Placed
STU04867,Female,Commerce,3.4,72.6,7.1,6.6,11.0,53.2,No,43.9,Not Placed
STU01565,Male,ECE,1.0,62.4,7.8,6.5,6.0,50.4,No,38.0,Not Placed
STU05383,Female,Commerce,2.5,69.8,6.7,6.6,12.0,46.0,No,54.9,Not Placed
STU07958,Male,ECE,3.2,77.2,6.1,3.1,13.0,59.1,Yes,57.9,Not Placed
STU08963,Female,CSE,0.0,67.9,8.4,2.4,11.0,60.0,No,53.7,Not Placed
STU01116,Female,Civil,4.7,82.1,3.9,4.5,17.0,68.0,No,60.5,Not Placed
STU00622,Female,IT,2.4,66.8,4.2,5.7,14.0,63.6,No,46.7,Not Placed
STU06357,Female,CSE,5.2,99.2,7.0,5.7,20.0,81.7,No,84.5,Placed
STU03710,M,Commerce,4.8,72.9,6.9,3.9,9.0,65.3,Yes,64.8,Placed
STU02270,Female,Mechanical,4.6,61.7,5.5,6.9,13.0,58.5,No,52.1,Not Placed
STU05970,Male,IT,2.7,73.4,7.1,5.0,17.0,78.4,No,66.4,Placed
STU08605,Female,Civil,,84.4,,3.5,16.0,66.9,Yes,73.4,Placed
STU00713,Male,Mechanical,1.9,70.3,7.4,5.6,8.0,29.2,No,34.0,Not Placed
STU03071,Female,Civil,3.6,75.5,7.2,5.0,17.0,76.9,Yes,71.2,Placed
STU00327,Female,Civil,1.1,64.5,6.6,10.4,8.0,47.5,No,38.4,Not Placed
STU02789,Female,Civil,2.1,71.6,7.8,7.6,12.0,53.0,No,37.2,Not Placed
STU04537,Female,Mechanical,2.8,67.2,6.8,5.6,12.0,57.7,No,55.3,Not Placed
STU03274,Female,IT,2.5,81.1,5.2,3.2,11.0,73.1,No,62.5,Placed
STU03509,Male,Commerce,2.1,87.2,6.4,4.1,,69.4,Yes,69.3,Placed
STU09483,Female,CSE,6.7,84.3,5.4,2.2,17.0,66.4,No,77.5,Placed
STU08565,Male,CSE,2.3,71.6,8.7,4.7,14.0,46.5,Yes,51.2,Not Placed
STU06374,Female,IT,3.4,81.7,6.5,,12.0,71.3,No,64.8,Not Placed
STU04721,Male,Commerce,0.0,44.6,5.9,4.4,1.0,31.0,No,17.3,Not Placed
STU09815,Female,CSE,3.8,80.8,5.5,2.9,14.0,67.6,Yes,67.2,Placed
STU08320,Male,CSE,1.8,73.6,7.0,4.1,,57.3,Yes,52.9,Not Placed
STU01811,Male,CSE,1.2,53.4,4.5,8.3,6.0,46.9,Yes,30.3,Not Placed
STU02821,Male,ECE,3.1,62.0,8.1,4.4,6.0,59.1,Yes,46.6,Not Placed
STU09310,Male,CSE,3.4,64.9,6.2,,,43.3,No,48.2,Not Placed
STU09944,Female,Commerce,1.6,47.3,7.0,,7.0,37.4,Yes,34.1,Not Placed
STU04732,Male,Mechanical,5.4,72.6,6.9,4.8,10.0,65.2,Yes,64.2,Placed
STU02712,Female,Mechanical,4.1,81.0,5.2,5.9,16.0,64.0,Yes,59.2,Not Placed
STU02733,Male,Mechanical,5.2,93.1,5.9,1.3,20.0,78.6,Yes,84.5,Placed
STU00173,Male,CSE,2.1,83.1,6.3,3.8,13.0,63.4,No,60.1,Placed
STU04240,Female,CSE,4.7,84.1,7.4,3.7,15.0,67.0,No,69.7,Placed
STU00866,Male,CSE,3.5,83.6,5.7,4.0,19.0,,No,73.3,Placed
STU07048,Female,Mechanical,4.0,94.9,6.6,3.3,17.0,63.7,Yes,71.1,Placed
STU03453,Male,CSE,5.6,88.4,5.7,5.3,20.0,88.2,No,84.5,Placed
STU03410,Male,Civil,,75.5,6.4,4.6,11.0,68.2,No,62.5,Not Placed
STU01752,Female,CSE,2.4,78.5,6.9,4.4,11.0,50.5,Yes,46.8,Not Placed
STU02559,Male,Mechanical,3.3,78.0,7.7,3.5,20.0,76.6,No,73.3,Placed
STU05196,Female,Mechanical,5.8,86.3,,1.9,17.0,78.8,No,73.1,Placed
STU01760,Male,CSE,3.7,80.9,7.4,5.1,12.0,62.8,No,63.3,Not Placed
STU01550,Male,Civil,1.3,65.9,5.8,4.0,14.0,66.5,No,46.2,Not Placed
STU06766,Male,,1.1,68.3,5.8,4.8,15.0,39.7,Yes,44.3,Not Placed
STU01209,Female,Commerce,8.7,87.7,6.5,2.9,20.0,89.8,Yes,93.6,Placed
STU06328,Male,ECE,1.8,74.7,8.6,4.3,9.0,57.2,No,52.8,Not Placed
STU01140,Female,IT,4.6,84.5,7.5,5.3,12.0,62.5,Yes,63.1,Not Placed
STU09082,Female,Civil,2.5,72.8,5.3,4.6,13.0,52.0,No,47.7,Not Placed
STU05949,Male,ECE,5.6,92.0,9.2,7.9,18.0,53.9,Yes,64.5,Placed
STU06263,Male,Civil,1.6,66.1,7.7,3.8,11.0,57.0,Yes,53.7,Not Placed
STU07967,Female,ECE,1.7,74.7,6.3,,14.0,63.0,No,53.6,Not Placed
STU03041,Female,Mechanical,4.8,82.9,6.4,4.0,20.0,80.5,No,82.3,Placed
STU03664,Male,ECE,4.4,79.5,8.0,5.4,13.0,55.7,Yes,72.8,Placed
STU07475,Male,,5.2,80.4,8.2,4.4,16.0,62.8,Yes,62.7,Placed
STU04161,Male,ECE,4.3,75.8,8.0,4.0,3.0,56.2,No,58.2,Not Placed
STU06675,Male,IT,4.0,84.0,7.9,2.5,18.0,92.6,No,88.2,Placed
STU06176,Female,Mechanical,5.5,77.9,6.5,3.4,11.0,72.0,Yes,79.7,Placed
STU06111,Male,ECE,5.0,73.6,5.7,4.4,8.0,,Yes,54.8,Not Placed
STU00192,Female,Civil,,69.3,5.8,2.9,12.0,58.2,No,49.1,Not Placed
STU05531,Female,Commerce,2.7,62.2,5.8,6.4,7.0,57.2,No,50.8,Not Placed
STU08712,Male,Commerce,4.7,85.1,8.9,2.8,11.0,47.9,No,65.7,Not Placed
STU08474,Male,Mechanical,4.4,84.7,6.2,4.0,18.0,75.6,No,75.9,Placed
STU00440,Female,Civil,2.1,72.0,5.6,6.0,19.0,58.9,No,49.1,Not Placed
STU01555,Male,Commerce,1.8,64.7,7.5,6.0,9.0,50.8,No,48.5,Not Placed
STU03461,Male,Civil,2.1,78.9,7.5,6.1,13.0,50.2,No,49.5,Not Placed
STU00665,Female,ECE,6.0,92.1,5.5,1.4,14.0,60.5,No,68.4,Not Placed
STU01425,Male,Mechanical,2.9,66.0,8.8,1.6,15.0,70.3,No,72.5,Not Placed
STU03169,Female,CSE,3.9,60.3,8.3,6.0,9.0,51.0,Yes,49.6,Not Placed
STU09028,Male,Civil,4.2,69.6,7.3,3.7,8.0,60.4,No,55.0,Not Placed
STU06585,Male,Commerce,4.1,82.4,7.9,4.8,12.0,58.5,No,66.4,Placed
STU06516,Female,CSE,2.0,56.7,6.0,4.7,5.0,43.9,No,35.4,Not Placed
STU01115,Female,CSE,4.6,74.5,7.1,5.3,17.0,67.3,No,67.4,Placed
STU08649,Female,Mechanical,2.9,59.2,7.9,1.3,8.0,60.9,No,55.6,Not Placed
STU02317,Female,CSE,3.4,79.6,8.1,5.5,15.0,61.9,Yes,65.7,Placed
STU03926,Female,Commerce,5.4,74.1,5.6,2.9,10.0,63.6,No,60.2,Not Placed
STU00474,Female,CSE,2.4,80.4,7.9,2.9,15.0,71.6,No,73.7,Placed
STU09627,Male,CSE,0.0,59.1,5.9,6.1,3.0,37.7,No,30.1,Not Placed
STU00496,Male,Commerce,3.6,83.8,6.2,2.8,15.0,70.0,No,68.6,Not Placed
STU02131,Female,Mechanical,2.6,81.9,7.3,5.1,14.0,56.0,No,61.0,Placed
STU00707,Male,IT,4.1,69.2,6.2,3.6,13.0,66.8,No,54.4,Not Placed
STU05031,Male,Commerce,3.6,80.4,6.7,3.1,17.0,73.7,Yes,78.1,Placed
STU04610,Female,ECE,2.1,78.9,5.6,5.4,7.0,53.8,Yes,51.5,Not Placed
STU05506,Female,ECE,3.7,74.0,6.2,4.3,11.0,53.0,No,54.4,Not Placed
STU04940,Female,ECE,3.4,60.5,8.5,4.9,7.0,63.6,No,53.8,Not Placed
STU08468,Female,Mechanical,3.2,72.0,7.6,7.7,8.0,47.6,No,43.0,Not Placed
STU06677,Female,Mechanical,1.8,58.1,6.9,4.5,12.0,56.4,No,47.4,Not Placed
STU07150,Female,CSE,2.7,89.2,7.2,5.4,15.0,71.5,No,63.0,Placed
STU09688,Female,IT,3.5,53.1,6.7,5.4,8.0,32.3,Yes,40.0,Not Placed
STU08765,Female,IT,3.0,98.9,8.0,3.6,20.0,84.1,No,84.9,Placed
STU09007,Female,Commerce,4.5,79.0,7.8,4.1,13.0,69.1,No,66.9,Placed
STU04618,Female,CSE,1.2,,7.1,8.2,8.0,48.0,No,47.5,Not Placed
STU01189,Male,Mechanical,5.6,92.4,6.3,3.7,16.0,65.7,No,73.8,Placed
STU05224,Male,ECE,2.7,81.8,5.7,3.5,11.0,58.5,Yes,58.5,Placed
STU08750,Female,Civil,0.8,61.9,7.6,6.4,3.0,35.8,No,24.4,Not Placed
STU06415,Female,IT,3.2,69.2,7.6,5.4,12.0,40.7,No,44.0,Placed
STU04326,Female,Mechanical,2.8,73.8,5.3,4.3,10.0,61.0,Yes,58.6,Not Placed
STU01475,Male,ECE,1.6,65.5,6.2,4.4,11.0,71.5,No,51.5,Not Placed
STU05535,Male,Civil,5.2,92.2,5.5,5.1,19.0,61.2,Yes,73.4,Placed
STU01458,Male,IT,1.9,79.1,7.3,6.6,12.0,59.7,No,58.4,Not Placed
STU07969,Male,Commerce,3.8,71.2,6.9,4.2,9.0,60.8,No,59.3,Not Placed
STU00252,Female,Commerce,5.9,85.7,7.0,4.6,11.0,75.3,No,71.0,Not Placed
STU03126,Male,IT,4.9,81.6,7.6,5.3,,69.1,No,75.5,Placed
STU01438,Male,IT,2.3,70.0,8.3,7.6,0.0,34.2,Yes,26.1,Not Placed
STU00333,Male,Mechanical,3.6,77.9,,4.5,10.0,58.8,No,51.4,Not Placed
STU03706,Male,CSE,4.3,85.6,5.3,5.8,11.0,55.0,No,64.7,Not Placed
STU04325,Female,Civil,2.2,66.9,6.7,,7.0,48.6,No,47.3,Not Placed
STU09746,Female,CSE,4.3,80.5,5.3,3.2,13.0,72.8,No,59.0,Not Placed
STU06329,Male,CSE,6.2,100.0,8.7,6.5,16.0,81.2,No,84.6,Placed
STU01738,Female,Commerce,3.0,54.4,6.8,5.1,12.0,39.8,Yes,49.4,Not Placed
STU00060,Male,ECE,4.1,83.6,4.7,3.5,15.0,70.4,No,60.3,Placed
STU06220,Female,Commerce,3.1,71.6,6.7,4.5,10.0,59.3,No,60.7,Placed
STU04680,Male,CSE,,68.6,7.9,6.5,7.0,41.5,No,39.7,Not Placed
STU06197,Female,Commerce,5.9,97.3,7.9,1.3,18.0,56.2,Yes,81.8,Placed
STU08946,Female,Civil,4.7,71.6,6.7,3.1,19.0,78.6,No,85.2,Placed
STU01652,Female,Civil,3.6,85.2,7.0,6.6,19.0,68.0,No,74.4,Placed
STU04183,Female,Civil,1.1,61.9,6.8,4.3,8.0,48.5,No,41.1,Not Placed
STU06772,Male,Mechanical,5.3,99.8,7.0,2.2,20.0,77.9,No,85.5,Placed
STU02691,Male,IT,2.6,66.1,8.9,3.5,7.0,40.6,No,50.1,Not Placed
STU03326,Female,Commerce,3.1,83.2,7.3,3.5,11.0,66.7,No,66.4,Not Placed
STU02196,Male,ECE,2.8,61.7,7.0,6.9,7.0,35.5,No,35.3,Not Placed
STU02664,Female,Mechanical,2.5,67.9,7.5,,,42.3,No,48.5,Not Placed
STU08833,Female,CSE,1.9,61.3,6.0,3.4,9.0,44.7,Yes,49.5,Not Placed
STU03749,Female,CSE,4.3,72.2,7.4,4.9,,46.7,Yes,53.5,Not Placed
STU02699,Male,CSE,4.6,84.1,6.6,5.7,15.0,75.3,No,74.8,Placed
STU03891,Male,IT,2.6,52.1,7.5,2.7,7.0,55.0,No,55.3,Not Placed
STU08358,Female,IT,,100.0,4.3,2.2,20.0,85.9,No,95.9,Placed
STU06667,Female,Commerce,3.1,72.2,7.2,4.0,16.0,56.2,No,61.9,Not Placed
STU08484,Female,CSE,3.3,87.8,8.2,5.4,14.0,77.9,Yes,72.4,Placed
STU06697,Male,Mechanical,1.3,71.4,5.4,4.3,11.0,75.7,Yes,52.6,Not Placed
STU03774,Male,Civil,4.0,81.5,8.2,3.8,11.0,61.1,Yes,60.7,Not Placed
STU04579,Female,IT,4.0,,8.8,5.7,11.0,56.3,No,52.2,Not Placed
STU04349,Female,CSE,5.3,85.5,8.4,2.8,17.0,75.1,Yes,90.7,Placed
STU05054,Female,Mechanical,2.1,56.7,6.1,6.0,11.0,48.1,Yes,41.9,Placed
STU09934,Male,Civil,4.6,83.3,8.5,2.7,15.0,51.3,Yes,63.0,Placed
STU07896,Female,Commerce,4.0,72.4,6.2,6.1,13.0,49.6,Yes,58.2,Not Placed
STU03438,Female,Civil,6.2,86.3,7.9,2.6,17.0,53.6,Yes,67.2,Placed
STU04549,Male,IT,4.7,88.5,5.3,2.6,16.0,53.3,No,68.9,Placed
STU02311,Female, IT ,2.4,83.9,5.7,3.1,17.0,73.8,No,74.2,Placed
STU08859,Female,IT,2.6,59.7,5.7,5.7,10.0,51.8,No,41.9,Not Placed
STU01767,Female,CSE,2.6,62.7,8.2,6.4,9.0,54.5,Yes,50.1,Placed
STU03813,Male,CSE,3.1,67.3,6.2,3.2,9.0,62.5,Yes,56.1,Not Placed
STU00351,Male,Civil,3.4,83.2,8.1,4.0,12.0,66.3,Yes,62.1,Placed
STU09039,Male,ECE,3.6,69.1,7.6,3.5,12.0,39.8,Yes,53.8,Not Placed
STU04341,Female,MECHANICAL,2.8,70.2,7.7,6.4,6.0,41.2,Yes,36.6,Not Placed
STU08206,Female,ECE,2.3,79.1,7.2,5.5,12.0,56.9,No,48.7,Placed
STU09141,Female,CSE,3.7,71.2,5.7,2.5,13.0,56.2,Yes,55.2,Placed
STU02359,Male,Civil,,86.1,9.1,5.4,14.0,74.9,Yes,74.6,Placed
STU05478,Female,ECE,3.0,,9.4,5.5,17.0,67.8,Yes,65.0,Placed
STU08018,Male,IT,5.1,87.5,6.6,3.1,19.0,77.6,Yes,81.5,Placed
STU01646,Male,IT,3.7,74.5,5.4,6.3,15.0,62.2,Yes,62.5,Not Placed
STU00443,Male,IT,0.7,65.6,10.0,,11.0,52.1,No,39.8,Not Placed
STU03707,Female,Civil,2.5,,8.2,6.4,9.0,50.6,Yes,43.5,Not Placed
STU08519,Female,CSE,3.0,,,4.7,18.0,62.7,Yes,67.1,Placed
STU08749,Female,IT,4.0,80.1,7.8,6.3,18.0,66.2,No,61.4,Placed
STU02433,Female,IT,3.2,68.8,6.5,4.7,12.0,49.6,No,59.9,Not Placed
STU03469,Male,ECE,5.4,82.0,7.8,5.1,18.0,76.8,No,70.3,Placed
STU06912,Female,IT,1.4,66.8,7.4,7.1,8.0,56.9,Yes,46.6,Not Placed
STU08788,Male,IT,4.9,98.9,7.3,4.8,18.0,83.3,No,84.1,Placed
STU05446,Male,commerce,2.4,63.7,,3.6,10.0,44.1,No,47.7,Not Placed
STU01581,Female,Civil,4.5,82.7,5.5,3.2,19.0,75.3,Yes,80.1,Placed
STU06009,Female,CSE,2.2,75.2,6.5,6.0,11.0,67.8,No,56.7,Not Placed
STU05238,Male,CSE,5.1,67.5,5.2,3.8,17.0,68.8,No,67.2,Placed
STU05771,Male,IT,0.6,64.5,7.7,5.5,16.0,68.0,No,56.7,Placed
STU02613,Female,IT,1.6,73.8,6.7,7.7,10.0,55.4,No,40.1,Not Placed
STU01223,Female,Commerce,4.1,94.0,6.9,2.1,17.0,64.9,No,74.5,Placed
STU05210,Female,CSE,2.0,63.6,7.5,6.1,7.0,49.7,Yes,44.5,Placed
STU08961,Female,Mechanical,3.7,85.1,7.5,4.9,11.0,57.5,No,60.2,Not Placed
STU08236,Male,CSE,4.5,74.4,7.1,4.0,12.0,50.0,No,57.4,Placed
STU07584,Female,Mechanical,2.6,58.5,6.3,6.4,7.0,27.2,No,37.1,Not Placed
STU09401,Male,Commerce,3.2,57.6,5.7,2.0,8.0,66.2,No,55.9,Not Placed
STU02395,Male,CSE,1.1,60.2,5.9,5.7,10.0,43.3,Yes,32.6,Not Placed
STU00716,Male,IT,2.3,55.3,8.3,5.2,7.0,48.2,No,42.4,Not Placed
STU08063,Female,CSE,6.6,92.1,6.4,3.5,17.0,,No,79.6,Placed
STU06260,Female,ECE,3.5,,7.2,2.7,5.0,50.2,No,52.1,Not Placed
STU01856,Female,CSE,4.0,76.2,6.8,7.2,9.0,57.6,No,51.8,Not Placed
STU07011,Male,Commerce,1.9,64.7,9.7,8.0,5.0,42.2,Yes,39.3,Not Placed
STU02030,Female,Mechanical,5.4,87.4,6.0,3.7,14.0,,Yes,59.8,Placed
STU05733,Female,ECE,5.5,86.4,5.4,6.5,20.0,77.9,No,68.9,Placed
STU05979,Female,Commerce,2.4,70.5,4.5,4.0,17.0,56.8,No,59.8,Not Placed
STU07032,Male,CSE,4.8,85.3,7.7,,14.0,89.0,No,79.4,Placed
STU02634,Female,Commerce,3.5,82.2,9.1,5.1,14.0,60.4,No,59.5,Not Placed
STU06406,Male,CSE,3.3,86.9,6.6,5.4,17.0,79.4,No,74.4,Placed
STU08169,Female,IT,4.9,73.1,6.7,7.3,8.0,51.3,No,55.2,Placed
STU07293,Female,CSE,5.0,73.2,5.5,4.7,14.0,58.7,Yes,54.0,Placed
STU01062,Male,IT,5.6,,7.7,3.8,17.0,81.5,Yes,80.7,Placed
STU03084,Male,Commerce,4.6,86.9,6.3,4.7,10.0,68.1,No,66.8,Not Placed
STU06631,Female,CSE,5.7,83.4,5.9,3.6,19.0,58.8,No,74.0,Placed
STU05658,Female,Civil,2.7,73.8,7.7,4.4,9.0,60.1,No,54.3,Placed
STU05774,Female,CSE,3.1,75.5,7.0,3.9,17.0,73.8,No,69.8,Placed
STU07614,Male,CSE,0.7,62.3,8.6,6.8,11.0,43.0,No,33.3,Not Placed
STU08419,Male,Mechanical,3.7,80.8,7.7,1.6,17.0,71.0,Yes,83.8,Placed
STU06548,Female,IT,6.1,100.0,5.6,1.4,17.0,81.7,No,84.1,Placed
STU02686,Male,ECE,4.4,86.1,6.3,4.4,16.0,55.9,Yes,70.2,Placed
STU08883,Female,Mechanical,1.7,58.8,6.9,6.1,11.0,52.9,No,42.4,Not Placed
STU07385,Male,Commerce,3.9,98.4,5.6,6.1,19.0,91.1,Yes,85.8,Placed
STU03909,Female,Mechanical,2.4,62.2,7.7,6.3,8.0,46.4,No,57.2,Not Placed
STU09586,Male,Mechanical,4.4,66.6,4.5,2.6,14.0,50.9,No,53.9,Placed
STU04291,Male,IT,2.8,55.7,8.4,,13.0,58.2,No,56.4,Placed
STU09133,Male,IT,4.0,86.3,4.6,6.3,9.0,52.7,No,44.3,Not Placed
STU06710,Male,Civil,3.4,76.6,4.8,1.3,20.0,61.0,No,64.9,Not Placed
STU09099,Female,Mechanical,0.2,62.5,5.6,6.2,11.0,55.7,No,35.8,Not Placed
STU07590,Male,CSE,3.9,75.5,5.9,3.7,20.0,67.2,No,81.2,Placed
STU05655,Female,Mechanical,3.0,68.8,8.4,4.7,13.0,64.1,No,59.5,Placed
STU04629,Female,CSE,0.8,,5.8,3.8,7.0,41.5,No,35.1,Not Placed
STU03497,Male,IT,5.1,89.3,5.6,5.6,15.0,79.2,No,78.5,Placed
STU04966,Female,Civil,3.1,86.2,7.2,5.1,11.0,64.9,Yes,64.9,Placed
STU03166,Female, Commerce ,1.0,61.3,5.7,4.9,17.0,63.7,No,48.3,Placed
STU09885,Male,ECE,0.4,63.1,5.3,3.9,8.0,63.8,No,47.9,Not Placed
STU06857,Male,IT,0.2,54.5,7.9,4.0,10.0,57.6,No,41.3,Not Placed
STU07669,Male,ECE,5.1,88.8,6.1,4.7,18.0,60.2,Yes,66.3,Placed
STU02748,Female,Commerce,3.2,70.1,,5.1,11.0,,No,57.2,Not Placed
STU00666,Male,IT,1.1,62.2,5.4,,3.0,44.4,No,27.8,Not Placed
STU01119,Female,Civil,3.4,72.1,7.5,7.7,14.0,55.7,No,56.3,Not Placed
STU03390,Female,ECE,2.4,79.6,5.9,6.6,10.0,64.3,No,58.1,Not Placed
STU01715,Male,CSE,4.8,54.6,8.5,2.8,,47.1,No,69.2,Placed
STU04511,Female,IT,4.9,,6.4,4.7,11.0,64.0,Yes,63.8,Placed
STU07479,Male,CSE,2.1,59.2,7.7,6.8,4.0,26.1,Yes,29.7,Not Placed
STU05060,Female,Civil,2.6,81.9,7.3,6.0,10.0,67.3,No,53.9,Not Placed
STU00748,Female,IT,4.1,81.0,7.5,3.8,18.0,69.8,Yes,67.7,Placed
STU05908,Female,CSE,4.3,70.2,5.1,6.7,10.0,58.8,Yes,56.3,Not Placed
STU08620,Male,ECE,,72.7,8.7,5.7,14.0,69.0,No,62.0,Placed
STU02970,Female,Civil,4.3,75.6,6.2,5.0,10.0,63.6,Yes,57.6,Not Placed
STU04842,Female,Commerce,1.4,53.1,5.9,4.3,8.0,51.0,Yes,38.7,Not Placed
STU00589,Male,CSE,3.3,72.1,7.2,6.6,10.0,75.9,No,56.2,Placed
STU09887,Male,Mechanical,3.5,86.1,5.7,,14.0,52.2,No,58.0,Not Placed
STU09842,Male,CSE,0.0,68.2,8.3,3.5,12.0,78.5,No,55.9,Placed
STU05026,Female,Civil,0.2,59.2,6.2,8.5,6.0,29.3,No,27.9,Not Placed
STU08545,Male,ECE,2.3,80.4,7.3,4.1,19.0,87.4,Yes,65.1,Not Placed
STU09793,Female,CSE,0.9,55.2,6.7,7.4,7.0,,No,33.3,Not Placed
STU05225,Male,Mechanical,3.8,85.5,6.5,3.9,15.0,80.7,Yes,79.3,Placed
STU06750,Female,Civil,3.8,72.8,6.8,4.1,13.0,54.1,Yes,48.4,Placed
STU02178,Female,Commerce,2.2,72.1,6.7,3.4,13.0,60.4,No,68.9,Not Placed
STU06783,Male,CSE,4.9,71.4,6.3,4.9,5.0,58.1,Yes,55.3,Not Placed
STU08129,Female,CSE,4.3,89.4,7.2,4.3,17.0,59.1,Yes,63.2,Placed
STU06174,Male,Mechanical,2.5,71.6,7.2,,12.0,52.2,No,57.6,Not Placed
STU01839,Male,IT,6.8,93.6,6.8,3.1,20.0,69.3,No,78.3,Placed
STU03859,Female,CIVIL,3.4,76.2,8.2,7.1,13.0,45.7,No,53.5,Not Placed
STU06242,Male,IT,6.6,77.2,6.2,4.0,15.0,58.3,Yes,72.4,Placed
STU06285,Male,Mechanical,2.2,68.0,,4.0,15.0,70.0,No,62.7,Not Placed
STU05638,Male,Civil,2.2,86.2,7.7,3.0,17.0,66.9,Yes,65.8,Placed
STU01769,Male,Mechanical,2.4,74.0,5.8,5.1,7.0,54.2,No,51.2,Not Placed
STU02025,Male,CSE,4.5,78.7,8.2,,6.0,,No,61.2,Not Placed
STU08837,Female,Civil,1.8,74.1,8.1,4.7,16.0,65.0,Yes,58.2,Placed
STU00988,Female,CSE,4.0,72.0,6.6,,14.0,63.1,No,68.2,Placed
STU05683,Male,IT,5.1,76.9,7.6,6.1,14.0,41.3,No,58.7,Not Placed
STU04997,Male,CSE,2.7,75.3,7.1,3.0,14.0,68.7,No,74.1,Placed
STU00947,Male,IT,5.0,83.4,7.7,3.5,18.0,72.6,No,71.5,Placed
STU09104,Male,Civil,2.5,71.8,7.8,3.2,14.0,75.1,Yes,65.6,Placed
STU03153,Male,CSE,2.8,86.2,,1.8,17.0,79.6,Yes,70.0,Placed
STU07186,Male,IT,4.6,92.0,,6.1,13.0,81.1,Yes,79.1,Placed
STU00659,male,Commerce,5.5,72.9,7.6,2.6,13.0,79.7,No,76.8,Placed
STU05376,Female,IT,5.5,82.9,6.4,2.5,18.0,76.7,No,85.7,Placed
STU06457,Male,ECE,1.5,68.5,8.9,3.4,16.0,51.8,Yes,50.3,Placed
STU07112,Female,Mechanical,4.2,88.6,9.3,5.5,18.0,87.6,No,77.4,Placed
STU01642,Male,CSE,5.6,80.4,7.3,3.6,14.0,70.3,No,73.6,Placed
STU04151,Male,CSE,4.4,77.1,9.1,5.4,13.0,63.9,Yes,67.3,Placed
STU08664,Female,IT,5.2,82.2,8.0,2.0,17.0,70.3,Yes,81.1,Placed
STU05315,Male,CSE,2.8,71.2,7.4,4.7,14.0,63.7,Yes,60.0,Placed
STU04455,Male,CSE,5.2,85.8,6.5,4.8,18.0,76.6,No,77.9,Placed
STU06612,Female,CSE,1.1,57.4,4.5,9.4,8.0,45.1,No,41.3,Not Placed
STU01073,Male,CSE,4.5,87.5,6.9,2.6,11.0,62.9,Yes,64.2,Not Placed
STU03555,Female,Commerce,2.8,89.6,8.5,3.9,17.0,73.4,Yes,61.2,Placed
STU08061,Male,Commerce,3.2,81.7,5.7,,14.0,67.8,Yes,69.0,Placed
STU01263,Female,CSE,3.9,74.4,7.3,3.6,13.0,81.9,No,77.6,Placed
STU09659,Female,ECE,1.7,66.0,5.9,4.1,6.0,49.3,Yes,42.4,Not Placed
STU03924,Male,CSE,3.3,88.2,6.4,4.4,15.0,81.5,Yes,78.9,Placed
STU09325,Male,IT,6.2,93.9,7.2,2.7,20.0,90.2,No,95.4,Placed
STU00471,Male,ECE,3.2,75.1,6.5,5.7,15.0,62.6,No,55.1,Not Placed
STU01488,Female,CSE,1.9,71.7,6.4,5.8,8.0,41.3,Yes,41.6,Not Placed
STU04422,Female,Civil,3.7,79.1,7.4,4.7,14.0,63.6,No,62.1,Not Placed
STU04580,Male,Civil,2.1,80.9,7.8,4.7,13.0,70.9,No,55.5,Placed
STU02156,Female,Commerce,2.7,72.7,5.7,3.6,,75.3,Yes,74.8,Placed
STU07728,Female,CSE,5.3,82.9,7.3,1.8,20.0,79.6,No,81.3,Placed
STU05260,Male,ECE,3.3,75.5,,3.5,16.0,71.7,No,73.1,Placed
STU09656,Male,IT,3.3,60.5,7.8,6.8,3.0,35.1,No,32.9,Not Placed
STU02773,Male,ECE,3.9,75.4,6.8,7.3,11.0,59.1,No,50.5,Not Placed
STU09911,Male,CSE,2.5,73.4,5.4,0.2,8.0,60.2,Yes,49.2,Placed
STU07620,Female,CSE,4.2,100.0,7.9,3.2,16.0,77.0,No,74.1,Placed
STU05175,Female,Mechanical,4.8,83.2,8.0,2.9,20.0,75.1,Yes,86.2,Placed
STU09547,Female,CSE,4.2,73.2,8.6,7.3,12.0,77.3,Yes,64.7,Placed
STU00977,Male,CSE,3.2,78.3,5.9,5.9,16.0,74.2,No,62.6,Placed
STU06435,Female,IT,1.4,77.7,6.2,3.4,17.0,67.4,Yes,62.4,Placed
STU06391,Female,CSE,,76.1,7.3,3.4,11.0,59.7,No,63.3,Placed
STU02791,Male,ECE,3.7,88.6,6.9,5.4,17.0,,Yes,74.5,Placed
STU06993,Female,Mechanical,2.4,81.2,7.4,6.7,13.0,52.6,No,52.8,Not Placed
STU08523,Female,Commerce,2.3,81.2,6.0,3.2,16.0,60.7,No,60.7,Placed
STU03983,Female,CSE,2.9,73.8,7.4,4.9,12.0,64.5,Yes,57.3,Placed
STU05737,Male,Commerce,2.1,77.9,7.2,7.2,12.0,62.0,No,63.0,Not Placed
STU05178,Male,Mechanical,3.7,76.0,8.4,5.7,15.0,74.6,No,61.1,Placed
STU03324,Female,Mechanical,1.8,75.5,5.4,5.5,13.0,72.1,Yes,49.5,Not Placed
STU05961,Female,Civil,1.9,,6.2,5.6,14.0,65.5,No,69.7,Not Placed
STU08445,Male,ECE,4.9,86.4,6.7,4.2,16.0,65.1,Yes,65.0,Placed
STU07566,Male,Civil,1.0,74.1,6.2,5.5,6.0,43.7,No,42.5,Not Placed
STU00916,Male,CSE,5.3,90.4,5.7,2.8,20.0,80.2,No,76.9,Placed
STU07447,Female,Commerce,2.5,83.3,5.5,5.8,14.0,69.9,Yes,53.9,Not Placed
STU00991,Female,Commerce,5.1,,9.4,3.3,20.0,71.6,No,75.9,Placed
STU01702,Male,ECE,2.6,78.2,6.9,6.8,14.0,50.7,No,50.0,Not Placed
STU09877,Female,Mechanical,1.6,73.5,5.3,3.8,4.0,47.9,No,35.6,Not Placed
STU03648,Male,CSE,2.5,77.5,7.7,6.2,8.0,46.9,No,54.8,Not Placed
STU01536,Female,ECE,2.4,,8.3,3.1,12.0,60.8,No,49.9,Not Placed
STU09573,Male,Commerce,4.5,83.9,7.0,4.7,13.0,57.1,No,53.0,Not Placed
STU08897,Female,IT,3.5,85.0,7.0,4.9,16.0,74.1,No,61.7,Placed
STU09941,Female,ECE,3.9,83.2,5.9,4.9,16.0,77.5,Yes,68.6,Placed
STU05928,Female,IT,4.7,88.8,7.9,3.7,15.0,83.4,No,84.4,Placed
STU01190,Female,CSE,5.2,82.2,7.7,2.7,,63.2,Yes,65.5,Placed
STU09166,Female,Civil,3.2,64.2,7.0,3.6,10.0,72.6,No,57.3,Not Placed
STU00741,Male,ECE,6.5,91.4,7.5,3.6,19.0,67.5,Yes,72.3,Placed
STU00130,Female,Civil,1.7,64.0,5.3,3.8,10.0,43.4,No,42.5,Not Placed
STU08356,M,Civil,2.3,52.3,7.1,6.4,5.0,43.2,Yes,42.1,Not Placed
STU03773,Male,Mechanical,5.9,85.3,8.3,2.3,13.0,82.3,Yes,71.3,Placed
STU09222,Female,CSE,2.7,67.2,7.8,,,59.0,No,54.2,Not Placed
STU01410,Female,CSE,4.6,83.1,7.3,4.8,14.0,64.3,Yes,75.0,Placed
STU03095,Male,Commerce,7.2,100.0,6.5,3.0,16.0,58.7,Yes,69.5,Placed
STU02725,Male,Mechanical,0.7,47.6,6.3,4.8,11.0,57.8,Yes,41.6,Not Placed
STU01387,Female,Commerce,3.3,83.2,8.4,5.7,18.0,64.1,Yes,70.1,Placed
STU07078,Male,IT,2.6,78.5,5.6,3.6,13.0,62.5,Yes,52.5,Not Placed
STU00046,Male,Mechanical,4.6,78.5,5.0,6.0,17.0,,No,73.4,Placed
STU02041,Male,CSE,4.7,84.0,7.9,2.0,14.0,75.5,No,70.6,Placed
STU05284,Male,ECE,3.8,100.0,5.9,3.9,18.0,73.7,No,81.5,Placed
STU05487,Female,CSE,5.3,90.3,9.7,5.0,19.0,68.1,No,80.5,Placed
STU06078,Female,CSE,6.5,85.0,5.3,4.2,12.0,52.6,No,57.7,Not Placed
STU09427,Male,IT,2.1,65.8,6.6,4.9,9.0,58.9,No,41.9,Not Placed
STU02868,Female,CSE,2.8,87.1,7.8,4.8,20.0,83.1,No,83.9,Placed
STU04125,Male,CSE,3.8,100.0,6.9,3.1,18.0,76.6,No,78.0,Placed
STU02898,Male,Civil,3.0,80.9,6.0,6.7,15.0,56.8,Yes,51.6,Placed
STU05440,Female,Civil,4.9,80.9,5.6,5.5,13.0,79.6,Yes,67.2,Placed
STU07408,Male,CSE,3.0,73.3,5.8,6.2,15.0,49.3,No,56.1,Placed
STU03145,Male,Civil,2.0,70.4,8.1,3.6,9.0,56.1,No,43.7,Not Placed
STU06538,Female,ECE,2.1,76.7,6.6,8.5,8.0,46.1,No,43.8,Not Placed
STU08651,Male,IT,6.1,98.4,7.6,4.6,12.0,55.0,Yes,68.2,Placed
STU09197,Male,IT,2.8,75.5,5.6,5.5,9.0,55.6,No,55.3,Not Placed
STU01018,Male,Commerce,,79.1,7.8,1.7,14.0,50.2,Yes,62.7,Not Placed
STU08810,Female,IT,3.2,72.3,6.5,2.2,15.0,65.7,No,61.3,Placed
STU01846,Male,CSE,0.5,43.0,6.3,4.1,,45.3,No,27.3,Not Placed
STU03158,Male,Mechanical,2.6,75.6,9.3,7.5,14.0,47.2,No,48.2,Not Placed
STU02380,Female,Civil,2.4,72.0,6.0,7.6,11.0,66.1,No,49.0,Placed
STU00841,Male,Commerce,3.7,96.7,8.3,0.7,18.0,82.7,No,80.0,Placed
STU07502,Male,Commerce,4.5,60.8,5.5,3.5,4.0,44.1,No,40.9,Not Placed
STU05187,Female,Civil,3.4,65.0,6.4,4.3,14.0,74.6,Yes,66.3,Placed
STU08463,Male,IT,5.7,61.1,6.1,6.2,7.0,45.7,No,45.0,Not Placed
STU08612,Female,CSE,2.5,67.0,,5.9,9.0,62.9,Yes,46.8,Not Placed
STU05589,Female,Mechanical,3.9,78.8,7.2,4.8,10.0,55.8,No,43.0,Not Placed
STU01850,Male,Civil,3.1,76.3,6.0,5.2,16.0,61.2,No,67.5,Not Placed
STU07003,Male,CSE,5.5,77.3,7.8,3.8,12.0,,No,68.8,Placed
STU04938,Female,IT,3.0,60.8,6.7,7.0,8.0,42.6,Yes,35.9,Not Placed
STU00337,Female,Mechanical,5.1,83.0,6.2,3.9,13.0,57.7,No,65.7,Not Placed
STU05151,Male,IT,3.5,85.1,5.7,3.4,19.0,83.5,Yes,77.0,Placed
STU01283,Male,Mechanical,1.9,51.6,5.0,8.1,8.0,,Yes,52.8,Not Placed
STU04541,Male,CSE,5.8,88.9,6.0,4.5,13.0,84.6,Yes,81.9,Placed
STU01389,Male,IT,6.7,89.4,7.5,4.3,10.0,52.8,Yes,67.9,Placed
STU00193,Female,CSE,2.5,70.1,7.8,5.1,15.0,63.1,No,61.0,Placed
STU06683,Male,IT,3.3,57.0,7.1,,12.0,49.1,Yes,51.5,Placed
STU09790,Female,Commerce,4.4,91.8,9.1,3.4,19.0,57.4,Yes,69.4,Placed
STU03960,Female,ECE,1.6,69.1,8.3,8.0,15.0,57.9,No,58.9,Not Placed
STU09624,Female,CSE,2.3,77.2,8.0,4.7,16.0,61.4,Yes,59.3,Placed
STU08959,Male,CSE,2.1,68.4,6.2,5.1,14.0,52.2,No,45.8,Not Placed
STU02562,Male,ECE,2.7,75.8,5.9,1.8,11.0,60.9,No,65.1,Not Placed
STU03680,Male,IT,4.7,75.0,4.7,2.2,14.0,71.1,No,68.9,Placed
STU01052,Female,IT,4.4,75.2,6.6,1.8,11.0,55.4,Yes,69.9,Not Placed
STU00537,Male,Mechanical,5.1,71.8,7.9,4.0,12.0,70.8,Yes,62.5,Not Placed
STU03803,Male,Mechanical,2.9,73.7,6.9,4.6,11.0,60.9,No,54.2,Not Placed
STU00786,Male,IT,4.6,91.1,5.9,4.6,20.0,74.5,No,2.0,Placed
STU04282,Female,ECE,0.0,44.7,8.2,7.2,1.0,46.6,No,22.7,Not Placed
STU00189,Male,Civil,1.9,,7.6,6.0,9.0,46.2,Yes,48.9,Not Placed
STU04543,Female,CSE,0.8,65.2,6.2,7.3,8.0,37.7,No,34.2,Not Placed
STU06856,F,ECE,3.3,70.6,8.3,4.7,15.0,46.1,No,60.6,Not Placed
STU02523,Male,CSE,4.2,85.0,5.1,3.4,12.0,65.4,Yes,67.8,Placed
STU08026,Male,CSE,2.7,67.0,5.5,7.4,11.0,69.3,Yes,53.4,Placed
STU02734,Female,Mechanical,1.5,79.5,8.0,2.5,10.0,47.9,Yes,58.8,Not Placed
STU05297,Male,IT,2.6,63.7,7.0,6.0,13.0,48.5,No,51.7,Not Placed
STU02639,Male,CSE,3.4,83.2,8.4,3.4,11.0,57.5,No,65.0,Not Placed
STU07881,Female,Commerce,5.6,84.3,,3.8,12.0,63.3,No,57.6,Placed
STU00661,Male,CSE,1.4,65.7,5.3,7.0,6.0,48.4,Yes,43.5,Not Placed
STU06599,Male,CSE,4.3,79.8,8.3,6.4,10.0,52.8,No,58.6,Not Placed
STU04602,Male,ECE,4.8,74.7,8.0,4.9,11.0,67.1,Yes,70.9,Placed
STU06687,Female,CSE,4.1,94.1,6.9,2.6,16.0,76.9,No,76.3,Placed
STU08791,Female,IT,4.7,71.6,7.2,4.8,6.0,48.0,No,44.0,Not Placed
STU04304,Female,CSE,1.7,73.6,8.1,6.7,12.0,49.5,Yes,44.7,Not Placed
STU06270,Male,IT,0.0,51.9,7.4,6.1,9.0,63.6,No,49.7,Not Placed
STU05647,Female,Civil,1.0,53.9,7.4,7.7,7.0,50.1,Yes,36.6,Placed
STU07247,Male,CSE,0.0,62.4,7.8,8.1,6.0,52.6,No,33.2,Not Placed
STU05468,Female,CSE,4.8,85.5,4.7,2.0,20.0,73.2,No,70.3,Placed
STU01791,Male,ECE,2.7,64.2,7.4,4.6,8.0,29.7,Yes,46.9,Not Placed
STU02159,Male,CSE,2.8,87.9,6.8,4.7,18.0,73.6,No,67.9,Placed
STU04540,Female,Commerce,1.4,69.7,8.7,4.1,10.0,76.2,No,63.3,Not Placed
STU09584,Male,IT,1.5,46.6,7.6,3.5,4.0,45.5,Yes,33.5,Not Placed
STU08184,Female,ece,1.7,78.5,7.4,6.3,16.0,62.4,Yes,56.1,Placed
STU07104,Female,CSE,3.3,75.0,5.8,4.2,14.0,74.7,No,61.8,Placed
STU00861,Female,IT,3.2,81.6,6.6,6.1,11.0,56.7,No,51.2,Placed
STU03978,Female,CSE,3.5,80.8,8.1,4.3,15.0,72.3,Yes,67.8,Placed
STU07440,Female,ECE,2.9,73.9,6.6,2.7,20.0,75.5,No,66.8,Placed
STU08501,Female,Civil,2.8,77.0,6.1,8.6,13.0,57.5,No,48.4,Not Placed
STU08826,Female,ECE,1.1,85.6,6.3,5.2,9.0,54.2,No,47.1,Not Placed
STU05158,Female,Commerce,2.6,73.5,6.2,3.9,20.0,,No,75.2,Placed
STU07370,Male,Civil,5.2,88.9,5.5,2.9,17.0,60.9,No,62.2,Not Placed
STU04106,Male,CSE,2.7,84.8,6.1,3.2,18.0,64.6,No,69.1,Placed
STU08991,Female,IT,5.8,91.2,8.1,3.0,,79.4,No,88.4,Placed
STU09756,Male,Commerce,4.6,100.0,5.0,3.4,20.0,73.7,Yes,86.3,Placed
STU06914,Female,Mechanical,5.6,93.5,8.3,1.8,20.0,75.7,No,95.2,Placed
STU05991,Female,Mechanical,0.4,65.7,7.7,3.3,6.0,25.9,Yes,39.8,Not Placed
STU05715,Male,Commerce,3.4,67.2,7.7,3.1,7.0,44.1,Yes,54.4,Not Placed
STU00424,Female,Mechanical,1.2,71.0,5.7,4.6,,47.1,Yes,45.1,Not Placed
STU00428,Male,Civil,4.1,80.8,,3.6,19.0,77.1,Yes,84.7,Placed
STU06869,Female,IT,1.5,60.1,,6.2,9.0,38.3,No,36.2,Not Placed
STU05011,Female,ECE,5.6,87.3,,4.3,13.0,66.8,No,65.8,Placed
STU09686,Female,Civil,1.8,51.5,5.1,5.2,5.0,,No,24.3,Not Placed
STU00204,Female,CSE,5.8,70.7,7.3,3.2,12.0,58.0,No,70.8,Placed
STU00390,Male,CSE,3.3,73.7,7.0,7.2,7.0,49.5,Yes,45.2,Not Placed
STU00617,Male,ECE,1.9,83.4,6.5,3.8,17.0,,No,69.2,Placed
STU03355,Male,ECE,2.7,68.0,7.6,4.1,10.0,67.4,No,65.3,Placed
STU09390,Female,IT,2.5,65.6,7.6,6.6,9.0,54.0,Yes,50.1,Placed
STU00029,Male,IT,3.0,71.2,7.0,4.5,17.0,68.7,Yes,68.0,Placed
STU00373,male,CSE,5.0,89.3,5.1,4.2,14.0,76.1,No,73.9,Not Placed
STU09294,Male,Commerce,1.9,73.4,7.7,7.0,9.0,50.3,No,51.7,Not Placed
STU01739,Female,IT,3.0,67.0,6.1,6.7,7.0,46.4,No,36.4,Not Placed
STU07269,Female,Mechanical,5.8,85.0,7.2,1.3,20.0,83.1,No,94.3,Placed
STU08346,Male,Mechanical,2.1,74.1,8.0,4.3,14.0,60.9,Yes,52.7,Placed
STU09928,Male,Commerce,4.7,89.0,6.3,4.9,,61.7,No,64.4,Placed
STU09096,Female,Mechanical,2.6,67.2,7.3,4.3,8.0,44.4,No,44.0,Not Placed
STU07792,Female,CSE,1.0,62.1,6.2,4.4,10.0,51.2,Yes,53.0,Not Placed
STU07138,Female,CSE,3.1,73.1,5.9,5.5,11.0,52.7,Yes,59.5,Not Placed
STU02449,Female,Commerce,1.7,84.6,6.0,1.9,14.0,59.1,Yes,61.4,Not Placed
STU00319,Male,CSE,7.0,90.0,8.4,1.0,18.0,68.1,No,87.1,Placed
STU03522,Female,CSE,2.5,75.5,6.3,3.0,12.0,60.7,No,50.4,Not Placed
STU07595,Male,Civil,3.4,72.5,5.9,4.8,12.0,68.6,No,62.6,Not Placed
STU07106,Female,IT,1.9,67.7,6.6,6.2,12.0,59.8,No,53.1,Not Placed
STU00005,Male,,2.3,53.7,7.1,4.1,1.0,49.1,Yes,45.2,Not Placed
STU03474,Male,IT,3.2,,4.3,3.6,14.0,74.0,No,61.9,Placed
STU05334,Female,Mechanical,5.3,80.1,5.0,2.9,17.0,82.6,Yes,74.6,Placed
STU07734,Male, Commerce ,4.2,72.2,7.8,7.7,12.0,53.5,Yes,49.4,Not Placed
STU09450,Male,Commerce,2.7,,6.8,3.0,7.0,61.3,No,52.9,Not Placed
STU04212,Male,IT,5.0,84.5,9.0,7.0,18.0,70.5,Yes,65.4,Placed
STU01735,Female,IT,4.3,67.8,6.9,5.2,14.0,49.9,No,58.8,Not Placed
STU03198,Male,Commerce,2.6,68.0,5.5,5.4,,61.6,Yes,58.4,Placed
STU02736,Female,Civil,2.2,82.4,7.6,5.2,13.0,45.4,Yes,53.7,Placed
STU00635,Male,CSE,0.2,64.8,8.9,4.9,9.0,61.2,Yes,57.9,Not Placed
STU08890,Female,ECE,2.0,68.7,6.1,3.9,16.0,54.3,Yes,49.4,Not Placed
STU07203,Female,ECE,2.2,75.0,6.2,5.9,10.0,71.1,Yes,58.0,Not Placed
STU00272,Female,Commerce,3.8,75.0,9.4,2.7,17.0,76.1,No,72.7,Not Placed
STU04551,Female,IT,1.9,78.5,6.4,4.2,20.0,75.3,Yes,68.4,Placed
STU04102,Male,IT,1.7,78.5,5.4,,15.0,62.6,No,57.5,Placed
STU01558,Male,ECE,5.5,86.6,7.5,2.2,20.0,72.5,No,79.7,Placed
STU01353,Male,Mechanical,3.2,75.9,6.9,8.3,13.0,40.3,Yes,48.1,Not Placed
STU03992,Male,IT,5.9,74.5,6.3,2.2,11.0,46.0,Yes,58.9,Not Placed
STU06908,Female,IT,1.7,77.6,6.7,5.9,14.0,74.6,No,70.4,Placed
STU03116,Female,Civil,4.9,81.9,6.5,3.5,16.0,63.1,Yes,72.6,Placed
STU01043,Male,CSE,4.8,86.2,7.5,5.8,15.0,67.6,Yes,66.9,Placed
STU06008,Male,CSE,5.3,60.6,6.0,3.9,5.0,44.8,Yes,46.0,Not Placed
STU04165,Female,,0.4,66.9,9.7,4.8,11.0,,Yes,45.2,Not Placed
STU02408,Female,Civil,4.3,83.7,6.3,3.9,15.0,49.4,Yes,70.1,Not Placed
STU01617,Female,Commerce,7.8,100.0,7.7,3.6,17.0,100.0,Yes,91.9,Placed
STU01956,Female,Civil,1.6,79.5,6.9,5.4,7.0,61.2,No,62.5,Not Placed
STU05873,Female,Commerce,2.5,78.4,,8.1,11.0,82.2,No,59.6,Not Placed
STU04094,Male,IT,0.5,73.7,7.0,6.4,8.0,49.5,Yes,40.9,Not Placed
STU04385,Male,Civil,4.7,91.6,8.3,1.6,17.0,71.5,No,75.7,Not Placed
STU05071,Male,Mechanical,2.3,68.6,6.5,7.6,8.0,,Yes,46.9,Placed
STU03739,Male,Commerce,2.8,68.5,6.9,7.8,14.0,61.8,No,53.9,Not Placed
STU08714,Female,Commerce,2.8,72.3,7.1,5.0,10.0,49.5,No,53.6,Not Placed
STU06437,Female,IT,4.0,76.9,5.8,2.3,17.0,79.1,No,72.0,Not Placed
STU03871,Male,IT,2.9,75.8,8.6,,14.0,,Yes,56.0,Placed
STU08122,Female,Commerce,4.9,75.4,6.6,2.7,14.0,79.5,Yes,84.6,Placed
STU02439,Female,CSE,4.4,71.6,6.9,2.0,16.0,70.4,No,68.7,Placed
STU07744,Female,Commerce,1.8,76.4,5.3,5.9,14.0,83.2,Yes,56.7,Placed
STU02007,Female,ECE,0.0,68.7,6.9,6.2,11.0,64.5,No,54.1,Not Placed
STU00975,Male,ECE,1.7,61.7,5.9,,11.0,58.0,Yes,41.8,Not Placed
STU02714,Female,Mechanical,3.5,73.0,8.1,6.2,10.0,40.1,No,41.8,Not Placed
STU01812,Female,Civil,3.0,60.5,7.6,4.5,8.0,35.9,Yes,52.3,Not Placed
STU04426,Female,CSE,4.4,82.5,6.5,5.9,13.0,81.7,Yes,78.8,Placed
STU01648,Male,IT,4.9,69.9,9.0,3.9,14.0,64.0,No,71.0,Not Placed
STU06999,Female,Mechanical,4.4,78.4,6.6,4.1,13.0,66.3,No,60.9,Not Placed
STU04192,Male,Mechanical,4.0,84.8,5.9,3.6,16.0,63.1,No,60.9,Not Placed
STU04884,Female,CSE,4.2,60.7,7.4,3.7,9.0,54.2,No,61.8,Not Placed
STU03338,Female,CSE,4.9,79.5,6.5,3.3,16.0,66.2,Yes,70.7,Placed
STU09680,Female,Mechanical,4.1,100.0,6.1,3.6,20.0,68.9,No,81.1,Placed
STU00630,Female,Commerce,2.4,55.0,7.5,5.0,10.0,35.4,No,54.8,Not Placed
STU06754,Female,Civil,4.9,84.0,7.3,3.9,15.0,68.1,Yes,67.6,Placed
STU07927,Female,IT,4.7,79.5,5.3,4.8,12.0,69.7,No,58.2,Not Placed
STU09754,Male,IT,2.8,78.9,7.6,6.1,15.0,60.5,Yes,53.6,Not Placed
STU02920,Female,Commerce,3.9,72.5,6.3,2.1,,64.0,No,63.7,Placed
STU03443,Female,ECE,2.7,70.1,6.6,5.0,11.0,64.4,Yes,55.9,Not Placed
STU03356,Female,CSE,3.8,73.9,5.8,6.5,6.0,37.9,No,45.8,Not Placed
STU03039,Female,Civil,3.0,63.8,5.9,2.2,9.0,56.9,Yes,58.8,Placed
STU07127,Female,Mechanical,,80.9,6.5,1.8,14.0,53.4,No,71.4,Not Placed
STU09895,Male,IT,5.6,91.6,5.7,5.3,17.0,67.2,No,70.5,Placed
STU03793,Male,Civil,3.6,71.8,6.0,5.1,12.0,67.0,Yes,61.6,Placed
STU09695,Male,Mechanical,4.2,62.3,5.7,4.9,12.0,,Yes,52.4,Placed
STU00722,Male,ECE,3.7,73.6,,3.3,15.0,74.1,No,58.6,Not Placed
STU02757,Female,ECE,4.8,78.0,8.5,4.3,15.0,77.5,No,70.6,Placed
STU07995,Female,cse,1.7,63.4,6.6,4.3,7.0,41.5,No,39.0,Not Placed
STU04121,Female,ECE,3.5,,8.2,5.4,12.0,47.5,Yes,49.3,Not Placed
STU08479,Female,IT,0.8,58.7,5.1,3.5,10.0,46.3,Yes,38.4,Placed
STU06492,Female,CSE,5.9,83.4,5.7,3.5,12.0,47.4,Yes,59.5,Placed
STU09670,Female,Mechanical,6.4,96.5,8.8,2.6,17.0,62.0,Yes,82.4,Placed
STU03399,Female,,,58.6,7.6,6.8,9.0,48.3,Yes,41.7,Not Placed
STU05449,Male,ECE,4.2,78.3,7.9,4.8,17.0,89.0,No,86.0,Placed
STU08784,Female,IT,0.0,56.1,8.0,7.4,4.0,29.1,Yes,25.8,Not Placed
STU00740,Male,CSE,1.8,54.8,7.0,6.8,2.0,43.2,No,31.1,Not Placed
STU09808,Male,CSE,3.6,64.3,5.0,1.6,19.0,68.9,No,69.3,Placed
STU01103,Female,IT,3.4,67.3,6.6,2.3,15.0,76.0,Yes,74.5,Placed
STU00730,Female,CSE,2.8,75.3,5.2,6.5,9.0,58.9,No,45.6,Not Placed
STU03507,Male,CSE,2.2,85.8,6.9,2.1,17.0,54.1,Yes,57.6,Placed
STU04670,Male,IT,6.2,71.0,6.8,0.3,13.0,50.8,Yes,67.8,Placed
STU00922,Male,IT,5.6,81.7,7.5,5.8,7.0,46.7,No,55.4,Not Placed
STU00969,Male,CSE,4.5,99.8,7.0,4.9,19.0,72.3,No,73.7,Placed
STU00675,Female,CSE,2.7,76.8,6.8,5.2,13.0,63.0,No,66.6,Placed
STU06226,Male,Civil,6.3,74.9,7.0,3.5,13.0,55.7,Yes,70.1,Placed
STU06484,Female,Commerce,4.9,98.0,7.6,1.1,20.0,89.2,No,99.3,Placed
STU04463,Male,Mechanical,5.2,96.7,5.7,3.8,17.0,73.9,No,76.9,Not Placed
STU00934,Male,CSE,3.4,90.8,7.0,2.4,19.0,75.9,Yes,81.1,Placed
STU04474,Male,CSE,5.2,96.0,7.1,6.4,17.0,78.6,Yes,74.4,Placed
STU05422,Male,ECE,,59.8,,2.0,11.0,46.0,Yes,51.5,Not Placed
STU04204,Male,ECE,6.7,89.4,7.0,0.7,20.0,81.8,Yes,89.1,Placed
STU06155,Male,Commerce,7.5,97.3,4.1,4.7,18.0,83.0,Yes,89.1,Placed
STU09796,Male,Civil,3.8,71.8,5.2,3.8,9.0,56.3,No,57.2,Not Placed
STU06377,Female,Civil,,61.4,6.0,,9.0,47.5,No,48.8,Not Placed
STU00442,Female,CSE,3.4,71.9,6.9,4.6,19.0,62.8,No,65.4,Placed
STU04770,Male,Civil,5.5,90.8,5.9,2.4,20.0,81.4,Yes,83.1,Placed
STU09076,Male,Mechanical,3.4,69.5,7.5,3.8,9.0,53.1,No,59.0,Not Placed
STU04279,Female,Civil,2.7,70.4,6.2,3.7,13.0,55.8,No,52.6,Placed
STU01095,Male,CSE,4.2,70.1,8.3,4.7,12.0,51.3,No,56.3,Placed
STU05553,Male,Commerce,6.0,75.0,6.3,1.5,15.0,64.7,Yes,72.8,Placed
STU07555,Male,Commerce,2.9,96.8,8.1,3.6,20.0,71.7,No,72.5,Not Placed
STU03482,Male,Mechanical,2.6,,8.2,6.1,19.0,65.4,No,70.7,Not Placed
STU01615,Male,Mechanical,3.5,78.8,6.2,7.3,11.0,57.0,Yes,55.8,Placed
STU07613,Female,IT,5.4,82.1,8.1,3.9,15.0,78.5,No,79.2,Placed
STU05179,Female,IT,2.3,57.5,4.9,5.1,4.0,20.0,Yes,25.9,Not Placed
STU08563,Male,IT,3.6,64.0,6.4,3.8,10.0,57.2,No,55.0,Not Placed
STU00427,Male,Commerce,3.7,87.6,,2.9,20.0,73.4,No,72.8,Placed
STU04735,Female,CSE,1.4,63.9,8.5,5.2,12.0,60.6,Yes,52.9,Placed
STU04198,Male,Commerce,4.5,74.8,8.9,5.4,10.0,41.3,Yes,53.5,Placed
STU01704,Male,Civil,0.0,56.5,5.7,5.5,1.0,42.0,Yes,25.7,Not Placed
STU04871,Female,ECE,2.6,67.0,5.3,6.9,8.0,61.5,Yes,48.2,Not Placed
STU03635,Male,IT,3.2,,6.2,3.3,11.0,65.9,No,65.9,Not Placed
STU06888,Male,Commerce,3.2,64.8,6.5,3.8,7.0,39.2,No,44.1,Not Placed
STU07275,Female,IT,4.1,76.3,6.5,3.2,5.0,41.9,Yes,42.8,Not Placed
STU01366,Female,ECE,3.4,79.3,8.7,5.0,15.0,77.0,No,74.3,Placed
STU02164,Male,Commerce,4.0,67.0,6.1,5.4,14.0,58.2,Yes,47.3,Not Placed
STU03291,Male,Commerce,1.2,68.2,7.0,3.3,16.0,72.7,Yes,67.8,Placed
STU01327,Male,CSE,2.0,71.9,6.3,5.2,14.0,61.7,No,53.5,Not Placed
STU00308,Male,Civil,6.5,93.7,5.8,2.3,17.0,75.4,No,71.0,Placed
STU04800,Female,Civil,4.1,80.1,7.6,2.9,11.0,55.5,Yes,63.6,Not Placed
STU09358,Female,CSE,1.9,67.2,6.9,6.4,7.0,49.3,No,44.7,Not Placed
STU09313,Male,ECE,2.8,64.5,7.7,4.5,7.0,53.1,No,50.2,Not Placed
STU00464,Female,ECE,3.0,62.7,6.4,1.5,8.0,33.4,No,50.4,Not Placed
STU02984,Male,CSE,5.0,85.3,5.2,1.0,17.0,56.2,Yes,69.7,Placed
STU02312,Female,CSE,3.0,77.6,5.3,2.8,12.0,54.6,No,58.3,Not Placed
STU05204,Male,Commerce,2.0,73.6,4.6,4.8,9.0,54.8,No,54.7,Not Placed
STU00453,Female,CSE,5.8,87.1,7.7,0.8,16.0,96.7,Yes,99.5,Placed
STU04215,Male, CSE ,3.7,,8.2,6.3,14.0,69.4,Yes,60.0,Placed
STU03370,Female,IT,3.1,88.3,5.9,4.3,17.0,55.2,Yes,64.3,Placed
STU02907,Male,CSE,4.6,96.5,6.2,3.3,15.0,78.4,Yes,82.4,Placed
STU02031,Male,IT,3.0,93.2,5.0,4.9,18.0,71.1,Yes,66.5,Placed
STU07550,Male,IT,3.4,73.7,,4.2,17.0,68.6,No,67.6,Placed
STU06319,Male,CSE,3.7,77.3,7.4,4.5,10.0,59.4,Yes,58.3,Not Placed
STU00940,Male,Civil,3.7,83.5,5.2,3.8,16.0,65.8,No,53.3,Not Placed
STU00855,Female,ECE,3.2,75.2,7.4,3.5,18.0,71.2,No,67.1,Placed
STU07346,Male,IT,0.0,68.9,6.3,9.3,6.0,48.7,No,36.3,Not Placed
STU06557,Female,IT,3.2,80.7,8.8,0.2,10.0,74.0,No,77.5,Not Placed
STU07098,Female,CSE,3.4,77.4,7.5,7.1,9.0,56.6,No,53.6,Not Placed
STU03458,Female,Mechanical,1.9,68.0,7.1,4.0,8.0,50.5,Yes,40.8,Not Placed
STU08349,Male,ECE,5.2,68.1,6.9,3.8,15.0,52.7,No,64.2,Not Placed
STU06037,Male,IT,2.3,79.0,8.6,5.3,16.0,,No,61.5,Placed
STU07628,Female,IT,2.9,73.7,6.8,5.3,6.0,43.4,Yes,42.1,Not Placed
STU07570,Male,IT,2.9,75.2,7.2,5.1,14.0,68.6,No,62.7,Placed
STU00140,Female,CSE,4.5,86.9,6.1,3.0,20.0,,No,86.3,Placed
STU05226,Male,CSE,4.0,80.0,5.4,6.4,8.0,73.6,No,57.7,Not Placed
STU03336,Female,ECE,2.7,75.2,6.9,2.2,11.0,67.8,No,70.5,Placed
STU07029,Male,cse,2.6,68.0,6.1,4.7,16.0,55.6,Yes,53.7,Placed
STU03954,Female,Civil,,,,3.9,11.0,60.0,Yes,55.4,Not Placed
STU06321,Male,IT,2.6,66.4,5.3,7.9,8.0,43.6,No,32.5,Not Placed
STU08308,Female,IT,3.6,82.3,8.2,5.8,14.0,76.1,Yes,64.5,Placed
STU09395,Male,Commerce,2.9,71.2,8.5,6.0,15.0,47.4,No,46.2,Not Placed
STU04573,Male,CSE,4.8,,7.0,3.2,17.0,67.2,Yes,71.3,Placed
STU04557,Female,,2.4,73.0,5.3,5.5,14.0,79.7,No,61.1,Placed
STU09067,male,ECE,5.3,78.0,7.8,2.6,12.0,72.6,No,68.8,Placed
STU09578,Female,Commerce,5.2,92.0,7.7,2.8,20.0,89.7,No,84.9,Placed
STU05805,Male,Civil,2.8,75.0,6.7,7.5,10.0,61.0,Yes,63.8,Placed
STU04971,Female,IT,2.8,71.4,5.6,3.3,14.0,68.9,Yes,61.4,Placed
STU03358,Female,IT,4.1,85.4,7.2,4.2,13.0,54.1,No,61.0,Not Placed
STU05747,Female,Civil,1.3,61.0,7.7,6.0,9.0,47.1,No,40.7,Not Placed
STU02121,Female,Mechanical,6.6,90.4,7.2,4.8,16.0,68.4,No,69.7,Placed
STU08054,Female,CSE,1.4,75.8,3.9,2.8,15.0,61.0,No,56.0,Not Placed
STU04116,Female,CSE,1.8,67.6,5.2,7.4,9.0,49.7,Yes,46.3,Placed
STU06562,Female,Commerce,1.6,63.7,8.7,5.4,8.0,46.1,No,32.7,Not Placed
STU00399,Male,IT,,82.5,6.3,3.5,13.0,58.9,Yes,50.2,Placed
STU01985,Male,Civil,0.0,58.8,6.5,2.3,12.0,52.5,Yes,50.0,Placed
STU05325,Male,ECE,3.4,73.6,7.9,5.5,14.0,57.8,No,60.7,Placed
STU07621,Male,Mechanical,5.6,77.9,4.8,1.6,10.0,72.5,No,78.6,Placed
STU03450,Male,ECE,3.9,82.6,6.2,,14.0,76.1,No,65.1,Placed
STU04037,Male,IT,4.9,95.9,8.1,4.4,20.0,89.8,No,84.5,Placed
STU02963,Female,Civil,2.9,79.4,6.5,7.6,15.0,57.8,Yes,57.5,Placed
STU05885,Male,ECE,4.5,77.5,7.1,3.8,14.0,72.7,Yes,71.4,Placed
STU06619,Male,ECE,5.9,91.5,6.6,4.9,18.0,74.9,No,70.9,Placed
STU00136,Male,IT,1.8,65.2,6.3,3.8,11.0,54.0,Yes,51.5,Not Placed
STU06920,Female,Civil,1.7,68.9,9.0,3.8,10.0,49.3,Yes,60.7,Not Placed
STU01253,Male,Civil,1.0,,7.8,6.1,12.0,60.4,Yes,59.7,Placed
STU05919,Male,Mechanical,6.5,94.3,7.7,3.9,12.0,,No,76.4,Placed
STU08625,Female,ECE,2.7,64.5,5.4,7.2,11.0,45.2,No,40.3,Not Placed
STU00231,Male,IT,2.9,64.3,6.1,5.2,8.0,45.1,Yes,44.0,Not Placed
STU02742,Male,Civil,3.1,78.5,7.6,5.1,17.0,64.1,No,59.1,Placed
STU08754,Female,CSE,3.5,79.5,9.1,4.8,,53.6,Yes,41.9,Not Placed
STU07160,Female,IT,3.2,59.2,7.0,8.1,10.0,60.6,No,42.0,Not Placed
STU08069,Female,Mechanical,5.9,86.1,5.2,3.0,15.0,66.8,No,66.9,Not Placed
STU06483,Female,Mechanical,1.0,71.3,4.9,6.0,10.0,53.6,No,38.0,Not Placed
STU06980,Male,Mechanical,1.2,58.8,5.9,4.1,6.0,33.1,Yes,27.9,Not Placed
STU09270,Male,Commerce,2.2,71.2,,4.8,11.0,63.0,No,45.4,Not Placed
STU05778,Female,ECE,2.9,84.8,8.1,6.6,14.0,72.1,No,67.4,Not Placed
STU08739,Female,Commerce,2.0,67.8,9.1,5.8,6.0,62.5,No,39.2,Not Placed
STU06852,Female,CSE,4.6,90.7,5.7,3.5,20.0,80.7,Yes,86.9,Placed
STU04475,Male,IT,4.7,92.3,6.7,7.6,9.0,42.2,Yes,56.2,Placed
STU06811,Male,Mechanical,2.4,87.8,5.9,4.2,16.0,61.9,No,66.6,Not Placed
STU01948,Male,CSE,1.3,,6.5,5.2,6.0,53.0,No,40.0,Not Placed
STU02009,Male,Commerce,5.4,94.1,7.1,1.3,18.0,78.9,No,83.5,Placed
STU04229,Male,Civil,2.8,79.5,7.6,2.6,5.0,57.1,No,53.8,Placed
STU09402,Female,CSE,4.9,76.7,5.5,2.7,16.0,58.6,No,62.9,Placed
STU07603,Male,ECE,3.8,82.8,7.1,3.7,19.0,73.0,Yes,79.2,Placed
STU02016,Female,Mechanical,3.2,74.8,6.5,6.6,13.0,67.3,No,59.8,Not Placed
STU02856,Female,IT,6.0,94.2,6.0,3.3,13.0,74.7,No,77.0,Placed
STU08599,Male,CSE,3.6,70.2,7.8,8.0,15.0,63.6,No,66.5,Placed
STU05997,Female,CSE,2.6,79.2,7.6,5.9,17.0,58.6,No,59.8,Placed
STU09175,Female,ECE,5.4,83.0,7.7,4.1,20.0,73.4,No,82.9,Placed
STU00965,Male,Commerce,3.5,82.5,5.2,5.1,9.0,54.4,No,52.4,Not Placed
STU04868,Female,Commerce,4.6,83.4,7.5,4.6,10.0,68.2,No,65.6,Placed
STU06637,Male,ECE,5.7,83.3,6.9,6.3,11.0,56.1,No,66.9,Placed
STU02843,Male,CSE,2.6,80.2,6.3,1.5,13.0,76.6,Yes,69.7,Placed
STU06520,Female,CSE,4.9,67.1,7.3,5.4,16.0,62.6,Yes,74.4,Placed
STU08660,Male,Civil,4.3,73.5,6.7,2.0,20.0,68.0,Yes,65.6,Placed
STU06672,Male,CSE,3.4,68.5,7.5,2.8,13.0,72.3,Yes,69.1,Placed
STU05933,Male,IT,3.7,70.5,7.0,6.6,10.0,58.2,Yes,55.7,Not Placed
STU01941,Female,Mechanical,5.7,81.7,7.8,5.2,12.0,47.3,No,61.0,Not Placed
STU09781,Male,Mechanical,3.5,69.3,6.6,3.8,14.0,56.8,Yes,67.4,Not Placed
STU00158,Female,Mechanical,5.9,100.0,7.8,3.5,19.0,62.8,Yes,85.5,Placed
STU07819,Female,Civil,4.5,77.2,7.7,6.5,15.0,63.6,No,54.1,Not Placed
STU07668,Female,Mechanical,3.3,82.2,6.1,5.5,18.0,58.9,No,65.0,Placed
STU09203,Female,CSE,2.8,70.7,6.3,3.5,15.0,50.5,Yes,59.6,Placed
STU04780,Female,ece,2.5,78.6,7.8,3.3,15.0,73.7,Yes,65.2,Placed
STU07795,Female,IT,4.6,,7.0,2.6,20.0,71.7,No,81.7,Placed
STU08051,Female,IT,4.7,77.9,7.7,5.0,15.0,77.7,Yes,76.3,Placed
STU01266,Female,CSE,4.0,79.2,8.2,4.9,11.0,61.4,Yes,61.5,Placed
STU00962,Female,CSE,0.6,75.0,6.0,3.4,14.0,66.8,Yes,48.8,Placed
STU02511,Male,ECE,0.6,59.1,5.4,3.2,10.0,52.5,No,45.4,Not Placed
STU08629,Female,Mechanical,3.2,73.3,6.6,5.0,13.0,60.7,No,53.8,Not Placed
STU02646,Male,mechanical,4.9,76.1,6.0,2.4,13.0,60.1,No,66.1,Placed
STU01241,Male,IT,4.7,88.0,6.2,3.8,13.0,81.6,Yes,75.3,Placed
STU05306,Female,ECE,4.6,84.7,7.6,4.3,20.0,81.2,No,83.9,Placed
STU04033,Female,Commerce,4.8,75.0,5.5,0.7,12.0,59.6,Yes,64.8,Not Placed
STU09169,Female,ECE,3.9,93.7,6.4,6.2,16.0,74.7,No,70.1,Placed
STU03512,Male,IT,,82.5,8.3,5.2,6.0,43.9,No,54.3,Not Placed
STU00980,Female,Mechanical,4.7,78.3,6.8,5.3,12.0,75.4,Yes,62.0,Placed
STU07560,Female,Commerce,4.5,81.6,7.4,5.1,14.0,65.8,Yes,73.1,Placed
STU01705,Female,ECE,2.8,77.4,7.9,5.8,12.0,64.5,No,62.5,Not Placed
STU00729,Female,CSE,2.9,,5.5,5.4,8.0,53.5,No,42.3,Not Placed
STU08580,Male,ECE,4.5,85.0,6.3,4.0,19.0,75.8,No,69.7,Placed
STU02615,Female,IT,2.9,61.5,8.6,4.2,8.0,42.9,No,42.5,Not Placed
STU07923,Male, CSE ,2.2,75.7,8.0,6.4,13.0,45.7,No,51.1,Not Placed
STU03113,Male,Civil,4.3,86.4,5.8,,17.0,80.6,No,72.6,Placed
STU06580,Male,Civil,2.1,70.4,7.6,6.3,16.0,,No,61.0,Not Placed
STU06394,Male,Mechanical,4.3,68.5,6.2,2.6,14.0,56.1,Yes,53.6,Not Placed
STU08696,Male,CSE,2.9,,5.3,3.7,13.0,67.4,No,61.9,Placed
STU02345,Female,IT,7.0,94.7,8.8,0.6,18.0,75.0,Yes,86.2,Placed
STU06633,Female,Mechanical,2.9,76.2,5.4,4.4,11.0,55.7,No,53.5,Not Placed
STU08633,Female,CSE,2.5,74.8,6.7,5.5,14.0,75.9,Yes,54.1,Placed
STU05860,Male,Commerce,5.8,80.8,6.9,3.8,18.0,74.7,No,78.7,Placed
STU00869,Female,Civil,4.7,72.7,7.1,7.5,13.0,52.1,No,54.0,Not Placed
STU06924,Male,CSE,5.3,,7.1,4.1,13.0,71.5,No,73.5,Placed
STU06015,Male,Mechanical,3.5,77.0,6.1,3.3,12.0,50.3,No,62.1,Placed
STU09361,Male,Mechanical,0.0,62.8,,9.1,11.0,47.4,Yes,31.7,Not Placed
STU04431,Female,Mechanical,4.4,84.6,7.3,5.0,14.0,59.6,Yes,67.7,Not Placed
STU02191,Male,Mechanical,4.1,,7.2,4.2,13.0,71.5,No,69.7,Placed
STU03613,Male,IT,2.4,76.0,7.3,2.7,9.0,,Yes,58.0,Placed
STU01398,Female,CSE,2.9,65.0,7.1,5.8,14.0,61.7,Yes,49.4,Placed
STU00006,Male,ECE,1.5,48.1,6.7,4.2,5.0,43.3,No,32.1,Not Placed
STU00954,Female,CSE,3.7,76.8,6.0,5.0,11.0,51.7,Yes,53.0,Placed
STU01200,Female,Commerce,2.7,68.9,7.2,6.8,11.0,53.0,Yes,48.8,Not Placed
STU06583,Male,Civil,0.4,68.5,6.8,6.8,12.0,72.9,Yes,52.7,Placed
STU04152,Male,IT,6.7,100.0,6.9,1.0,20.0,74.5,Yes,83.2,Placed
STU09342,Female,ECE,2.5,84.8,6.4,2.0,13.0,64.1,No,61.0,Not Placed
STU00505,Male,CSE,0.0,,7.6,8.4,2.0,33.3,Yes,20.2,Not Placed
STU00792,Male,Commerce,3.3,77.2,7.8,6.2,8.0,47.6,No,48.8,Not Placed
STU08874,Male,Commerce,4.0,89.6,6.8,3.5,13.0,51.0,No,57.4,Placed
STU05913,Male,CSE,3.0,80.8,6.9,5.5,16.0,53.4,Yes,58.2,Placed
STU05219,Male, Civil ,4.2,75.2,6.4,3.8,15.0,66.5,Yes,71.2,Placed
STU01516,Female,Commerce,4.8,77.2,6.8,0.4,16.0,61.8,No,74.7,Not Placed
STU07804,Male,IT,3.6,,,1.4,9.0,57.5,Yes,49.8,Not Placed
STU00086,Male,Commerce,3.4,77.4,5.8,3.3,19.0,72.4,No,67.0,Placed
STU05420,Male,CSE,3.1,62.8,7.2,4.8,,,No,47.8,Not Placed
STU02704,Male,CSE,0.0,,7.5,6.9,15.0,86.5,No,62.6,Placed
STU04278,Female,IT,0.6,58.1,5.8,5.9,11.0,53.9,Yes,37.0,Not Placed
STU01431,Female,Mechanical,5.4,,6.2,3.2,14.0,57.4,Yes,66.3,Placed
STU04604,Female,CSE,2.6,78.9,7.2,4.4,17.0,74.6,Yes,65.0,Placed
STU04412,Female,Mechanical,3.3,74.3,7.7,7.3,13.0,57.6,No,53.3,Not Placed
STU07831,Male,CSE,4.6,100.0,6.7,4.8,20.0,91.0,Yes,85.4,Placed
STU02220,Male,Commerce,2.3,55.9,7.7,7.8,4.0,40.5,No,28.1,Not Placed
STU07158,Male,IT,1.6,66.2,7.0,0.8,16.0,63.3,Yes,61.2,Placed
STU06378,Male,ECE,3.1,86.5,6.3,3.2,15.0,80.4,Yes,78.4,Placed
STU07304,Male,IT,5.4,78.7,6.0,2.9,11.0,68.9,No,71.6,Placed
STU06707,Male,CSE,0.0,69.8,8.7,5.9,8.0,60.0,Yes,49.8,Placed
STU08641,Male,IT,5.0,89.5,5.1,3.0,14.0,69.3,No,66.3,Placed
STU00509,Male,Mechanical,3.2,79.3,6.4,3.4,10.0,40.2,Yes,51.2,Placed
STU03506,Male,Civil,5.9,90.5,7.5,4.7,20.0,79.3,No,89.1,Placed
STU06714,Female,Commerce,3.2,,6.7,5.1,8.0,52.6,No,59.6,Not Placed
STU00458,Female,IT,2.3,59.1,7.2,6.5,12.0,45.2,No,44.1,Not Placed
STU07640,F,CSE,1.9,68.7,5.6,3.8,14.0,57.8,Yes,53.9,Placed
STU02701,Female,Commerce,4.6,95.4,6.0,4.2,15.0,80.4,No,74.4,Placed
STU02465,Male,ECE,3.7,75.5,6.9,5.8,10.0,58.9,No,59.5,Placed
STU09775,Male,CSE,5.0,89.8,7.6,2.2,14.0,81.2,No,78.8,Placed
STU01750,Female,,,76.0,5.9,4.4,15.0,82.3,No,65.2,Placed
STU02637,Male,IT,2.6,71.6,5.4,2.6,12.0,64.2,Yes,54.7,Placed
STU05481,Male,Commerce,2.3,80.1,4.0,3.9,16.0,54.9,Yes,52.8,Placed
STU06283,Female,ECE,2.3,81.4,6.5,4.2,16.0,73.6,No,69.0,Placed
STU03523,Male,Mechanical,2.4,72.1,7.5,3.5,14.0,47.4,No,54.4,Placed
STU02382,Male,CSE,4.7,90.5,7.9,3.8,18.0,78.5,No,69.5,Placed
STU08498,Female,ECE,3.3,70.8,7.6,3.0,20.0,71.9,Yes,77.8,Placed
STU07099,Female,Commerce,3.2,85.3,7.0,3.8,13.0,61.8,Yes,54.4,Not Placed
STU08333,Female,IT,2.2,79.7,6.4,3.3,20.0,95.7,Yes,92.5,Placed
STU06634,Male,ECE,1.3,72.0,6.4,3.4,7.0,51.7,No,45.2,Not Placed
STU00139,Male,CSE,7.3,,4.7,0.2,20.0,84.0,No,98.4,Placed
STU08848,Female,Civil,,72.6,8.2,5.8,8.0,38.9,Yes,47.1,Not Placed
STU05952,Female,IT,3.9,65.9,6.2,4.2,19.0,69.1,No,72.4,Placed
STU06939,Female,Mechanical,2.9,73.4,5.6,5.0,14.0,,Yes,52.6,Not Placed
STU07520,Male,ECE,2.8,66.7,5.2,6.8,11.0,36.5,Yes,38.7,Not Placed
STU05419,Female,ECE,4.3,75.0,5.3,1.9,13.0,54.9,Yes,64.6,Placed
STU06755,Female,ECE,2.2,64.4,5.2,5.0,12.0,70.9,No,48.6,Not Placed
STU03231,Male,Mechanical,4.0,72.8,6.9,5.7,16.0,53.1,No,58.5,Placed
STU05670,Male,Commerce,4.4,71.5,7.9,4.0,15.0,73.3,No,67.6,Placed
STU05398,Male,CSE,3.4,86.4,9.3,4.4,17.0,76.5,No,69.0,Placed
STU00684,Male,Commerce,3.6,68.9,8.9,8.8,12.0,46.0,No,36.9,Not Placed
STU00957,Male,Commerce,3.0,76.1,7.2,6.4,12.0,56.4,No,56.8,Placed
STU09140,Male,Commerce,2.6,48.2,8.1,4.3,6.0,41.6,No,48.0,Not Placed
STU05730,Female,IT,2.2,61.6,8.5,6.2,10.0,49.8,Yes,48.7,Not Placed
STU04595,Female,ECE,3.5,80.8,6.4,5.8,14.0,81.3,Yes,70.4,Placed
STU00690,Male,ECE,1.4,56.7,5.8,4.1,11.0,,No,40.3,Not Placed
STU00370,Male,Commerce,4.5,76.8,8.8,3.1,15.0,77.5,No,70.1,Placed
STU06231,Female,ECE,3.4,82.6,8.8,3.7,14.0,68.9,Yes,64.8,Placed
STU00079,Male,CSE,5.9,89.4,7.3,,16.0,65.9,Yes,80.2,Placed
STU09015,Female,IT,3.7,84.7,6.5,5.0,19.0,88.7,No,80.0,Placed
STU06030,M,Commerce,1.3,61.9,7.5,2.4,3.0,33.6,No,32.5,Not Placed
STU07609,Male,CSE,3.3,82.6,5.8,5.8,16.0,92.0,Yes,69.2,Placed
STU02551,Female,ECE,2.9,66.2,5.9,7.1,4.0,30.6,Yes,32.7,Not Placed
STU04615,Female,ECE,3.7,65.5,7.2,3.0,11.0,61.5,No,71.8,Placed
STU07360,Male,IT,0.0,85.1,6.1,3.7,18.0,67.7,Yes,66.2,Placed
STU09410,Male,Civil,0.9,50.5,9.3,8.2,12.0,52.7,No,44.1,Not Placed
STU06061,Male,Mechanical,3.9,84.1,6.1,5.5,16.0,46.4,Yes,64.8,Not Placed
STU09345,F,CSE,2.8,81.3,7.6,1.4,14.0,58.1,No,70.5,Placed
STU07638,Male,CSE,5.0,83.7,8.6,3.1,19.0,,No,70.9,Placed
STU01306,Female,ECE,1.0,51.9,6.7,4.7,4.0,38.3,No,41.0,Not Placed
STU03010,Male,ECE,5.1,82.1,,3.4,14.0,70.4,No,61.9,Not Placed
STU07653,Male,ECE,4.7,83.8,6.1,5.5,12.0,59.0,No,61.7,Placed
STU06199,Female,ECE,3.9,78.4,7.4,4.0,9.0,,Yes,50.6,Placed
STU08606,Female,CSE,2.7,69.1,7.4,5.2,6.0,48.3,Yes,40.5,Not Placed
STU03083,Female,IT,1.2,77.1,7.7,7.2,13.0,63.2,Yes,48.4,Placed
STU05034,Female,ECE,3.7,69.7,7.3,4.7,13.0,72.0,Yes,63.2,Placed
STU02420,Male,Civil,0.5,54.7,,,5.0,44.0,No,31.9,Not Placed
STU01342,Female,CSE,3.2,83.4,6.5,4.4,13.0,68.2,Yes,67.4,Placed
STU04398,Male,IT,4.1,75.0,5.8,3.0,5.0,68.6,No,50.1,Not Placed
STU04383,Female,Commerce,4.0,75.7,8.1,1.1,10.0,65.4,Yes,59.6,Placed
STU00384,Female,Commerce,1.2,67.6,7.2,4.4,10.0,45.7,No,40.8,Not Placed
STU07163,Female,Mechanical,3.8,76.7,7.1,3.7,11.0,56.8,Yes,56.0,Placed
STU06812,Male,Civil,2.9,70.5,8.4,4.2,11.0,44.7,Yes,50.4,Not Placed
STU04965,Male,IT,1.3,66.0,7.5,7.8,14.0,54.4,No,51.6,Not Placed
STU07363,Male,CSE,3.9,71.9,6.2,3.9,13.0,58.7,No,47.7,Not Placed
STU03802,Male,ECE,5.1,67.4,6.9,2.9,8.0,49.6,No,57.6,Not Placed
STU06526,Female,Civil,3.7,83.1,5.3,0.2,17.0,69.2,No,67.2,Placed
STU06850,Female,IT,4.6,92.9,5.6,5.4,17.0,85.0,No,75.1,Placed
STU02594,Male,Commerce,5.1,89.9,6.5,5.5,17.0,67.0,Yes,79.7,Placed
STU01577,Male,Civil,2.5,87.9,6.9,5.9,14.0,73.1,Yes,60.6,Placed
STU08068,Male,CSE,3.6,73.1,7.8,5.2,10.0,35.7,Yes,45.0,Not Placed
STU05781,Male,CSE,1.8,69.3,8.1,3.0,16.0,58.6,Yes,56.2,Not Placed
STU07859,Female,CSE,2.5,82.0,8.1,3.0,9.0,65.7,Yes,65.1,Placed
STU06546,Female,Civil,1.8,,4.1,3.1,7.0,65.1,No,50.2,Not Placed
STU08811,Male,ECE,2.1,68.1,5.0,0.6,9.0,,No,48.3,Not Placed
STU03930,Male,CSE,1.8,59.5,8.4,6.2,8.0,47.1,Yes,44.6,Not Placed
STU02781,Male,mechanical,4.2,80.4,6.5,3.1,19.0,,No,81.6,Placed
STU00197,Female,CSE,4.1,84.1,,6.6,15.0,74.1,No,74.5,Placed
STU00743,female,Commerce,4.1,66.3,7.1,6.0,7.0,53.2,Yes,63.6,Not Placed
STU08861,Male,,7.5,,6.3,2.5,20.0,69.4,Yes,81.5,Placed
STU07594,Male,IT,4.5,84.5,7.1,5.5,11.0,61.2,No,63.7,Not Placed
STU09860,Male,IT,3.7,85.4,8.0,4.0,14.0,73.5,Yes,69.2,Placed
STU05403,Male,ECE,1.3,60.0,6.0,4.8,12.0,58.2,Yes,49.6,Not Placed
STU00956,Male,IT,4.8,78.7,8.0,4.2,15.0,75.6,Yes,66.8,Placed
STU07824,Male,CSE,2.2,87.7,6.4,1.6,18.0,82.7,No,79.1,Placed
STU03455,Female,CSE,6.1,83.9,6.9,1.9,17.0,94.9,No,96.2,Placed
STU06854,Male,Civil,3.3,73.3,,5.2,7.0,45.4,No,49.0,Not Placed
STU07454,Male,,3.5,60.1,6.7,4.0,9.0,54.7,Yes,45.3,Placed
STU06502,Female,IT,2.7,,6.1,4.5,19.0,77.6,Yes,74.6,Placed
STU05888,Male,CSE,4.8,85.5,7.3,3.0,20.0,82.3,No,79.9,Placed
STU08404,Male,Commerce,3.7,85.5,4.9,6.3,,65.2,Yes,66.4,Placed
STU06135,male,Civil,4.2,75.9,7.8,3.9,16.0,86.1,No,73.7,Placed
STU05688,Female,IT,4.6,100.0,4.4,2.9,20.0,74.3,No,79.2,Placed
STU07309,Female,CSE,3.0,69.1,4.9,5.6,10.0,62.7,Yes,63.4,Placed
STU08340,Male,CSE,4.3,93.6,8.7,4.5,19.0,81.0,No,82.7,Placed
STU01068,Female,CSE,4.5,81.9,5.0,5.6,20.0,71.7,Yes,71.1,Placed
STU06998,Male,CSE,1.2,66.7,7.1,4.5,9.0,51.3,No,42.5,Not Placed
STU09013,Male,IT,7.8,100.0,5.5,4.1,13.0,67.3,Yes,74.6,Placed
STU01679,Female,Civil,0.0,62.7,6.9,5.4,8.0,46.5,Yes,36.4,Not Placed
STU05154,Male,Civil,3.1,84.6,6.6,2.6,,76.6,No,81.3,Placed
STU02630,Male,ECE,3.4,70.7,8.0,2.2,17.0,73.9,No,68.4,Placed
STU00761,Female,ECE,5.2,94.9,6.6,4.5,20.0,67.1,No,86.9,Placed
STU00979,Male,IT,2.8,65.1,8.8,5.8,11.0,53.4,No,48.9,Not Placed
STU06151,Female,CSE,2.7,72.0,7.7,5.8,12.0,44.3,Yes,47.2,Not Placed
STU03114,Male,Commerce,4.0,74.4,6.4,4.1,14.0,60.2,No,64.3,Placed
STU05413,Male,IT,3.1,69.4,5.9,2.5,11.0,60.6,Yes,55.2,Not Placed
STU05085,Male,CSE,2.6,82.0,6.6,6.8,,71.6,Yes,59.5,Placed
STU03053,Male,CSE,2.6,74.9,6.4,3.2,12.0,49.6,No,50.4,Not Placed
STU01796,Female,Mechanical,1.7,68.4,5.9,4.6,8.0,60.7,No,45.7,Not Placed
STU08499,Male,IT,4.3,75.2,7.0,0.9,16.0,83.3,Yes,86.1,Placed
STU05662,Male,Civil,4.0,76.0,6.2,2.8,16.0,57.1,Yes,63.5,Placed
STU05222,Female,Commerce,2.6,56.7,8.6,7.4,4.0,34.6,No,29.0,Not Placed
STU04502,Female,CSE,3.7,77.1,7.2,4.0,18.0,78.9,No,75.3,Placed
STU05872,Female,CSE,3.8,88.1,8.2,3.9,20.0,98.6,No,86.4,Placed
STU01083,Female,CSE,6.2,84.2,7.5,5.9,16.0,67.7,Yes,78.3,Placed
STU06354,Female,Mechanical,3.2,68.6,7.2,4.7,9.0,61.0,Yes,59.9,Not Placed
STU09111,Male,Civil,4.1,67.4,7.0,4.4,14.0,78.2,Yes,70.8,Placed
STU04957,Female,ECE,1.1,57.6,7.5,,11.0,48.8,No,49.3,Not Placed
STU07810,Male,CSE,4.3,,7.2,2.9,15.0,68.5,No,80.5,Placed
STU03713,Male,IT,3.2,70.0,6.6,4.3,11.0,55.9,No,50.0,Not Placed
STU00484,Male,Commerce,6.7,83.4,6.9,4.6,14.0,67.9,No,74.3,Not Placed
STU04079,Male,it,1.9,64.3,5.9,7.1,10.0,54.5,Yes,49.3,Not Placed
STU05073,Female,IT,3.4,,6.8,3.7,20.0,87.5,No,82.0,Placed
STU00372,Female,Mechanical,2.6,80.5,7.2,3.9,19.0,79.6,Yes,71.0,Placed
STU05779,Female,Mechanical,5.3,74.0,8.5,3.1,18.0,83.7,No,77.1,Placed
STU06034,Male,,5.0,77.5,6.5,2.9,15.0,71.5,Yes,66.4,Not Placed
STU07102,Male,Mechanical,1.4,65.2,7.5,6.5,10.0,47.3,No,41.4,Not Placed
STU04202,Female,Civil,2.6,63.5,8.0,5.6,7.0,33.4,No,47.8,Not Placed
STU03734,Female,CSE,5.0,78.2,5.6,4.9,10.0,48.7,No,55.1,Not Placed
STU09008,Female,Civil,2.3,50.9,7.0,5.4,7.0,65.4,No,41.4,Not Placed
STU05363,Female,CSE,4.7,90.7,6.4,3.6,,88.1,Yes,77.4,Placed
STU09537,Male,ECE,2.4,71.1,6.6,3.9,10.0,64.6,No,50.0,Not Placed
STU04876,Male,Mechanical,3.6,74.1,,5.0,11.0,52.5,No,57.2,Not Placed
STU02100,Male,ECE,3.0,81.6,8.2,2.5,17.0,84.3,Yes,75.0,Placed
STU01077,Female,Mechanical,5.0,74.7,,4.5,16.0,65.9,No,67.2,Not Placed
STU02256,Male,Civil,3.3,65.3,6.3,5.7,,50.4,Yes,50.8,Not Placed
STU04854,Male,Civil,2.7,52.4,7.5,7.0,8.0,54.6,Yes,50.8,Not Placed
STU07523,Female,IT,4.2,70.9,5.7,4.3,12.0,62.6,Yes,60.4,Placed
STU09213,Male,ECE,6.1,79.4,6.8,4.3,18.0,73.6,No,84.1,Placed
STU02784,Male,CSE,,97.6,4.9,4.2,18.0,78.4,Yes,76.5,Placed
STU08287,Male,Commerce,3.5,65.0,9.6,5.4,6.0,47.4,Yes,39.7,Not Placed
STU08014,Male,,4.3,73.0,5.6,6.0,11.0,47.7,No,65.4,Not Placed
STU00526,Female,Mechanical,2.0,74.0,7.8,4.3,9.0,58.2,Yes,58.9,Not Placed
STU01938,Female,CSE,1.3,56.3,5.7,4.5,6.0,54.0,No,39.4,Not Placed
STU01955,female, CSE ,6.9,85.9,6.2,1.1,17.0,81.0,No,92.9,Placed
STU02084,Male,IT,3.3,76.8,5.9,4.0,15.0,50.9,No,56.2,Not Placed
STU07013,Female,Commerce,2.3,77.0,8.1,7.0,9.0,72.8,Yes,72.8,Placed
STU01991,Female, ECE ,4.9,77.5,4.9,,14.0,60.5,No,61.1,Not Placed
STU04276,Male,Commerce,3.4,67.0,6.9,4.1,16.0,49.6,Yes,56.9,Placed
STU02279,Male,Civil,1.9,83.0,6.0,3.9,15.0,58.9,No,64.8,Placed
STU04911,Female,CSE,3.9,73.4,6.1,2.3,12.0,48.3,No,58.8,Not Placed
STU05145,Female,Commerce,1.8,61.7,4.9,5.9,5.0,47.8,No,29.9,Not Placed
STU00020,Male,Civil,20.0,,6.8,6.8,,59.8,No,56.8,Not Placed
STU00468,Male,Commerce,5.4,89.6,5.9,4.0,20.0,87.4,No,77.6,Placed
STU03746,Female,Commerce,2.8,64.1,7.9,7.6,9.0,57.0,Yes,48.8,Placed
STU01719,Male,CSE,4.6,71.9,5.9,,16.0,67.3,No,69.2,Placed
STU01037,male,IT,2.6,80.9,7.2,,16.0,68.8,Yes,69.3,Placed
STU02379,Female,IT,2.3,69.8,6.8,2.8,14.0,58.7,Yes,65.4,Placed
STU01235,Female,IT,5.4,82.6,6.2,3.5,16.0,57.9,No,68.6,Placed
STU04461,Male,Civil,4.7,70.7,8.3,,15.0,54.4,Yes,67.4,Placed
STU09071,Male,Civil,3.4,81.0,7.1,3.7,,63.6,Yes,82.2,Placed
STU09638,Male,CSE,1.9,68.7,8.3,0.5,8.0,44.2,No,46.7,Not Placed
STU04561,Female,Mechanical,3.7,83.9,5.8,5.7,18.0,65.3,No,59.2,Not Placed
STU09596,Male,IT,2.8,79.4,7.4,2.6,12.0,54.3,No,62.2,Placed
STU02148,Female,Commerce,3.5,80.9,5.8,3.1,18.0,78.1,Yes,66.4,Placed
STU09316,Female,Civil,6.6,79.4,6.3,4.0,13.0,50.3,Yes,66.6,Placed
STU04380,Female,Civil,3.2,70.5,8.3,2.9,11.0,46.2,No,47.3,Not Placed
STU02853,Female,CSE,5.1,99.1,8.4,4.0,18.0,65.0,Yes,72.1,Placed
STU00948,Male,Mechanical,3.2,48.4,6.5,6.5,3.0,22.3,No,21.8,Not Placed
STU06249,Female,IT,6.0,95.8,6.0,5.1,20.0,78.7,No,81.8,Placed
STU03448,Female,CSE,3.5,88.4,8.1,2.0,18.0,65.3,No,79.2,Placed
STU09233,Male,ECE,4.5,88.2,6.0,3.6,20.0,81.7,No,77.9,Placed
STU08557,Female,Mechanical,3.2,71.2,5.7,0.8,10.0,57.1,No,50.5,Not Placed
STU05777,Female,Civil,4.0,68.7,6.2,2.3,13.0,67.5,Yes,66.0,Placed
STU01493,Male,IT,0.3,61.3,8.7,5.9,,46.3,No,40.9,Not Placed
STU02586,Male,ECE,4.9,89.7,7.2,2.1,18.0,78.5,Yes,77.1,Placed
STU09749,Male,CSE,3.7,74.6,6.0,2.8,12.0,57.9,No,51.5,Not Placed
STU09055,Male,IT,5.7,,6.5,5.9,17.0,63.9,No,79.5,Placed
STU04379,Female,Commerce,3.5,82.9,6.0,6.5,12.0,55.4,No,51.1,Not Placed
STU05452,Female,Commerce,2.3,70.5,7.0,3.5,,61.3,Yes,58.5,Not Placed
STU01524,Male,IT,3.1,72.1,4.7,2.6,12.0,73.6,Yes,60.5,Placed
STU01626,Female,Civil,3.8,79.2,6.8,4.7,17.0,64.2,Yes,71.2,Placed
STU06001,Male,IT,2.8,59.1,7.0,6.2,13.0,54.6,No,52.2,Placed
STU03195,Female,CSE,4.5,67.1,7.5,2.0,14.0,63.6,No,73.4,Placed
STU03533,Female,Mechanical,5.5,100.0,6.5,3.2,20.0,74.8,Yes,81.0,Placed
STU08614,Male,IT,1.0,77.5,5.7,3.2,11.0,50.4,Yes,48.3,Not Placed
STU00778,Male,Mechanical,4.2,83.0,5.8,5.7,14.0,71.6,No,74.8,Not Placed
STU01669,Male,Civil,7.1,81.1,6.1,3.6,16.0,71.1,Yes,70.9,Placed
STU05538,Male,Commerce,1.6,45.6,7.0,4.8,7.0,36.7,No,38.5,Not Placed
STU08145,Male,Commerce,4.0,60.2,9.3,5.6,11.0,46.1,No,42.9,Not Placed
STU07925,Female,Mechanical,2.3,,6.0,,13.0,52.7,Yes,49.9,Not Placed
STU02426,Female,Commerce,,73.6,7.7,3.2,14.0,66.4,Yes,68.1,Placed
STU04310,Female,ECE,3.7,49.3,5.8,6.4,3.0,35.5,No,31.4,Not Placed
STU09923,Male,Commerce,3.2,61.8,8.0,6.4,7.0,45.7,Yes,51.7,Not Placed
STU08567,Male,CSE,4.4,71.7,7.8,,11.0,59.1,Yes,60.0,Not Placed
STU06441,Male,IT,5.0,74.2,6.8,3.5,16.0,65.5,No,65.5,Placed
STU08314,Female,CSE,2.2,72.4,5.2,,12.0,55.6,No,54.7,Not Placed
STU04582,Female,ECE,4.3,85.1,7.8,4.8,17.0,80.5,No,77.1,Not Placed
STU01725,Male,IT,4.0,70.7,7.7,4.9,16.0,75.1,No,71.6,Placed
STU00636,Male,Civil,2.2,76.3,6.4,1.0,12.0,61.8,No,70.3,Placed
STU02985,Male,IT,2.3,74.8,5.4,4.7,9.0,41.4,No,44.1,Not Placed
STU08652,Female,CSE,5.4,86.7,6.1,0.7,16.0,77.3,No,76.1,Placed
STU00513,Male,Civil,4.3,79.2,4.9,6.1,12.0,60.8,No,58.1,Not Placed
STU09002,Female,CSE,4.2,71.6,7.4,3.5,11.0,,No,53.7,Placed
STU02687,Female,IT,2.4,58.9,6.4,3.4,7.0,45.1,No,38.2,Not Placed
STU05203,Male,CSE,4.7,73.2,6.1,1.7,11.0,39.9,Yes,53.0,Not Placed
STU07826,Male, CSE ,5.8,79.8,6.6,2.0,16.0,46.0,Yes,59.0,Placed
STU07230,Male,Commerce,3.6,81.9,5.8,1.5,16.0,72.9,No,74.8,Placed
STU02437,Female,ECE,3.0,,7.9,4.9,10.0,56.2,No,56.3,Not Placed
STU09179,Female,IT,4.2,67.1,8.2,5.2,8.0,50.8,No,48.2,Not Placed
STU09324,Female,Commerce,5.6,81.5,6.2,6.3,10.0,49.7,Yes,58.9,Not Placed
STU00961,Male,,4.6,93.6,6.7,2.8,,74.4,No,69.4,Not Placed
STU07895,Male,ECE,4.9,91.7,7.3,6.3,20.0,73.0,Yes,77.2,Placed
STU00608,Female,Commerce,4.8,95.1,6.0,5.6,14.0,77.6,No,73.7,Placed
STU08055,Male,Civil,2.1,76.4,5.2,6.5,11.0,54.0,No,44.8,Not Placed
STU06711,Male,IT,3.8,93.0,6.8,1.8,17.0,73.3,No,70.1,Placed
STU06613,Female,IT,4.9,89.4,7.6,2.6,12.0,81.8,No,75.4,Placed
STU02427,F,Mechanical,3.9,92.7,6.1,3.0,20.0,80.5,No,79.0,Placed
STU08203,Female,IT,2.5,67.1,9.4,4.7,20.0,60.5,Yes,64.2,Placed
STU04220,Female,ECE,5.5,81.3,7.3,5.0,14.0,62.9,Yes,67.5,Placed
STU04750,Male,,0.4,68.4,7.3,4.0,7.0,,Yes,33.7,Not Placed
STU04195,Female,IT,5.4,85.3,6.6,5.2,20.0,77.7,No,78.5,Placed
STU05622,Female,Civil,4.9,83.7,4.7,3.0,19.0,70.4,Yes,69.5,Placed
STU05826,Female,CSE,4.7,71.4,6.7,0.2,13.0,68.3,No,80.7,Placed
STU09657,Male,IT,2.4,85.9,5.9,4.8,8.0,51.1,No,44.2,Not Placed
STU05881,Male,ECE,4.4,92.0,7.2,1.3,20.0,71.9,Yes,86.6,Placed
STU04483,Male,ECE,5.3,83.1,5.7,4.8,14.0,63.8,No,70.1,Placed
STU03902,Male,CSE,3.7,69.5,5.5,2.8,7.0,64.7,Yes,53.8,Placed
STU02127,Female,ECE,3.3,84.2,7.3,6.2,20.0,84.6,No,74.3,Placed
STU00194,Male,ECE,6.3,94.7,7.9,3.5,20.0,84.5,Yes,91.5,Placed
STU01605,Female,CSE,3.7,95.1,9.2,3.3,11.0,55.6,No,57.8,Not Placed
STU02235,Female,ECE,6.4,90.0,7.9,4.5,13.0,45.3,No,68.4,Placed
STU00116,Female,IT,1.2,75.2,6.5,8.4,9.0,46.9,Yes,44.5,Not Placed
STU05905,Female,IT,4.3,84.9,6.7,5.3,16.0,85.8,Yes,77.8,Placed
STU05307,Female,CSE,4.0,66.2,7.2,,11.0,66.8,Yes,54.3,Placed
STU05424,Female,Mechanical,3.1,81.8,6.1,1.6,11.0,48.8,Yes,62.3,Not Placed
STU06833,Female,IT,3.1,85.7,5.4,4.0,18.0,61.4,No,63.1,Placed
STU00335,Female,Commerce,3.5,75.7,6.3,4.9,11.0,65.2,Yes,63.5,Placed
STU00652,Male,ECE,6.0,85.1,7.1,1.7,14.0,59.4,No,79.0,Not Placed
STU02389,Female,Mechanical,2.6,82.1,5.6,,18.0,68.6,No,67.5,Placed
STU02124,Female,CSE,1.2,62.0,5.8,3.8,12.0,59.4,Yes,54.8,Not Placed
STU06693,Female,Civil,2.7,,6.2,6.5,9.0,65.5,No,50.1,Not Placed
STU07785,Male,ECE,4.6,,7.5,6.8,10.0,50.5,Yes,54.7,Not Placed
STU05989,Male,Commerce,3.1,66.8,7.4,6.7,11.0,69.6,No,56.3,Not Placed
STU07343,Female,CSE,1.8,73.6,6.4,7.5,12.0,79.4,Yes,52.3,Placed
STU06082,Male,CSE,,60.5,5.1,5.8,7.0,41.7,Yes,44.1,Not Placed
STU03229,Female,Civil,5.2,86.1,7.4,5.2,18.0,63.3,No,64.8,Not Placed
STU07331,F,Commerce,0.6,65.2,7.1,5.0,11.0,60.2,No,48.6,Not Placed
STU09621,Male,IT,2.5,72.0,6.0,4.1,11.0,60.4,Yes,60.0,Placed
STU04340,Female,ECE,3.8,72.5,6.5,2.3,11.0,53.7,No,59.4,Placed
STU08952,Female,Civil,2.2,74.6,7.5,5.2,18.0,75.7,Yes,59.9,Placed
STU02845,Male,CSE,,71.0,6.6,3.8,11.0,52.9,No,42.4,Not Placed
STU03492,Female,Commerce,2.2,77.6,8.2,3.4,10.0,44.6,No,48.5,Not Placed
STU06334,Female,ECE,3.7,58.0,7.9,3.7,3.0,49.8,No,46.6,Not Placed
STU04962,Male,,,84.8,7.3,5.0,17.0,70.9,No,85.2,Placed
STU00801,Female,ECE,,61.1,6.6,5.4,6.0,47.2,No,39.3,Not Placed
STU02002,Male,CSE,0.7,64.5,5.6,7.5,8.0,56.0,Yes,51.6,Placed
STU07706,Male,CSE,,59.9,6.7,6.1,9.0,60.8,Yes,49.8,Not Placed
STU09744,Female,Mechanical,4.0,82.7,6.3,4.0,12.0,74.6,Yes,63.3,Placed
STU07028,Female,CSE,4.5,76.3,6.3,2.4,15.0,65.5,Yes,73.8,Placed
STU03636,Female,Commerce,1.3,48.4,6.5,6.5,8.0,50.7,Yes,38.0,Not Placed
STU04353,Male,Civil,5.6,77.8,6.8,5.4,18.0,65.9,Yes,72.6,Placed
STU00928,Male,IT,2.9,72.2,6.0,2.1,14.0,69.4,No,70.9,Placed
STU01310,Male,Civil,2.7,76.7,8.1,6.3,14.0,60.1,No,69.1,Placed
STU01352,Male,Mechanical,5.5,96.3,5.5,1.3,17.0,71.9,No,74.1,Placed
STU01346,Female,CSE,5.2,100.0,6.4,3.4,20.0,91.9,No,93.2,Placed
STU07682,Female,CSE,4.9,76.4,6.4,2.0,18.0,59.8,No,66.2,Placed
STU08155,Female,Mechanical,2.8,75.2,6.4,5.8,15.0,56.2,No,56.5,Not Placed
STU02502,Male,CSE,3.1,77.1,6.4,4.9,,66.3,Yes,60.4,Not Placed
STU08478,Male,ECE,,100.0,6.4,2.1,20.0,88.9,No,91.0,Placed
STU09409,Male, Civil ,5.1,87.7,6.1,1.8,20.0,76.0,Yes,87.3,Placed
STU04120,Male,IT,5.5,82.8,7.7,4.3,8.0,49.6,No,49.4,Not Placed
STU02575,Male,CSE,5.0,71.1,6.9,3.9,13.0,63.8,No,63.1,Placed
STU09907,Female,Mechanical,3.4,66.6,7.9,4.2,13.0,,No,57.3,Not Placed
STU08951,Male,CSE,6.3,91.1,6.0,4.0,20.0,72.3,No,84.4,Placed
STU04034,Female,Mechanical,4.1,84.1,4.1,,16.0,66.7,Yes,63.6,Placed
STU06379,Male,IT,4.6,79.8,7.8,4.6,10.0,64.3,Yes,66.2,Placed
STU08550,Female,CSE,3.8,88.3,6.5,4.3,19.0,81.0,Yes,72.7,Placed
STU06387,Female,Mechanical,,82.1,6.3,5.1,20.0,69.4,Yes,64.2,Placed
STU02890,Male,Mechanical,3.1,73.5,6.5,6.5,13.0,60.4,No,56.7,Not Placed
STU01228,Male,Civil,1.1,74.6,6.2,6.4,13.0,64.5,No,57.0,Not Placed
STU06517,Male,IT,3.0,65.6,9.7,5.7,12.0,52.5,Yes,51.3,Not Placed
STU04055,Female,Commerce,3.9,79.8,5.9,,15.0,79.9,No,72.5,Placed
STU05431,Female,IT,3.0,59.7,6.5,7.1,7.0,52.9,No,53.2,Not Placed
STU04067,Female,Commerce,4.2,72.2,7.3,4.6,9.0,50.9,Yes,61.0,Not Placed
STU09799,Female,Civil,5.5,79.4,,5.6,19.0,66.5,No,73.4,Placed
STU02453,Male,Civil,3.2,80.5,8.0,5.6,13.0,63.4,No,58.6,Not Placed
STU07373,Female,Mechanical,2.7,56.8,6.0,4.1,3.0,49.5,No,37.1,Not Placed
STU07983,Female,CSE,4.7,75.5,4.9,2.3,13.0,65.0,Yes,66.1,Placed
STU02698,Female,Mechanical,3.0,70.7,6.0,6.4,12.0,68.6,Yes,48.8,Not Placed
STU09768,Female,Mechanical,1.3,54.7,6.0,3.8,4.0,35.5,Yes,37.5,Not Placed
STU04593,Female,CSE,3.8,76.2,,2.5,13.0,64.2,No,71.7,Placed
STU01423,Female,CSE,3.1,75.2,3.7,5.2,17.0,67.0,No,65.2,Placed
STU00049,Male,Commerce,5.2,87.9,7.9,2.4,16.0,65.3,Yes,74.0,Placed
STU07965,Female,Civil,6.9,91.4,6.4,,14.0,75.2,Yes,75.0,Placed
STU05944,Male,IT,2.1,50.8,5.5,4.9,5.0,22.7,No,23.3,Not Placed
STU05748,Male,IT,2.0,56.5,6.4,5.5,8.0,40.9,Yes,41.8,Not Placed
STU07482,Male,,5.6,91.7,,5.9,14.0,57.8,No,65.0,Not Placed
STU04206,Male,ECE,2.0,74.8,8.1,7.2,8.0,64.8,No,45.0,Not Placed
STU05319,Male,IT,2.2,54.4,9.6,3.8,6.0,,No,38.8,Not Placed
STU06191,Female,Civil,5.8,83.4,6.4,8.0,16.0,62.8,No,66.5,Placed
STU09488,Male,CSE,2.0,55.6,7.8,6.5,7.0,47.1,No,41.4,Not Placed
STU00417,Female,CSE,3.2,85.8,7.7,5.0,14.0,70.2,No,68.8,Not Placed
STU04821,Male,ECE,0.0,47.5,,5.0,7.0,65.0,Yes,49.2,Not Placed
STU00694,Male,Civil,0.8,59.9,6.7,7.5,2.0,31.6,No,26.5,Not Placed
STU02459,Male,CSE,1.0,68.2,6.8,5.7,4.0,50.7,Yes,41.8,Not Placed
STU01426,Male,ECE,1.1,,7.8,5.3,10.0,42.0,No,44.7,Not Placed
STU09237,Female,Mechanical,5.5,95.4,6.8,,12.0,65.1,Yes,69.1,Placed
STU08087,Male,ECE,5.0,79.2,6.6,5.0,18.0,64.1,No,68.2,Placed
STU05988,Male,IT,1.2,64.0,5.8,5.3,13.0,72.7,No,50.7,Not Placed
STU07227,Female,Mechanical,1.0,57.6,8.2,6.4,12.0,53.8,Yes,41.4,Placed
STU08852,Female,ECE,2.3,82.8,8.8,4.5,19.0,67.7,No,70.9,Not Placed
STU07979,Female,CSE,,83.4,8.8,2.7,16.0,73.7,Yes,69.3,Placed
STU05603,Female,ECE,3.8,70.1,6.1,4.3,,63.0,Yes,65.2,Placed
STU03009,Male,IT,4.0,79.4,5.9,6.1,14.0,62.0,No,55.8,Not Placed
STU03293,Male,CSE,2.8,77.4,7.9,3.9,10.0,53.5,No,50.0,Not Placed
STU08294,Female,Commerce,,83.7,5.9,4.8,10.0,63.6,No,61.7,Not Placed
STU04829,Female,Mechanical,4.5,80.8,5.3,5.2,16.0,71.3,No,66.0,Not Placed
STU02764,Male,CSE,2.3,74.3,6.6,3.6,15.0,74.8,Yes,68.8,Placed
STU00604,Male,IT,0.0,63.0,8.1,6.5,9.0,62.5,No,46.0,Not Placed
STU06051,Female,CSE,2.8,58.9,7.5,5.1,8.0,47.7,Yes,52.7,Placed
STU01460,Female,ECE,2.7,78.2,6.7,4.6,13.0,65.1,No,58.4,Not Placed
STU03857,Female,Mechanical,3.1,64.5,7.4,2.8,9.0,40.0,Yes,52.2,Placed
STU05669,Female,Commerce,3.3,72.8,9.2,3.3,14.0,43.4,No,45.9,Not Placed
STU06142,Male,Commerce,5.0,76.0,4.4,4.8,14.0,53.0,Yes,71.8,Not Placed
STU01472,Female,Civil,4.3,95.4,6.4,3.5,17.0,77.1,No,71.1,Placed
STU08747,Female,IT,4.3,86.0,7.5,1.6,16.0,72.6,No,80.8,Placed
STU08867,Male,Mechanical,1.8,76.8,5.7,5.8,16.0,55.7,No,54.4,Not Placed
STU04818,Male,Civil,3.3,71.6,4.5,4.2,,66.7,No,55.3,Placed
STU08865,Male,ECE,,91.1,5.4,4.8,20.0,85.5,No,76.2,Placed
STU03136,Male,Commerce,3.2,57.5,8.0,6.2,9.0,52.1,No,43.7,Not Placed
STU02554,Female,Commerce,2.7,61.9,5.6,5.7,8.0,40.8,No,40.1,Not Placed
STU01578,Male,Civil,6.1,83.0,7.9,2.1,16.0,77.6,No,81.9,Placed
STU09267,Female,CSE,2.1,65.1,5.0,5.5,4.0,32.8,Yes,34.6,Not Placed
STU08033,Female,IT,2.8,82.5,5.3,6.1,11.0,71.2,No,58.7,Placed
STU05441,Male,IT,0.4,74.7,7.7,5.0,16.0,61.6,No,56.4,Placed
STU03973,Female,CSE,3.1,,6.5,2.1,12.0,57.8,No,58.2,Not Placed
STU04775,Female,CSE,0.7,56.3,7.5,5.8,10.0,57.9,No,50.1,Not Placed
STU08792,Male,IT,3.6,67.2,8.6,4.1,16.0,83.3,Yes,76.4,Placed
STU00105,Male,Commerce,2.7,62.5,6.9,7.4,7.0,49.0,No,41.3,Not Placed
STU04896,Male,CSE,3.7,67.5,7.7,6.1,12.0,69.1,No,61.1,Not Placed
STU00183,Female,Commerce,2.5,80.0,7.3,6.3,10.0,52.5,Yes,50.2,Placed
STU09331,Male,ECE,3.1,66.9,6.7,3.4,11.0,45.5,No,53.3,Placed
STU01691,Male,CSE,,85.1,8.1,2.6,17.0,59.0,Yes,71.7,Placed
STU01329,Female,IT,2.5,90.9,,5.1,12.0,47.6,Yes,54.3,Not Placed
STU00881,Male,Commerce,3.0,68.3,6.3,4.9,12.0,60.8,No,44.8,Not Placed
STU08325,Male,Commerce,0.7,68.1,7.1,7.8,10.0,49.7,No,38.2,Not Placed
STU06494,Male,CSE,2.4,75.6,7.6,6.3,12.0,58.3,Yes,52.9,Placed
STU03033,Female,IT,4.1,76.8,7.4,4.2,5.0,49.4,Yes,52.2,Not Placed
STU03052,Male,IT,2.1,77.1,8.7,4.8,12.0,48.8,Yes,44.9,Not Placed
STU08296,Male,CSE,2.5,75.3,6.6,,10.0,53.9,No,39.8,Not Placed
STU09056,Female,ECE,3.2,68.0,6.2,4.6,,60.8,No,51.1,Not Placed
STU06509,Female,CSE,5.9,69.9,9.3,7.8,13.0,58.3,No,64.2,Placed
STU00732,Female,CSE,6.2,82.4,6.9,2.7,17.0,54.7,No,70.6,Placed
STU05032,Male,ECE,6.1,83.9,6.7,4.3,17.0,74.3,No,67.6,Placed
STU08705,Female,CSE,2.4,74.9,6.9,7.4,7.0,55.2,No,47.5,Not Placed
STU05386,Male,CSE,3.8,64.6,6.5,6.0,,80.1,No,61.3,Placed
STU08208,Male,Mechanical,3.3,70.6,7.1,6.6,9.0,59.4,No,52.5,Not Placed
STU07033,Male,IT,4.3,77.1,6.3,1.8,15.0,,No,62.8,Placed
STU01606,Male, Commerce ,6.2,78.5,5.8,3.7,20.0,71.7,No,74.8,Placed
STU05150,Female,CSE,2.2,67.0,4.3,4.5,11.0,58.9,Yes,40.8,Not Placed
STU04387,Female,CSE,2.8,65.1,5.4,5.1,10.0,66.7,No,49.8,Not Placed
STU07987,Female,Civil,4.0,74.3,6.9,5.5,,54.2,No,60.6,Not Placed
STU01105,Male,IT,4.0,69.4,6.8,4.5,11.0,54.1,No,50.6,Not Placed
STU07540,Male,Mechanical,3.3,78.9,8.3,3.9,16.0,66.1,No,67.1,Placed
STU08239,Female,IT,3.5,70.6,6.7,4.8,14.0,58.5,Yes,58.8,Placed
STU09856,Male,Civil,,57.8,6.6,5.8,10.0,58.8,Yes,43.4,Not Placed
STU08167,Male,ECE,2.1,79.1,8.0,5.2,11.0,66.8,No,54.7,Not Placed
STU02298,Female,Civil,2.9,94.5,6.6,1.2,12.0,38.2,Yes,61.2,Placed
STU01701,Male,IT,0.2,58.1,7.9,7.1,11.0,52.1,No,42.0,Not Placed
STU06310,Female,CSE,2.1,75.8,7.4,5.0,12.0,41.3,Yes,50.6,Not Placed
STU02088,Male,Mechanical,1.9,69.2,7.7,4.5,8.0,46.7,Yes,41.5,Not Placed
STU01538,Female,IT,2.1,70.2,4.4,3.9,6.0,44.0,Yes,38.4,Not Placed
STU01732,Female,CSE,6.2,87.0,6.4,5.0,17.0,54.2,Yes,69.8,Placed
STU04611,Male,CSE,2.4,68.6,9.4,4.1,10.0,53.3,No,50.7,Not Placed
STU00677,Male,Mechanical,2.0,95.4,6.6,4.6,19.0,80.8,Yes,72.6,Placed
STU03220,Female,CSE,5.1,78.1,5.7,0.6,17.0,79.5,No,74.3,Placed
STU04301,Male,CSE,3.4,76.5,8.3,5.0,12.0,48.6,No,55.9,Not Placed
STU03824,Female, ECE ,4.1,84.7,6.9,3.9,10.0,74.3,Yes,72.6,Placed
STU02967,Female,CSE,4.2,78.7,5.1,1.1,16.0,75.9,Yes,70.5,Placed
STU01748,Female,IT,5.5,79.2,5.5,4.2,17.0,59.0,No,74.5,Placed
STU01713,Male,CSE,4.6,91.8,7.2,5.3,18.0,70.9,Yes,82.2,Placed
STU02077,Male,CSE,3.8,72.2,7.1,7.6,16.0,58.7,No,58.1,Not Placed
STU05466,Male,Civil,4.9,72.4,5.2,2.9,11.0,68.4,Yes,67.4,Placed
STU01528,Male,Commerce,3.6,86.2,8.1,5.9,11.0,61.6,No,64.7,Not Placed
STU01284,Male,Civil,3.3,78.1,9.2,3.3,13.0,62.0,Yes,52.6,Placed
STU03025,Female,CSE,2.4,68.3,8.1,4.3,14.0,54.1,No,50.5,Not Placed
STU05317,Female,CSE,4.5,75.2,8.6,2.8,14.0,70.1,No,64.5,Not Placed
STU01922,Female,CSE,6.0,91.4,5.9,1.6,15.0,62.6,Yes,75.4,Placed
STU03940,Female,Civil,2.5,83.2,7.0,3.0,20.0,79.2,No,83.0,Placed
STU02758,Male,CSE,4.8,85.3,6.3,5.0,14.0,53.9,No,68.7,Placed
STU05567,Male,Mechanical,1.3,72.7,7.7,4.9,16.0,,No,63.6,Not Placed
STU02826,Male,Commerce,3.4,69.3,6.4,5.2,15.0,63.0,No,54.6,Not Placed
STU09012,Male,Mechanical,2.1,71.3,6.9,4.2,12.0,46.4,Yes,49.2,Not Placed
STU06282,Female,Commerce,4.6,92.6,6.5,3.4,20.0,89.8,Yes,83.0,Placed
STU02608,Male,ECE,2.0,78.2,8.0,2.2,12.0,49.9,No,60.7,Not Placed
STU01370,Male,Civil,3.9,81.6,,,17.0,56.4,No,65.6,Not Placed
STU02854,Female,CSE,4.6,88.5,6.3,3.5,10.0,65.0,No,67.0,Not Placed
STU07997,Male,ECE,7.8,94.3,7.5,3.9,20.0,89.2,No,90.4,Placed
STU01529,Male,ECE,4.7,61.3,6.8,5.7,6.0,34.9,Yes,47.4,Not Placed
STU08910,Female,IT,1.0,61.3,6.7,5.5,4.0,39.1,No,38.3,Not Placed
STU03218,Male,CSE,3.7,83.1,6.7,2.8,15.0,55.1,Yes,69.8,Placed
STU09249,Female,Mechanical,4.1,85.4,8.4,4.5,14.0,85.9,No,69.1,Placed
STU02046,Female,ECE,3.0,66.9,7.4,1.6,6.0,57.2,No,46.9,Not Placed
STU06836,Male,ECE,4.0,89.4,6.0,4.9,10.0,60.4,No,66.1,Not Placed
STU00343,Female,Commerce,3.1,70.2,7.3,4.3,13.0,61.8,No,66.9,Not Placed
STU05855,Male,IT,3.0,56.8,6.4,5.2,9.0,51.3,Yes,36.6,Not Placed
STU00391,Female,ECE,0.3,33.9,7.9,5.0,2.0,39.7,No,28.9,Not Placed
STU09699,Male,CSE,5.1,88.4,6.4,3.4,13.0,47.5,No,66.3,Placed
STU00610,Female,CSE,3.3,74.4,6.7,3.2,17.0,58.9,Yes,66.0,Placed
STU01454,Female,CSE,3.4,81.7,5.8,3.5,16.0,61.8,Yes,67.8,Placed
STU01039,Male,CSE,5.7,86.7,5.6,2.9,17.0,75.2,Yes,68.3,Placed
STU08894,Female,it,5.9,78.5,7.1,2.1,15.0,72.5,Yes,70.6,Placed
STU08304,Male,cse,6.8,87.6,6.1,4.7,15.0,,Yes,69.9,Placed
STU01450,Male,ECE,,75.8,6.9,3.3,15.0,52.6,No,58.5,Not Placed
STU02938,Female,Commerce,2.8,73.9,5.6,6.6,16.0,72.5,Yes,57.4,Placed
STU01772,Female,ECE,4.1,82.5,7.4,3.9,13.0,,Yes,70.6,Not Placed
STU06301,Female,Commerce,3.9,90.4,7.2,3.9,20.0,73.9,No,77.4,Placed
STU08269,Female,Civil,1.6,57.7,6.6,6.5,10.0,62.8,No,46.1,Not Placed
STU05065,Female,CSE,2.9,76.0,7.4,2.3,10.0,74.7,Yes,59.8,Not Placed
STU00405,Male,ECE,4.5,95.5,8.2,4.2,16.0,78.4,No,80.6,Placed
STU07679,Male,ECE,3.1,67.1,7.6,3.8,13.0,59.0,Yes,52.3,Not Placed
STU05217,Male,CSE,4.2,81.3,6.3,2.5,11.0,59.5,No,53.6,Placed
STU01622,Female,Commerce,3.8,79.5,6.4,7.3,12.0,63.1,Yes,69.7,Placed
STU04950,Male,Civil,6.0,96.0,,4.7,14.0,74.6,No,71.0,Placed
STU09069,Female,Mechanical,3.6,66.8,7.7,5.4,5.0,36.5,No,48.6,Not Placed
STU06499,Male,Commerce,4.7,75.7,6.3,,18.0,66.1,No,65.9,Placed
STU02636,Female,Mechanical,4.2,86.0,7.2,4.1,18.0,85.3,No,81.6,Placed
STU09300,Female,IT,4.6,75.6,5.9,4.8,12.0,66.2,Yes,72.7,Placed
STU09352,Female,Mechanical,4.2,80.1,8.0,7.3,18.0,69.7,No,75.6,Placed
STU08542,Female,Commerce,3.9,74.3,7.2,4.0,7.0,52.2,No,51.2,Not Placed
STU00133,Male,CSE,4.5,84.2,8.1,4.2,19.0,,No,69.0,Placed
STU08010,Male,CSE,0.9,61.9,7.7,7.0,8.0,50.3,Yes,48.7,Not Placed
STU00362,Female,Civil,6.1,86.5,6.4,2.9,19.0,65.2,No,69.2,Placed
STU04700,Male,CSE,,85.3,6.4,5.1,12.0,61.0,No,58.6,Not Placed
STU00329,M,Mechanical,0.0,43.1,6.9,6.5,4.0,51.7,Yes,28.2,Not Placed
STU07310,Male,Commerce,1.5,63.7,7.2,4.8,11.0,59.9,No,53.1,Not Placed
STU07412,Male,Commerce,2.6,64.2,6.7,4.1,12.0,44.9,No,49.7,Not Placed
STU04062,Female,Mechanical,2.6,71.7,6.2,4.5,16.0,68.9,No,63.2,Not Placed
STU01381,Male,ECE,4.4,,6.7,4.6,11.0,71.3,No,65.5,Not Placed
STU02605,Female,CSE,3.7,84.4,5.8,1.9,20.0,74.9,No,76.8,Placed
STU04374,Female,CSE,3.0,80.8,6.7,6.3,18.0,92.4,Yes,71.8,Placed
STU00168,Male,Mechanical,5.6,70.8,6.9,4.3,14.0,79.3,No,68.4,Not Placed
STU04969,Female,CSE,2.5,75.9,6.9,4.6,12.0,64.9,Yes,53.8,Not Placed
STU02695,Female,ECE,3.6,83.5,7.7,3.7,20.0,72.6,No,77.6,Placed
STU09739,Female,ECE,3.5,79.3,7.2,4.0,14.0,44.6,Yes,59.4,Placed
STU02344,Male,ECE,19.9,80.5,7.5,5.6,13.0,66.0,Yes,60.3,Placed
STU01959,Female,Civil,3.7,71.9,6.9,6.4,9.0,67.3,No,53.8,Not Placed
STU04170,Male,CSE,3.0,85.7,7.4,7.1,15.0,61.6,Yes,65.5,Placed
STU06264,Male,Civil,3.0,67.9,5.7,6.9,10.0,50.9,No,50.6,Not Placed
STU08031,Female,ECE,6.6,94.5,4.8,8.3,15.0,85.4,Yes,72.5,Placed
STU02497,Female,ECE,4.4,81.4,6.5,5.0,17.0,63.7,No,56.6,Not Placed
STU08956,Female,Commerce,1.2,61.0,8.5,3.8,4.0,34.9,No,45.2,Not Placed
STU07325,Female,Mechanical,3.7,96.7,4.4,3.3,20.0,73.5,Yes,72.6,Placed
STU01700,Female,CSE,2.3,69.8,,3.8,13.0,60.4,No,59.8,Not Placed
STU04458,Female,CSE,5.9,80.5,7.5,4.4,10.0,59.5,No,65.4,Placed
STU07330,Male,Mechanical,6.1,87.9,7.9,4.2,14.0,70.2,No,77.3,Placed
STU07056,Male,IT,20.0,61.1,7.6,6.5,11.0,32.9,Yes,34.6,Not Placed
STU03531,Female,CSE,3.0,82.1,7.5,3.4,20.0,83.8,No,80.4,Placed
STU00723,Female,CSE,1.2,60.3,6.4,7.3,7.0,42.9,No,31.9,Not Placed
STU07591,Female,Civil,1.8,70.9,6.1,3.4,9.0,55.3,Yes,58.8,Placed
STU09456,Female,IT,3.8,91.7,10.0,4.4,17.0,63.6,No,71.9,Placed
STU02751,Female,CSE,6.0,75.9,8.3,4.1,9.0,76.3,No,68.1,Placed
STU08124,Male,CSE,3.7,74.5,6.0,5.2,9.0,,Yes,51.0,Not Placed
STU04628,Male,Commerce,4.3,78.3,7.1,5.6,18.0,69.1,No,70.6,Placed
STU02163,Male,Civil,2.9,85.3,7.2,4.9,20.0,78.7,Yes,73.7,Placed
STU09484,Male,CSE,2.8,83.4,6.7,5.3,17.0,65.8,No,70.4,Placed
STU06485,Male,Mechanical,3.7,77.9,6.5,,15.0,76.8,No,71.4,Placed
STU07444,Female,IT,3.5,69.9,9.3,4.4,10.0,37.0,Yes,43.8,Not Placed
STU02986,Male,CSE,4.5,68.1,7.0,5.6,8.0,43.6,Yes,52.6,Not Placed
STU06276,Male,Mechanical,5.1,69.0,6.7,5.2,12.0,64.8,Yes,67.2,Not Placed
STU07812,Male,Commerce,5.7,66.9,6.5,4.3,12.0,49.3,Yes,66.8,Placed
STU07946,Female,Commerce,1.0,66.8,7.8,9.0,11.0,59.2,No,50.6,Not Placed
STU06589,Female,IT,2.1,62.2,7.5,7.3,10.0,44.1,Yes,43.3,Not Placed
STU05433,Female,CSE,4.1,65.9,5.6,5.0,8.0,49.5,Yes,41.2,Not Placed
STU06101,Female,CSE,4.5,81.0,9.2,5.9,13.0,64.3,No,56.6,Not Placed
STU07694,Female,IT,4.0,94.6,5.5,4.8,17.0,67.2,Yes,65.8,Placed
STU06340,Male,IT,2.0,79.9,6.5,7.2,17.0,68.2,No,64.8,Placed
STU07601,Male,Commerce,3.5,71.6,6.8,1.7,14.0,69.5,No,68.2,Placed
STU08639,Female,Commerce,5.4,64.4,7.3,2.9,12.0,51.0,Yes,65.0,Placed
STU00756,Female,Mechanical,5.0,75.1,8.8,4.6,17.0,71.4,No,71.7,Placed
STU00316,Female,IT,3.5,71.9,8.1,2.8,14.0,59.9,No,66.3,Not Placed
STU09454,Female,IT,5.9,82.0,6.7,4.7,20.0,70.6,Yes,82.2,Placed
STU02651,Male,IT,2.9,65.1,7.6,4.2,8.0,45.6,No,45.9,Not Placed
STU07296,Female,Mechanical,3.0,71.0,6.0,1.9,14.0,66.5,Yes,61.7,Placed
STU00215,Female,CSE,2.8,72.9,,4.2,10.0,,No,61.9,Placed
STU02257,Female,CSE,4.1,72.2,5.0,3.7,15.0,65.8,No,47.8,Not Placed
STU05107,Female,Commerce,7.1,86.8,7.8,3.0,19.0,68.9,No,78.3,Placed
STU02137,Male,CSE,5.0,84.0,5.7,5.4,18.0,62.6,No,63.9,Placed
STU08814,Male,IT,4.3,78.2,7.8,5.9,14.0,67.3,No,69.3,Placed
STU02174,Male,Commerce,2.9,64.7,5.5,5.2,10.0,49.0,No,53.5,Not Placed
STU03939,Male,CSE,,,6.1,4.2,11.0,70.8,No,63.8,Not Placed
STU06269,Male,Mechanical,4.1,78.5,7.2,7.5,14.0,55.7,No,59.2,Not Placed
STU08027,Male,CSE,5.4,81.2,7.6,,16.0,80.1,Yes,83.1,Placed
STU07145,Male,IT,2.9,86.1,7.0,4.5,13.0,53.8,No,61.8,Placed
STU04433,Male,ECE,4.4,83.1,6.7,4.1,17.0,79.9,No,78.0,Placed
STU01510,Male,IT,4.3,73.0,6.5,6.2,14.0,58.0,No,57.4,Not Placed
STU01309,Male,CSE,2.5,53.5,,8.0,3.0,29.9,No,37.8,Not Placed
STU00747,Male,ECE,5.2,93.8,5.8,3.1,19.0,91.4,No,98.0,Placed
STU07921,Male,Mechanical,3.7,70.3,8.3,2.5,14.0,55.3,No,66.2,Not Placed
STU05526,Male,Civil,3.5,59.5,7.3,5.9,7.0,38.2,No,39.9,Not Placed
STU05130,Female,Commerce,4.9,84.4,5.6,,13.0,60.0,Yes,72.6,Placed
STU05101,Male,CSE,2.0,64.8,5.8,6.4,8.0,47.1,No,41.4,Not Placed
STU08036,Male,CSE,1.2,60.3,5.4,6.1,7.0,46.7,No,39.4,Not Placed
STU01887,Female,CSE,1.8,64.3,7.2,3.4,12.0,52.2,No,48.5,Not Placed
STU08665,Female,IT,6.0,86.3,7.7,3.7,16.0,63.5,No,79.7,Placed
STU07173,Female,ECE,3.9,75.3,8.3,4.9,9.0,66.2,No,54.2,Placed
STU02495,Male,IT,5.8,88.0,6.2,3.2,18.0,66.5,Yes,83.4,Placed
STU06738,Female,ECE,4.3,75.5,6.0,3.6,13.0,81.3,No,67.7,Placed
STU05462,Male,CSE,3.6,72.3,6.9,6.2,13.0,63.5,No,63.5,Not Placed
STU05614,Female,Commerce,3.6,77.8,7.3,1.3,18.0,79.4,No,79.7,Placed
STU05192,Male,Mechanical,2.7,,8.0,5.2,16.0,66.4,Yes,59.3,Placed
STU04413,M,CSE,4.6,82.7,6.3,2.8,14.0,72.2,Yes,69.5,Placed
STU02973,Male,CSE,0.9,70.9,7.6,5.4,13.0,45.9,No,46.8,Not Placed
STU00290,Female,CSE,0.5,67.3,7.0,3.5,11.0,57.0,No,49.7,Not Placed
STU01802,Male,Civil,5.7,89.2,6.7,0.2,14.0,67.2,No,86.7,Placed
STU06966,Male,IT,9.5,83.1,6.5,5.0,,60.5,Yes,84.2,Placed
STU02883,Female,CSE,4.2,82.5,6.1,4.8,16.0,68.1,No,62.7,Placed
STU09066,Male,Civil,2.6,86.0,7.6,5.6,14.0,74.6,Yes,69.9,Placed
STU03182,Male,ECE,3.4,,5.4,5.7,8.0,36.4,No,50.8,Not Placed
STU08427,Female,ECE,3.2,84.6,6.9,6.8,16.0,61.0,No,62.7,Not Placed
STU03638,Female,CSE,4.2,95.1,6.3,2.0,18.0,80.7,Yes,88.2,Placed
STU01059,Male,IT,5.0,68.7,5.4,1.7,13.0,66.2,Yes,65.8,Placed
STU07361,Female,ECE,1.3,72.6,7.3,5.5,13.0,44.8,No,40.4,Not Placed
STU03667,Male,mechanical,4.0,68.3,7.0,2.9,12.0,59.0,No,54.5,Not Placed
STU07684,Male,,2.6,61.2,6.5,4.2,5.0,39.2,No,35.3,Not Placed
STU04627,Female,CSE,6.5,79.4,5.7,4.2,18.0,51.2,No,74.4,Not Placed
STU08133,Male,CSE,0.0,56.4,5.4,6.5,7.0,46.8,No,28.5,Not Placed
STU01343,Male,Mechanical,4.8,83.7,5.5,6.0,13.0,60.8,No,61.9,Not Placed
STU09813,Female,Civil,5.4,82.6,5.7,2.4,9.0,46.1,No,57.5,Placed
STU02051,Female,Commerce,4.0,92.3,4.9,3.5,17.0,63.7,Yes,67.0,Placed
STU02833,Female,ECE,7.6,86.6,7.2,2.4,19.0,,No,91.2,Placed
STU06158,Female,CSE,2.8,,5.4,6.5,12.0,45.2,No,44.6,Not Placed
STU06287,Male,CSE,5.6,81.9,9.0,3.2,16.0,81.0,No,75.7,Placed
STU00074,Male,ECE,3.5,74.4,6.9,4.4,13.0,65.3,Yes,62.2,Not Placed
STU01490,Female,Commerce,2.4,53.0,7.0,,13.0,58.0,No,51.9,Not Placed
STU08091,Male,CSE,5.9,96.9,7.2,1.7,20.0,71.3,No,85.3,Placed
STU00826,Female,Commerce,3.6,79.8,6.5,4.9,13.0,71.3,Yes,66.3,Placed
STU04417,Female,CSE,2.9,86.1,7.5,1.3,18.0,93.8,No,86.4,Placed
STU07332,Male,ECE,,90.7,8.0,3.6,20.0,82.9,No,87.4,Placed
STU04082,Female,CSE,,70.6,5.3,6.4,15.0,72.0,Yes,59.4,Placed
STU00493,Male,CSE,2.7,65.8,5.3,5.0,12.0,62.4,No,58.3,Placed
STU00736,Male,Commerce,4.0,66.7,5.7,3.4,15.0,55.5,No,58.5,Not Placed
STU08623,Female,Civil,5.2,67.1,5.9,6.3,13.0,62.5,Yes,56.5,Not Placed
STU03570,Male,IT,1.9,71.0,6.4,4.4,13.0,76.1,Yes,57.2,Placed
STU09180,Male,CSE,3.3,81.8,5.5,6.1,14.0,68.0,No,52.2,Not Placed
STU08084,Male,IT,3.4,68.7,6.5,,11.0,46.9,Yes,51.0,Not Placed
STU00650,Female,ECE,4.4,83.1,8.4,3.1,11.0,38.4,Yes,47.9,Not Placed
STU07571,Male,IT,0.3,45.5,6.6,6.6,2.0,33.0,Yes,32.0,Not Placed
STU06623,Female,CSE,3.3,72.1,7.9,0.2,18.0,80.4,Yes,84.7,Placed
STU05133,Female,Commerce,3.3,84.1,7.3,3.0,16.0,60.8,No,57.9,Not Placed
STU03465,Male,Civil,2.9,78.2,7.8,3.7,17.0,71.0,Yes,70.1,Placed
STU06202,Male, IT ,2.5,58.6,8.3,3.4,11.0,42.2,Yes,47.7,Placed
STU02749,Male,IT,2.5,73.2,9.3,4.3,14.0,58.7,No,54.9,Not Placed
STU04352,Female,IT,3.8,61.5,,4.2,10.0,49.1,No,45.3,Not Placed
STU06946,Male,IT,5.9,82.2,6.9,3.8,14.0,63.5,No,73.0,Placed
STU06131,Male,IT,2.3,70.9,6.7,7.2,10.0,,No,43.1,Not Placed
STU06834,Male,CSE,2.9,65.6,5.6,5.3,9.0,50.0,No,48.7,Not Placed
STU04699,Male,Civil,4.5,92.7,5.7,3.6,17.0,73.2,No,71.2,Not Placed
STU04222,Female,CSE,4.1,78.9,8.2,1.5,17.0,69.9,No,80.3,Placed
STU04529,Female,ECE,4.1,71.8,9.1,5.6,7.0,57.9,No,48.9,Not Placed
STU02355,Female,Mechanical,1.0,47.4,8.4,6.5,6.0,38.7,Yes,32.9,Not Placed
STU06923,Female,CSE,2.8,81.2,6.9,1.9,11.0,53.6,No,62.9,Not Placed
STU04045,Female,Commerce,2.0,66.4,6.8,5.3,9.0,55.3,Yes,46.8,Not Placed
STU03760,Male,IT,1.8,63.9,7.8,6.8,7.0,44.6,No,40.1,Not Placed
STU07334,Male,CSE,6.3,95.0,6.5,0.7,20.0,90.8,No,96.4,Placed
STU00774,Female,Commerce,3.8,88.4,6.0,2.7,20.0,73.0,No,78.8,Placed
STU00026,Male,Commerce,3.4,71.5,7.0,5.4,9.0,,No,55.3,Not Placed
STU09416,Male,ECE,3.7,83.9,8.4,2.1,10.0,55.6,No,66.3,Not Placed
STU03087,Male,CSE,3.9,70.3,5.8,4.8,8.0,52.9,No,51.5,Not Placed
STU02058,Male,CSE,1.9,,6.7,5.9,4.0,40.6,No,38.4,Not Placed
STU05235,Male,IT,1.1,78.3,8.2,5.3,9.0,53.2,No,45.9,Not Placed
STU07226,Female,CSE,3.7,73.0,3.6,4.8,16.0,65.8,No,62.0,Placed
STU03873,Male,CSE,5.6,64.3,7.4,3.3,6.0,62.5,Yes,67.9,Placed
STU06712,Female,IT,1.7,60.1,7.4,2.7,10.0,46.6,No,49.6,Not Placed
STU02923,Female,IT,3.6,70.2,8.0,5.0,8.0,50.6,No,51.7,Not Placed
STU03391,Female,Commerce,3.4,66.4,7.1,5.0,7.0,64.4,Yes,57.9,Placed
STU03059,Female,IT,0.7,70.9,5.9,6.9,12.0,,No,50.2,Not Placed
STU05201,Male,Civil,3.6,67.3,7.4,5.4,15.0,54.9,No,52.8,Not Placed
STU09545,Male,Mechanical,5.0,76.2,6.6,3.0,10.0,67.0,No,66.8,Not Placed
STU07564,Female,IT,2.9,80.9,6.5,3.6,12.0,56.7,No,57.5,Not Placed
STU08813,Male,CSE,5.2,91.3,7.6,4.0,17.0,60.1,No,70.6,Placed
STU04179,Female,IT,0.0,66.3,6.7,3.8,7.0,35.3,No,33.9,Not Placed
STU02367,Female,ECE,2.4,85.8,6.2,6.1,18.0,82.2,No,67.8,Placed
STU00658,Female,ECE,4.7,81.5,6.6,4.9,,72.9,Yes,69.8,Placed
STU09299,Female,Commerce,5.2,74.8,7.6,2.4,9.0,51.5,No,59.1,Not Placed
STU01786,Male,Commerce,7.5,98.4,5.8,1.3,16.0,67.3,No,90.2,Placed
STU09452,Female,IT,1.4,72.7,7.9,5.9,13.0,56.9,No,62.9,Placed
STU07517,Female,IT,3.7,84.4,7.3,4.9,18.0,58.7,No,65.6,Placed
STU09786,Male,IT,,75.8,6.9,4.4,11.0,68.1,No,56.6,Placed
STU09861,Male,Commerce,1.7,76.4,6.3,6.4,14.0,62.6,Yes,55.7,Placed
STU09009,Male,Mechanical,3.3,48.2,6.6,7.0,6.0,44.2,Yes,39.2,Not Placed
STU07509,Female,ECE,1.4,62.2,6.1,6.0,8.0,52.0,No,39.2,Not Placed
STU05288,Male,Mechanical,3.7,82.7,5.7,3.2,12.0,45.2,No,51.9,Not Placed
STU09785,Female,ECE,6.4,100.0,,5.5,20.0,78.7,No,86.2,Placed
STU05954,Male,CSE,2.0,90.7,7.2,6.3,15.0,66.8,No,62.2,Not Placed
STU09254,Female,CSE,3.2,82.8,8.1,2.9,16.0,60.9,No,66.7,Placed
STU07981,Male,CSE,2.9,62.1,6.6,5.7,6.0,52.2,No,45.2,Not Placed
STU06349,Female,Commerce,,93.6,6.8,5.1,,65.2,No,64.7,Not Placed
STU06386,Male,IT,3.6,93.9,5.9,2.5,18.0,69.6,No,77.3,Placed
STU06213,Male,IT,6.2,80.0,6.5,3.9,20.0,72.9,No,74.0,Placed
STU05852,Female,Commerce,4.8,87.0,4.9,2.3,17.0,,No,75.9,Placed
STU09443,Female,Commerce,2.4,66.5,6.4,2.8,11.0,56.4,No,57.9,Not Placed
STU00910,Male,CSE,3.3,68.6,7.5,6.0,12.0,61.1,Yes,61.4,Placed
STU05842,Female,ECE,4.7,82.5,8.2,2.6,16.0,67.1,Yes,71.8,Placed
STU04937,Male,CSE,5.1,68.4,6.2,3.8,10.0,64.4,No,55.6,Not Placed
STU01979,Male,CSE,3.0,81.0,5.6,1.9,20.0,66.0,No,67.1,Placed
STU00933,Male,CSE,4.3,86.1,6.8,4.2,17.0,80.4,Yes,71.7,Placed
STU04835,Male,Civil,0.0,61.9,6.8,3.9,7.0,43.8,No,35.6,Not Placed
STU01975,Male,Civil,4.2,64.5,4.7,4.3,6.0,54.0,No,47.8,Not Placed
STU01946,Female,Civil,0.8,62.4,6.9,6.2,10.0,44.6,Yes,37.6,Not Placed
STU06928,Female,Mechanical,3.5,81.2,8.8,4.3,12.0,52.8,Yes,59.6,Placed
STU01421,Male,CSE,5.5,72.8,8.0,5.1,8.0,61.6,Yes,67.1,Placed
STU01537,Male,IT,3.4,81.7,6.7,5.1,17.0,72.3,Yes,59.4,Placed
STU05585,Male,CSE,5.1,65.5,7.5,3.0,13.0,59.1,No,70.4,Not Placed
STU07337,Male,CSE,3.9,90.7,7.7,3.9,17.0,83.5,No,77.5,Placed
STU07698,Male,ECE,2.1,73.3,7.3,3.1,12.0,85.5,Yes,67.1,Placed
STU05027,Female,Commerce,1.3,63.7,6.6,5.2,12.0,68.5,No,51.0,Not Placed
STU07712,Female,Commerce,4.9,88.9,7.8,3.9,18.0,80.4,No,71.2,Placed
STU05709,Male,Civil,4.3,73.5,7.5,3.0,13.0,76.3,No,65.9,Not Placed
STU00226,Male,Civil,3.2,83.4,6.1,8.3,16.0,71.9,Yes,70.7,Placed
STU05661,Female,Commerce,1.9,87.2,,5.4,17.0,64.4,Yes,65.4,Placed
STU01031,Male,CSE,4.1,87.2,6.6,6.4,17.0,74.6,No,66.2,Placed
STU01072,Male,ECE,4.7,76.6,6.4,,12.0,49.7,Yes,54.0,Placed
STU06877,Female,ECE,4.0,71.3,5.4,3.5,15.0,45.8,Yes,58.8,Not Placed
STU02557,Female,Mechanical,0.9,63.6,7.5,6.9,5.0,41.8,Yes,49.0,Not Placed
STU05063,Female,IT,2.9,65.7,6.4,2.4,7.0,49.2,Yes,50.7,Placed
STU06396,Male,IT,2.3,68.0,6.4,5.9,9.0,,Yes,54.4,Placed
STU05194,Male,Mechanical,2.2,71.2,8.4,5.6,15.0,75.5,Yes,67.3,Placed
STU08205,Female,CSE,5.9,90.6,7.0,3.5,18.0,78.0,No,83.9,Placed
STU08532,Female,ECE,5.9,80.5,7.5,4.3,14.0,69.9,No,70.0,Placed
STU01350,Female,,1.7,75.8,7.3,5.8,12.0,61.9,Yes,49.8,Not Placed
STU03407,Male,Commerce,5.1,82.4,5.3,2.6,14.0,60.0,Yes,67.3,Placed
STU09228,Male,Mechanical,4.8,64.3,7.4,3.9,9.0,47.4,Yes,54.1,Not Placed
STU08095,Male,IT,3.5,69.6,7.1,6.3,6.0,36.7,No,48.1,Not Placed
STU09048,Female,Mechanical,8.3,99.7,7.2,0.2,20.0,100.0,Yes,100.0,Placed
STU06381,Female,Commerce,2.4,60.1,8.9,3.3,8.0,68.0,Yes,53.3,Not Placed
STU03562,Female,ECE,4.5,72.3,8.7,4.1,12.0,58.9,No,61.8,Not Placed
STU02766,Female,ECE,5.1,71.9,6.2,5.0,10.0,57.1,No,53.1,Not Placed
STU09527,Male,CSE,4.9,66.3,5.7,6.3,13.0,55.8,No,53.4,Placed
STU02493,Male,IT,3.3,89.0,6.3,3.0,13.0,73.9,Yes,69.7,Placed
STU06870,Male,IT,4.7,91.7,7.6,0.9,18.0,73.1,Yes,81.0,Placed
STU06935,Female,ECE,4.9,87.0,6.2,3.6,19.0,78.3,Yes,76.9,Placed
STU06491,Male,CSE,6.1,94.9,6.7,2.3,20.0,66.2,No,85.2,Placed
STU01126,Male,IT,3.2,62.0,6.3,3.9,13.0,50.8,Yes,57.5,Not Placed
STU00244,Female,Civil,2.3,62.9,6.4,5.5,6.0,43.9,No,49.0,Not Placed
STU07329,Female,CSE,3.3,73.9,5.5,4.3,13.0,59.1,No,45.6,Not Placed
STU02013,Male,Civil,6.4,73.9,6.0,1.2,16.0,71.8,Yes,67.3,Placed
STU08309,Male,Civil,2.2,80.7,5.8,3.6,12.0,50.0,Yes,51.5,Not Placed
STU06737,Male,CSE,6.3,91.5,7.6,0.2,18.0,80.3,No,90.0,Placed
STU09092,Male,Commerce,4.9,85.4,6.3,2.4,15.0,73.0,No,68.4,Not Placed
STU05794,Female,CSE,3.7,90.4,7.7,3.3,17.0,78.7,No,76.0,Placed
STU01217,Female,CSE,3.9,61.5,5.8,4.5,8.0,38.1,Yes,37.0,Not Placed
STU09301,Male,ECE,3.7,76.7,4.1,5.4,16.0,62.7,Yes,66.9,Placed
STU05342,Female,CSE,4.4,72.1,6.4,7.0,10.0,66.4,No,63.8,Not Placed
STU02959,Male,CSE,3.4,77.1,6.7,6.2,17.0,62.5,Yes,68.3,Placed
STU03350,Female,IT,5.2,72.2,6.8,5.5,13.0,47.7,Yes,66.5,Placed
STU06268,Female,Commerce,2.2,78.3,8.3,3.8,16.0,65.1,No,58.3,Placed
STU08482,Male,Commerce,6.0,74.7,7.0,4.5,13.0,55.9,No,60.6,Not Placed
STU04364,Male,CSE,1.8,69.4,7.5,3.1,12.0,58.1,Yes,55.7,Placed
STU09200,Female,Mechanical,1.7,61.1,9.3,6.0,,62.4,No,44.2,Not Placed
STU09705,Male,Commerce,3.2,86.6,5.0,5.5,18.0,72.7,Yes,72.1,Placed
STU07338,Male,CSE,0.4,77.1,5.9,6.3,,49.0,No,35.8,Not Placed
STU00283,Male,Civil,4.3,87.6,6.6,1.4,14.0,70.3,No,71.9,Placed
STU07800,Female,CSE,3.2,64.7,7.4,4.8,12.0,,Yes,48.3,Placed
STU08098,Male,Commerce,,65.2,5.1,6.8,12.0,,No,43.4,Not Placed
STU08075,Male,Commerce,5.3,90.6,6.0,2.2,19.0,90.7,No,89.5,Placed
STU04403,Female,ECE,1.8,65.7,5.8,3.5,9.0,,Yes,42.0,Not Placed
STU08461,Female,it,3.8,78.4,7.7,,8.0,62.6,Yes,61.4,Placed
STU03439,Female,Civil,4.4,75.2,9.6,4.5,12.0,58.2,Yes,64.8,Placed
STU04157,Female,ECE,3.8,77.8,7.1,4.5,16.0,63.3,No,70.1,Placed
STU07868,Male,Commerce,3.3,62.5,6.6,2.4,10.0,47.2,No,51.5,Not Placed
STU06724,Female,CSE,0.0,58.7,6.8,6.1,7.0,53.9,No,47.3,Not Placed
STU02679,Male,Mechanical,2.5,67.0,7.0,5.8,5.0,39.6,Yes,35.8,Not Placed
STU05785,Male,Commerce,3.5,87.5,6.2,3.4,13.0,62.6,No,68.4,Placed
STU03077,Male,IT,2.0,77.9,6.5,4.2,16.0,74.4,No,70.2,Placed
STU04552,Male,ECE,2.3,69.3,6.8,3.3,12.0,44.7,No,58.9,Not Placed
STU09888,Female,CSE,6.5,99.7,4.9,3.0,17.0,81.7,No,91.9,Placed
STU02153,Male,Mechanical,3.5,73.8,5.6,3.2,7.0,52.8,No,51.3,Not Placed
STU03703,Female,IT,4.1,73.5,5.2,4.1,11.0,62.4,No,59.3,Placed
STU07763,Male,ECE,1.9,66.8,,,7.0,56.5,No,42.5,Not Placed
STU07060,Female,CSE,2.6,,,2.8,11.0,66.8,No,63.3,Not Placed
STU01195,Female,ECE,3.9,92.2,6.6,2.9,20.0,90.2,No,80.0,Placed
STU02942,Male,Commerce,6.7,86.2,7.7,3.0,19.0,79.5,Yes,75.7,Placed
STU03111,Male,CSE,2.3,78.1,7.9,8.2,13.0,62.7,No,50.6,Placed
STU04194,Female,Civil,5.1,81.5,7.5,5.2,11.0,51.5,No,55.8,Not Placed
STU09601,Male,CSE,1.9,80.8,7.5,5.3,16.0,72.2,No,71.6,Placed
STU05331,Male,CSE,4.5,93.4,7.3,0.7,18.0,66.4,Yes,78.6,Placed
STU04554,Male,CSE,2.0,84.2,5.9,4.3,14.0,60.3,Yes,53.2,Placed
STU08119,Male,CSE,1.2,53.7,7.0,4.2,8.0,36.5,Yes,34.7,Not Placed
STU05272,Female,IT,4.4,,6.6,7.2,20.0,76.7,Yes,67.1,Placed
STU02471,Male,CSE,2.5,87.1,5.6,5.4,10.0,57.6,Yes,49.7,Placed
STU08970,Female,ECE,2.1,51.7,6.9,4.5,9.0,44.3,No,45.0,Not Placed
STU05640,Female,CSE,4.4,83.7,6.3,0.5,15.0,60.8,No,72.8,Placed
STU01491,Male,Commerce,0.7,77.5,6.2,3.1,9.0,49.5,Yes,49.3,Placed
STU06152,Male,CSE,3.3,65.2,9.2,4.1,9.0,75.8,Yes,63.8,Placed
STU05820,Male,IT,,66.5,7.7,6.5,10.0,72.7,No,43.6,Placed
STU03797,Female,Civil,,58.1,6.8,6.0,10.0,31.3,No,44.1,Not Placed
STU01078,Female,CSE,6.2,97.4,7.8,4.8,20.0,97.3,Yes,96.3,Placed
STU00369,Female,CSE,2.3,80.9,7.8,7.0,19.0,72.3,No,68.9,Placed
STU02519,female,Mechanical,2.7,56.0,8.9,4.7,8.0,72.0,No,48.7,Not Placed
STU03814,Male,Mechanical,2.5,71.8,5.7,5.7,12.0,63.1,No,53.9,Not Placed
STU09047,Female,CSE,4.0,82.9,7.5,2.7,17.0,76.1,No,75.3,Not Placed
STU08253,Male,CSE,3.7,91.1,,4.6,12.0,61.5,No,60.6,Not Placed
STU04659,Male,Commerce,1.4,69.2,6.4,4.2,11.0,55.8,No,45.2,Not Placed
STU03692,Male,ECE,5.7,,5.0,3.8,13.0,64.0,Yes,67.8,Not Placed
STU08864,Male,CIVIL,2.4,71.1,7.2,5.3,8.0,56.7,Yes,51.8,Not Placed
STU03643,Male,CSE,2.8,77.6,7.4,4.3,11.0,52.6,No,64.8,Placed
STU05120,Male,IT,2.8,93.0,6.7,4.4,18.0,86.3,No,77.4,Placed
STU00824,Female,IT,2.3,57.6,7.3,5.2,5.0,46.5,Yes,42.9,Not Placed
STU00700,Female,ECE,4.3,87.0,8.5,6.2,13.0,,No,51.7,Not Placed
STU08172,Male,ECE,2.0,74.4,7.7,4.0,6.0,63.3,No,46.8,Not Placed
STU06545,Female,CSE,3.2,70.8,7.9,2.3,11.0,48.8,No,65.1,Placed
STU09937,Female,CSE,4.5,79.7,,6.3,17.0,62.3,Yes,60.7,Placed
STU01380,Male,CSE,4.0,71.0,8.3,3.8,14.0,89.4,Yes,78.1,Placed
STU06547,Male,Commerce,3.3,77.1,8.5,3.4,13.0,55.6,No,65.2,Not Placed
STU03027,Female,CSE,3.0,82.1,6.1,0.4,16.0,68.3,No,76.2,Placed
STU04249,Female,ECE,3.7,70.5,7.8,6.0,9.0,53.8,No,55.2,Not Placed
STU03426,Male,IT,3.8,81.0,7.5,2.1,16.0,65.0,No,75.3,Placed
STU05472,Female,IT,1.3,62.3,7.4,6.3,,51.5,Yes,53.5,Not Placed
STU00229,Male,Commerce,5.1,68.5,6.9,6.4,8.0,53.4,No,54.1,Not Placed
STU08247,Female,ECE,4.2,,6.5,3.9,11.0,73.2,Yes,68.9,Placed
STU03491,Female,IT,3.5,72.1,6.2,5.0,12.0,53.1,No,53.3,Not Placed
STU09167,Male,CSE,1.8,67.1,5.2,4.5,11.0,58.0,No,49.6,Not Placed
STU02473,Male,CSE,3.7,82.9,7.7,3.9,16.0,80.9,Yes,78.0,Placed
STU01954,Female,CSE,0.0,50.8,6.1,9.2,12.0,50.7,Yes,38.5,Placed
STU09800,Male,Civil,2.5,67.1,5.7,5.4,7.0,52.5,No,44.6,Not Placed
STU03632,Female,Civil,3.5,93.3,7.6,2.5,15.0,72.0,No,73.3,Placed
STU07167,Male,IT,6.6,90.2,7.3,3.7,20.0,64.9,Yes,82.7,Placed
STU02260,Male,CSE,,91.3,7.6,2.8,15.0,71.0,No,86.3,Placed
STU08462,Male,Mechanical,2.7,,6.6,3.6,13.0,71.8,No,58.1,Placed
STU08757,Male,Mechanical,5.0,80.4,8.1,,15.0,59.9,Yes,67.9,Placed
STU08524,Male,ECE,4.3,70.1,8.8,,12.0,50.1,Yes,54.7,Placed
STU09319,Female,Mechanical,2.1,65.0,6.7,3.8,14.0,81.5,No,64.3,Placed
STU09622,Female,ECE,3.1,63.5,7.4,2.5,15.0,58.0,No,62.3,Not Placed
STU03102,Female,CSE,1.9,66.1,7.3,3.1,8.0,70.1,Yes,65.9,Not Placed
STU09011,Female,Mechanical,3.8,87.4,8.6,5.6,18.0,89.2,Yes,78.4,Placed
STU05232,Male,Mechanical,0.0,53.2,4.8,3.4,6.0,52.7,Yes,26.8,Not Placed
STU03120,female,ECE,1.6,66.0,6.2,2.7,8.0,42.6,No,44.4,Not Placed
STU00931,Female,IT,5.5,69.0,5.6,4.6,15.0,66.5,No,69.6,Not Placed
STU01599,Female,Commerce,3.5,82.7,6.4,4.6,19.0,74.9,Yes,82.3,Placed
STU04808,Male,ECE,3.1,64.6,3.1,4.6,13.0,51.8,No,43.7,Not Placed
STU06148,F,CSE,3.5,65.6,6.1,6.2,12.0,43.8,No,50.7,Not Placed
STU07364,Female,Mechanical,3.7,83.7,8.3,0.5,17.0,84.7,No,77.7,Placed
STU06691,Female,ECE,1.8,76.0,6.9,2.3,11.0,58.5,Yes,54.5,Not Placed
STU04369,Male,Civil,4.3,69.5,6.3,3.7,15.0,65.4,Yes,65.5,Placed
STU05536,Female,ECE,0.0,63.1,9.2,2.6,7.0,41.4,No,37.7,Not Placed
STU02187,Female,Civil,3.8,81.8,9.0,4.6,17.0,62.1,No,56.1,Not Placed
STU06479,Male,cse,2.2,67.9,7.0,6.3,6.0,46.2,No,40.2,Not Placed
STU03417,Female,CSE,3.7,73.8,7.2,4.8,7.0,73.6,No,61.6,Placed
STU05517,Female,Civil,5.1,,4.3,2.4,17.0,64.9,No,63.9,Placed
STU02947,Female,ECE,4.8,85.4,7.4,2.0,18.0,80.0,Yes,87.1,Placed
STU01377,Female,Commerce,0.9,72.9,7.0,6.6,19.0,69.3,Yes,60.9,Placed
STU05965,Male,ECE,6.5,93.6,5.9,2.8,19.0,69.0,Yes,85.0,Placed
STU04906,Female,CSE,5.0,83.0,,5.8,17.0,74.1,No,76.8,Not Placed
STU06719,Female,IT,2.6,50.6,7.6,6.1,4.0,29.3,No,35.5,Not Placed
STU00058,Male,Mechanical,7.1,100.0,,2.9,18.0,82.6,No,83.4,Placed
STU05349,Male,CSE,2.4,69.1,6.0,4.1,15.0,76.4,Yes,60.6,Placed
STU09851,Female,Mechanical,3.6,73.0,7.8,3.9,10.0,60.1,No,51.7,Not Placed
STU05922,Male,CSE,5.5,90.4,5.6,4.4,15.0,81.9,No,73.1,Placed
STU06070,Male,CSE,3.3,75.1,8.2,5.3,8.0,40.5,Yes,49.3,Not Placed
STU02064,Female,CSE,2.2,74.9,6.1,5.6,15.0,77.9,Yes,51.9,Not Placed
STU07495,Female,ECE,2.4,69.4,6.3,6.9,13.0,59.8,No,48.7,Not Placed
STU06137,Female,ECE,2.9,67.7,6.3,6.2,7.0,51.4,No,43.7,Not Placed
STU09766,Female,Civil,0.2,59.6,6.9,8.1,9.0,45.1,Yes,35.7,Not Placed
STU03225,Male,ECE,4.3,83.8,8.5,4.8,16.0,61.0,No,67.7,Placed
STU04117,Female,ECE,1.9,70.1,6.9,1.8,16.0,86.3,Yes,80.5,Placed
STU02371,Female,IT,,,5.5,5.1,11.0,46.0,No,47.0,Not Placed
STU06046,Female,Mechanical,4.1,79.3,7.4,8.1,12.0,60.4,No,57.1,Not Placed
STU04113,Male,ECE,1.6,70.9,6.0,6.3,10.0,46.1,Yes,35.3,Not Placed
STU07252,Female,CSE,5.5,82.7,7.5,5.4,12.0,64.6,Yes,70.5,Placed
STU02277,Female,IT,0.2,63.1,6.7,7.4,8.0,42.2,No,33.6,Not Placed
STU08763,Female,ECE,4.9,89.3,7.3,1.2,19.0,77.3,No,83.1,Placed
STU01794,Male,CSE,2.7,81.8,4.5,5.4,17.0,59.2,No,57.9,Not Placed
STU05858,Male,Mechanical,4.3,68.7,7.8,3.2,7.0,48.8,No,53.1,Not Placed
STU08067,Male,ECE,3.0,88.4,6.2,5.1,15.0,57.6,Yes,61.5,Placed
STU02266,Male,CSE,8.0,80.9,6.2,1.8,20.0,,Yes,91.8,Placed
STU04114,Male,Civil,3.7,80.8,7.1,3.8,15.0,71.5,Yes,60.9,Placed
STU06205,Female,ECE,4.1,68.8,7.6,,14.0,58.0,No,66.3,Not Placed
STU09635,Female,CSE,2.5,70.1,7.1,2.3,13.0,70.4,Yes,59.3,Placed
STU03185,Female,CSE,4.9,91.2,5.9,4.4,16.0,63.9,No,66.5,Placed
STU00042,Female,Commerce,3.8,70.9,8.9,3.7,14.0,77.0,Yes,66.7,Placed
STU05118,Male,Mechanical,5.6,79.5,7.0,5.5,11.0,58.4,No,67.1,Not Placed
STU00839,Female,ECE,7.0,94.5,5.7,1.4,17.0,70.8,No,77.1,Placed
STU05780,Female,Mechanical,5.0,77.3,3.0,4.4,11.0,47.3,No,47.7,Not Placed
STU05642,Female,Mechanical,2.9,64.6,7.8,5.6,7.0,35.5,No,46.4,Not Placed
STU02183,Female,Civil,3.8,76.6,6.2,2.9,6.0,39.7,No,34.4,Not Placed
STU01730,Male,CSE,2.9,62.5,7.5,5.6,11.0,43.7,No,46.1,Not Placed
STU04684,Male,IT,1.8,66.0,6.2,2.3,10.0,60.8,No,54.0,Not Placed
STU08481,Male,Commerce,3.5,76.7,6.2,5.7,18.0,50.1,Yes,65.1,Placed
STU08024,Female, Commerce ,2.8,67.0,6.5,5.3,12.0,53.6,No,57.4,Not Placed
STU03759,Female,ECE,3.8,84.0,8.4,2.5,15.0,68.5,Yes,66.4,Placed
STU08518,Female,Mechanical,5.3,79.8,7.9,5.2,16.0,52.0,Yes,63.8,Placed
STU02971,Female,CSE,4.6,87.0,6.5,2.1,12.0,,No,62.1,Placed
STU05251,Male,,2.9,73.9,7.7,6.0,13.0,69.3,No,58.3,Placed
STU03191,Female,IT,3.9,79.0,4.9,1.8,11.0,44.8,No,47.6,Not Placed
STU09177,Female,Civil,1.2,80.7,6.9,4.8,11.0,57.8,No,49.6,Not Placed
STU02080,Male,Civil,2.1,72.3,4.9,7.5,11.0,47.7,No,42.9,Not Placed
STU06086,Female,Commerce,2.3,,3.3,6.0,7.0,52.7,Yes,35.5,Not Placed
STU01765,Female,Commerce,5.2,70.8,6.3,6.2,11.0,,No,45.8,Not Placed
STU04810,Male,CSE,1.9,67.7,5.7,2.7,12.0,69.0,Yes,59.8,Placed
STU06026,Male,CSE,2.6,59.1,8.3,5.1,15.0,58.5,No,46.7,Not Placed
STU03538,Male,CSE,4.3,64.9,,2.1,10.0,52.7,No,65.7,Not Placed
STU00196,Male,Civil,2.7,63.8,8.5,6.5,8.0,52.3,No,43.4,Not Placed
STU02017,Female,Civil,2.9,69.0,7.7,2.3,12.0,67.5,Yes,59.0,Placed
STU06059,Female,ECE,3.8,72.6,8.1,6.1,13.0,59.7,No,63.5,Not Placed
STU01448,Male,Civil,5.8,83.4,6.4,4.0,13.0,72.0,Yes,71.3,Placed
STU04265,Female,Mechanical,1.8,70.2,7.2,3.6,13.0,51.5,Yes,57.4,Not Placed
STU00094,Male,Civil,3.2,88.3,7.1,2.7,14.0,59.4,No,53.1,Not Placed
STU02327,Male,Mechanical,2.9,70.5,7.2,6.9,9.0,36.4,No,42.9,Not Placed
STU01645,Male,Mechanical,1.7,63.2,6.8,4.8,7.0,46.6,Yes,44.2,Not Placed
STU09261,Male,Commerce,4.8,80.9,9.5,4.5,13.0,68.4,No,65.8,Placed
STU03152,Male,CSE,1.6,64.9,5.0,5.3,11.0,57.9,No,56.9,Not Placed
STU06024,Male,Commerce,4.5,87.4,7.1,3.3,14.0,72.4,No,68.4,Not Placed
STU03412,Male,Mechanical,2.7,55.1,6.5,8.9,3.0,46.2,Yes,34.0,Not Placed
STU00773,Female,Civil,4.4,81.8,6.3,1.3,15.0,74.3,No,77.3,Placed
STU06356,Male,cse,4.1,69.4,6.4,4.4,14.0,52.3,Yes,65.6,Not Placed
STU02623,Female,IT,5.1,89.7,6.0,2.1,16.0,77.9,Yes,85.7,Placed
STU05129,Male,Mechanical,5.1,66.0,6.8,3.2,11.0,58.2,No,61.5,Not Placed
STU04130,Male,ECE,3.9,76.7,6.2,4.9,13.0,45.3,No,50.4,Not Placed
STU01988,Female,Commerce,5.0,80.7,7.6,4.2,4.0,47.7,No,61.3,Not Placed
STU00475,Male,CSE,5.3,90.4,6.4,5.8,17.0,69.5,Yes,70.0,Placed
STU03154,Female,CSE,3.8,82.7,5.8,4.5,15.0,55.3,No,53.2,Not Placed
STU03466,Male,IT,5.8,95.2,4.2,4.4,20.0,82.5,No,88.5,Placed
STU00398,Male,IT,4.5,76.4,4.7,7.6,15.0,57.1,Yes,55.4,Not Placed
STU09718,Male,CSE,1.8,69.4,5.2,5.2,8.0,54.6,No,36.4,Not Placed
STU02944,Female,Commerce,1.3,62.6,6.4,5.2,12.0,57.9,No,44.6,Not Placed
STU04466,Female,IT,2.6,67.2,7.3,6.6,15.0,66.5,No,59.0,Placed
STU06665,Male,CSE,3.3,86.8,5.0,3.8,8.0,60.5,No,48.6,Not Placed
STU05853,Male,ECE,3.7,86.3,6.2,4.2,14.0,70.5,No,65.4,Placed
STU02237,Male,CSE,1.8,69.0,5.5,3.9,12.0,63.6,Yes,65.3,Not Placed
STU09652,Female,Civil,3.6,76.2,5.4,3.3,15.0,83.8,No,72.9,Placed
STU09156,Female,ECE,2.4,60.6,5.8,5.7,11.0,58.2,No,49.4,Not Placed
STU02048,Female,ECE,4.2,76.5,6.5,,11.0,72.7,Yes,59.5,Placed
STU08268,Female,CSE,0.7,66.4,6.4,6.1,8.0,43.5,Yes,41.5,Not Placed
STU09112,Male,CSE,3.1,,7.1,4.2,16.0,65.2,Yes,61.8,Placed
STU05892,Male,ECE,6.9,88.6,5.4,5.1,17.0,82.6,No,87.2,Placed
STU08243,Female,Mechanical,0.0,61.0,6.6,2.9,18.0,61.9,No,61.1,Not Placed
STU01766,Male,Civil,2.5,76.1,7.0,2.9,12.0,56.0,No,57.8,Not Placed
STU04813,Female,CSE,3.5,70.9,5.7,4.5,16.0,54.0,No,58.1,Not Placed
STU03217,Male,Mechanical,1.3,,5.4,4.7,,55.3,No,36.6,Not Placed
STU06330,Female,Commerce,3.9,82.4,5.9,6.0,18.0,47.5,Yes,55.5,Placed
STU02221,Female,Commerce,5.0,74.9,6.6,4.4,15.0,51.0,No,69.6,Not Placed
STU01690,Male,IT,5.7,96.8,6.5,3.4,14.0,72.4,No,84.9,Placed
STU06741,Female,ECE,3.3,69.9,7.0,3.1,7.0,51.9,Yes,49.1,Not Placed
STU06842,Male,Mechanical,4.4,60.8,6.2,6.5,8.0,47.2,No,50.3,Not Placed
STU07616,Female,Commerce,3.9,60.0,7.2,5.2,14.0,62.7,Yes,56.8,Not Placed
STU06200,Male,Commerce,5.6,87.5,6.2,4.1,14.0,72.7,Yes,75.3,Placed
STU06117,Male,IT,3.8,74.1,7.0,5.8,12.0,,No,56.2,Placed
STU03139,Female,Civil,5.8,,7.9,6.1,16.0,62.7,Yes,72.8,Placed
STU09883,Male,CSE,3.6,67.9,6.8,3.3,10.0,52.1,No,61.1,Not Placed
STU09464,Male,Commerce,3.7,96.6,6.0,4.5,20.0,83.5,Yes,87.1,Placed
STU01239,Female,Civil,2.6,77.1,6.5,4.7,19.0,73.2,No,62.3,Placed
STU07658,Male,ECE,1.1,55.6,5.6,4.9,8.0,55.1,Yes,43.5,Not Placed
STU09083,Female,Commerce,1.4,81.5,6.0,5.0,12.0,66.9,No,64.5,Placed
STU08828,Female,IT,4.4,95.5,5.6,2.3,,69.9,Yes,68.5,Placed
STU02514,Female,CSE,5.6,84.6,5.8,3.3,15.0,57.5,No,63.8,Placed
STU08344,Male,CSE,3.2,60.6,4.8,5.6,,56.8,No,43.4,Not Placed
STU02463,Male,CSE,3.0,76.2,6.6,5.4,11.0,64.3,Yes,57.2,Not Placed
STU09540,Male,Civil,5.5,83.1,8.1,2.3,15.0,70.8,No,76.7,Placed
STU01837,Male,IT,2.3,76.9,7.7,7.4,16.0,60.7,No,52.6,Not Placed
STU09241,Male,CSE,3.4,74.6,6.8,3.8,8.0,49.2,No,49.8,Not Placed
STU07356,Female,Commerce,1.1,54.0,5.6,5.2,6.0,56.1,Yes,35.3,Not Placed
STU05799,Female,IT,3.1,73.3,6.7,4.5,7.0,50.8,Yes,49.4,Placed
STU00161,Male,CSE,2.6,68.3,7.9,6.2,8.0,51.2,No,41.9,Not Placed
STU03633,Male,IT,2.9,,7.1,4.2,9.0,48.5,No,46.1,Not Placed
STU08661,Male,ECE,4.0,77.6,7.4,4.6,11.0,50.4,No,56.9,Not Placed
STU01972,Male,Civil,3.2,69.1,6.0,5.3,12.0,54.6,Yes,54.2,Placed
STU09780,Female,CSE,0.0,52.6,8.3,4.9,5.0,38.6,Yes,34.4,Not Placed
STU03931,Male,Mechanical,1.9,68.7,6.4,6.3,12.0,,Yes,44.8,Not Placed
STU03861,Female,Commerce,2.1,79.1,7.6,4.8,7.0,39.7,No,46.3,Not Placed
STU04546,Male,Commerce,2.4,69.6,7.2,2.8,16.0,68.7,Yes,68.7,Placed
STU07425,Female,Mechanical,3.0,68.3,7.6,5.7,13.0,68.8,Yes,59.9,Placed
STU03092,Female,CSE,3.0,75.9,5.6,5.2,9.0,44.2,No,47.7,Not Placed
STU05371,Female,IT,3.4,75.9,6.7,5.1,15.0,58.3,Yes,54.3,Not Placed
STU05829,Female,Commerce,4.9,65.5,6.9,6.6,14.0,65.0,No,58.9,Not Placed
STU07876,Female,IT,3.3,72.8,7.5,4.1,17.0,79.5,Yes,73.0,Placed
STU03557,Female,IT,3.0,77.3,5.3,6.5,16.0,63.2,Yes,51.0,Placed
STU09255,Male,ECE,3.6,73.0,6.5,4.5,13.0,48.5,Yes,51.8,Not Placed
STU09890,Male,Commerce,5.0,67.7,8.0,21.0,11.0,47.0,No,47.4,Not Placed
STU04323,Female,Civil,1.6,56.3,6.9,5.9,6.0,40.8,No,38.8,Not Placed
STU09280,Male,CSE,4.5,66.6,7.3,1.8,13.0,66.1,No,67.0,Placed
STU00445,Female,CSE,2.6,79.9,7.2,2.7,12.0,57.7,No,58.8,Not Placed
STU00641,Male,Civil,1.6,,7.3,2.0,6.0,55.6,No,51.0,Not Placed
STU03372,Male,Civil,1.4,68.7,5.7,4.8,8.0,44.3,No,39.8,Not Placed
STU03257,Female,IT,3.8,53.8,,4.1,9.0,49.4,No,43.5,Not Placed
STU03887,Female,Commerce,1.3,66.9,6.4,7.1,5.0,60.1,No,40.8,Not Placed
STU02607,Female,ECE,4.3,72.8,7.2,8.1,12.0,44.0,Yes,41.2,Not Placed
STU03488,Female,CSE,5.5,82.2,6.2,4.8,12.0,51.1,No,62.3,Not Placed
STU02922,Female,ECE,4.3,82.8,5.1,3.9,15.0,75.6,Yes,68.9,Placed
STU01154,Male,ECE,2.7,86.5,8.5,4.5,12.0,59.0,Yes,58.5,Placed
STU03586,Male,ECE,3.4,81.9,7.0,4.0,19.0,72.9,No,74.4,Placed
STU03589,Female,IT,4.6,69.2,5.5,3.5,6.0,49.8,Yes,51.2,Placed
STU03422,Female,Commerce,2.9,75.9,7.9,3.6,12.0,61.4,Yes,60.9,Not Placed
STU03199,Male,Mechanical,2.6,84.0,7.7,5.2,19.0,81.6,No,71.3,Placed
STU08372,Female,ECE,2.7,62.1,7.4,5.6,13.0,58.4,Yes,48.5,Placed
STU05341,Female,Commerce,3.2,,8.0,7.0,11.0,61.0,Yes,62.8,Not Placed
STU01182,Female,Mechanical,3.4,84.0,7.0,2.7,16.0,68.3,No,67.6,Placed
STU04832,Female,Mechanical,1.5,54.3,8.6,6.4,5.0,30.6,No,19.0,Not Placed
STU00261,Female,Commerce,,69.9,6.0,3.7,14.0,62.3,No,100.0,Not Placed
STU05267,Male,IT,2.6,70.7,8.7,5.6,6.0,41.5,No,40.5,Not Placed
STU00322,Female,Mechanical,3.3,58.7,8.0,3.9,11.0,69.6,Yes,65.7,Placed
STU07413,Male,IT,1.3,62.7,6.5,1.6,7.0,52.1,Yes,47.3,Not Placed
STU08740,male,IT,1.3,79.3,8.1,4.4,12.0,60.2,Yes,49.5,Placed
STU03819,Female,IT,4.5,82.7,5.4,4.1,17.0,73.5,No,67.8,Placed
STU06375,Male,ECE,3.4,77.8,8.6,2.5,14.0,53.3,Yes,65.6,Placed
STU04225,Male,Commerce,3.4,63.5,6.5,4.6,12.0,65.8,No,68.5,Placed
STU00637,Female,CSE,2.5,70.9,7.3,3.7,10.0,53.7,Yes,57.1,Not Placed
STU02469,Male,IT,4.6,94.6,6.7,2.9,16.0,74.3,Yes,68.0,Placed
STU02385,Female,CSE,3.9,94.1,7.7,3.7,19.0,60.3,Yes,70.3,Placed
STU07452,Female,Mechanical,0.8,61.4,7.0,4.8,11.0,34.5,No,35.4,Not Placed
STU00280,Female,Commerce,4.1,67.6,6.6,3.8,12.0,62.0,No,53.0,Not Placed
STU09286,Male,Civil,4.2,77.6,8.3,1.3,13.0,56.4,No,77.2,Not Placed
STU08003,Male,CSE,4.5,82.5,7.6,4.1,20.0,63.4,Yes,77.0,Placed
STU07320,Female,CSE,6.4,76.7,7.0,5.0,12.0,53.8,Yes,68.8,Placed
STU02798,Male,Civil,0.9,75.9,4.8,4.8,11.0,54.7,Yes,50.0,Not Placed
STU01821,Male,CSE,0.0,46.6,7.4,5.2,3.0,32.5,No,27.1,Not Placed
STU09296,Male,CSE,3.4,61.9,5.1,5.3,11.0,61.1,Yes,51.3,Placed
STU07157,Female,IT,6.0,92.2,7.5,4.2,13.0,61.1,Yes,64.8,Placed
STU09279,Male,Mechanical,1.9,64.6,7.3,6.1,12.0,40.7,No,41.4,Not Placed
STU01144,Male,IT,6.7,82.6,8.0,5.9,8.0,69.3,Yes,75.9,Placed
STU01295,Female,Commerce,4.9,84.7,6.5,5.7,12.0,60.1,No,61.1,Not Placed
STU09726,Male,IT,1.8,59.7,6.7,9.3,,38.7,No,25.8,Not Placed
STU07715,Female,Commerce,2.4,72.1,7.2,4.6,12.0,56.8,No,60.2,Not Placed
STU05503,Female,ECE,3.2,66.7,7.4,4.2,13.0,,Yes,48.9,Not Placed
STU00914,Female,ECE,2.0,68.8,7.7,5.2,15.0,41.6,No,45.5,Not Placed
STU03700,Male,CSE,4.5,59.4,,4.7,7.0,49.8,No,56.3,Not Placed
STU06688,Female,Mechanical,3.3,57.7,7.5,,4.0,45.2,No,37.7,Not Placed
STU02841,Male,Commerce,3.0,74.9,9.1,1.7,18.0,52.0,No,63.5,Not Placed
STU09415,Female,CSE,3.6,100.0,7.1,4.1,16.0,81.0,Yes,76.9,Placed
STU00121,Female,CSE,2.6,63.4,5.5,4.6,10.0,69.9,Yes,52.1,Placed
STU04073,Male,ECE,5.2,75.6,8.1,3.4,12.0,56.0,No,65.7,Not Placed
STU02436,Female,IT,1.4,65.8,4.8,3.6,8.0,47.9,No,37.7,Not Placed
STU01587,Male,Commerce,0.0,72.1,8.5,9.0,3.0,46.0,No,26.9,Not Placed
STU08581,Male,Civil,3.9,65.9,8.2,8.5,5.0,47.2,No,47.9,Not Placed
STU07596,Male,CSE,0.9,55.1,6.4,3.6,10.0,48.8,Yes,40.5,Not Placed
STU04134,Female,ECE,1.5,64.1,5.9,6.4,10.0,49.2,Yes,36.8,Not Placed
STU07637,Female,ECE,5.9,100.0,5.3,6.2,20.0,91.5,Yes,88.3,Placed
STU04514,Female,Mechanical,2.9,68.5,8.8,5.4,12.0,57.1,Yes,61.1,Placed
STU00112,Female,CSE,4.0,79.0,7.4,2.3,15.0,74.8,No,67.8,Placed
STU01247,Male,Mechanical,3.5,71.5,6.0,3.8,9.0,66.2,No,48.6,Not Placed
STU03656,Male,CSE,3.5,77.7,5.8,3.1,15.0,73.8,Yes,67.0,Placed
STU09588,Male,Commerce,0.1,55.1,5.9,4.3,14.0,61.2,No,47.9,Not Placed
STU03227,Female,IT,1.3,,6.6,4.4,12.0,65.3,No,57.7,Placed
STU01245,Male,IT,5.2,93.3,5.9,0.4,17.0,78.4,No,78.0,Placed
STU02582,Male,ECE,6.8,90.2,7.6,5.3,16.0,78.2,No,78.9,Not Placed
STU04342,Female,ECE,,,8.0,1.3,16.0,70.8,No,83.1,Placed
STU07557,Male,CSE,4.9,80.0,7.0,,11.0,53.5,No,66.6,Not Placed
STU07400,Male,CSE,2.8,60.9,7.4,5.8,8.0,65.5,No,55.7,Not Placed
STU01848,Female,IT,3.6,64.3,5.7,4.2,7.0,50.1,No,51.5,Not Placed
STU03620,Female,IT,2.5,58.5,6.2,3.9,12.0,62.3,No,53.7,Not Placed
STU09712,Female,Mechanical,,79.6,7.0,3.2,15.0,69.6,No,69.7,Not Placed
STU01296,Female,CSE,2.0,66.6,,6.1,17.0,62.3,No,64.3,Not Placed
STU06498,Female,CSE,6.0,91.0,5.9,3.6,17.0,57.3,Yes,65.2,Placed
STU09843,Male,CSE,3.3,73.8,8.6,6.7,6.0,40.2,No,48.0,Not Placed
STU02772,Male,ECE,3.6,72.6,8.0,2.0,19.0,67.9,No,68.9,Placed
STU03429,Female,IT,4.7,,5.1,3.2,20.0,89.5,Yes,84.5,Placed
STU04290,Male,Mechanical,4.3,98.6,5.7,6.1,17.0,65.5,No,69.7,Placed
STU01727,Female,Mechanical,5.3,71.2,7.6,2.8,10.0,47.3,Yes,59.2,Placed
STU04443,Female,IT,3.8,81.4,6.5,7.0,15.0,68.5,No,57.6,Placed
STU09320,Female,CSE,0.4,59.5,5.1,7.2,6.0,36.2,No,32.4,Not Placed
STU09654,Male,Mechanical,6.2,96.4,6.9,5.8,20.0,79.6,Yes,86.1,Placed
STU00036,Female,IT,3.9,80.1,8.5,4.1,17.0,75.5,No,72.9,Placed
STU03837,Female,Commerce,3.4,90.3,8.7,4.8,17.0,78.4,Yes,74.9,Placed
STU03445,Female,IT,7.2,98.5,7.6,4.3,15.0,76.4,No,80.3,Placed
STU04728,Male,CSE,0.4,70.8,6.6,3.0,8.0,57.9,No,41.2,Not Placed
STU01722,Female,Civil,1.9,74.9,6.8,4.8,7.0,33.0,Yes,40.6,Not Placed
STU07949,Male,Civil,2.2,70.7,7.3,5.5,12.0,45.4,No,46.6,Not Placed
STU09399,Male,ECE,1.8,67.6,7.2,6.3,11.0,58.6,No,49.0,Not Placed
STU02130,Male,Civil,6.1,88.7,4.2,5.2,19.0,75.8,Yes,75.7,Placed
STU00849,Female,Commerce,3.4,74.7,5.3,5.5,10.0,63.0,No,46.2,Not Placed
STU06506,Female,IT,3.5,77.3,6.2,1.4,17.0,73.0,No,59.3,Placed
STU01633,Female,IT,4.9,74.6,6.1,3.1,16.0,53.1,No,60.0,Not Placed
STU01395,F,CIVIL,3.3,68.6,9.2,7.2,9.0,,No,38.6,Not Placed
STU04302,Female,Commerce,4.6,80.9,7.5,7.5,16.0,69.5,No,68.5,Placed
STU03534,Male,Mechanical,5.2,80.9,5.4,5.1,11.0,65.5,Yes,73.3,Placed
STU01619,Female,Commerce,3.5,83.7,5.8,5.8,13.0,60.9,Yes,58.8,Placed
STU05076,Male,ECE,2.1,81.2,4.2,5.4,12.0,55.0,No,53.5,Not Placed
STU02993,Male,IT,3.8,83.5,6.4,6.0,10.0,64.6,No,60.2,Not Placed
STU01896,Male,ECE,2.7,64.9,6.4,3.0,9.0,48.3,Yes,51.7,Not Placed
STU01543,Male,Civil,4.4,85.8,6.4,4.6,18.0,66.0,No,70.7,Placed
STU00680,Male,IT,1.6,74.6,7.1,5.7,8.0,69.5,Yes,54.3,Placed
STU01728,Female,Commerce,4.5,70.2,6.1,6.5,12.0,52.2,No,49.1,Not Placed
STU03812,Male,CSE,4.2,72.6,4.4,1.6,13.0,63.6,No,57.3,Placed
STU07647,Female,CSE,0.5,58.4,6.7,7.3,7.0,33.0,No,29.5,Not Placed
STU09660,Female, Mechanical ,1.9,65.6,5.7,2.4,18.0,84.5,Yes,67.5,Placed
STU00628,Female,Commerce,3.8,81.1,6.4,4.6,,76.9,Yes,73.7,Placed
STU06702,Male,CSE,5.8,96.6,8.1,0.2,19.0,69.8,Yes,82.6,Placed
STU09947,Male,IT,1.0,49.1,6.7,7.5,4.0,42.0,Yes,28.4,Not Placed
STU07650,Male,Mechanical,0.2,60.9,7.5,7.7,6.0,40.9,Yes,39.0,Not Placed
STU05084,Male,ECE,2.8,64.5,5.4,6.6,7.0,72.7,No,55.8,Not Placed
STU08645,Female,CSE,4.0,69.1,8.8,6.0,13.0,63.9,Yes,52.4,Placed
STU03402,Female,Civil,4.9,91.2,5.7,4.3,14.0,,Yes,75.0,Placed
STU03816,Male,ECE,5.4,65.9,7.6,3.4,10.0,51.5,No,67.6,Not Placed
STU08393,Female,CSE,4.6,89.6,4.9,4.1,9.0,50.6,Yes,49.5,Not Placed
STU05095,Female,Commerce,3.1,88.7,6.7,3.0,16.0,52.8,Yes,60.8,Placed
STU00449,Female,CSE,5.7,92.9,5.0,4.9,17.0,75.2,No,75.1,Placed
STU00208,Female,Civil,2.9,70.7,7.1,6.5,10.0,55.5,No,50.1,Not Placed
STU05202,Female,Civil,3.9,68.2,8.2,3.4,12.0,50.9,Yes,53.7,Not Placed
STU05139,Male,Civil,3.8,71.1,5.5,3.7,10.0,40.8,No,52.9,Not Placed
STU04976,Male,IT,3.2,63.1,,3.8,11.0,62.7,Yes,55.6,Not Placed
STU00982,Female,CSE,3.0,64.3,6.6,7.1,6.0,55.2,Yes,48.0,Not Placed
STU08144,Female,Commerce,4.2,78.3,7.9,1.0,17.0,73.8,No,75.7,Placed
STU04751,Female,Commerce,6.4,80.9,7.3,2.5,19.0,76.4,No,89.0,Placed
STU06885,Male,Civil,2.0,75.7,5.6,8.3,16.0,49.5,No,45.9,Not Placed
STU05528,Male,Civil,5.0,,6.2,1.2,15.0,66.5,No,81.4,Not Placed
STU02981,Male,CSE,1.4,80.9,5.1,2.5,15.0,53.7,No,56.9,Not Placed
STU08361,Female,CSE,3.9,89.4,8.6,5.5,11.0,51.2,No,49.7,Not Placed
STU07006,Male,ECE,2.2,81.8,7.7,5.3,13.0,75.2,No,70.8,Not Placed
STU07630,Male,Civil,3.9,80.1,7.2,7.3,9.0,55.2,No,52.1,Not Placed
STU09359,Female,Mechanical,5.2,90.3,4.6,3.4,17.0,71.7,No,71.7,Not Placed
STU05450,Female,CSE,2.9,76.7,7.3,7.0,12.0,63.3,No,61.3,Placed
STU04908,Female,CSE,3.1,73.3,7.6,6.1,12.0,45.4,No,49.2,Not Placed
STU09077,Male,CSE,,64.5,5.3,,11.0,49.4,No,49.2,Not Placed
STU09178,Female,CSE,5.4,68.3,7.3,0.8,16.0,72.6,Yes,80.0,Placed
STU08807,Female,IT,2.6,84.5,7.1,4.4,12.0,49.7,Yes,48.0,Not Placed
STU01267,Female,ECE,3.1,66.6,6.7,4.8,10.0,50.9,No,46.2,Not Placed
STU03477,Female,Commerce,1.1,60.9,8.4,7.1,6.0,34.1,No,31.5,Not Placed
STU02849,Male,Civil,4.9,86.1,6.4,2.9,13.0,59.2,Yes,67.5,Placed
STU07340,Male,CSE,4.5,71.6,6.6,3.8,10.0,51.3,No,57.4,Not Placed
STU09239,Female,ECE,1.9,73.6,9.1,3.8,10.0,50.5,Yes,52.9,Placed
STU01771,Female,CSE,5.9,83.3,6.4,0.7,10.0,53.9,Yes,71.5,Placed
STU08044,Male,Mechanical,0.0,62.9,7.0,6.9,4.0,36.3,No,29.4,Not Placed
STU04623,Male,commerce,2.7,84.8,4.9,7.9,11.0,67.7,Yes,52.1,Placed
STU02020,Female,Civil,3.7,78.0,7.5,3.4,14.0,,No,75.8,Not Placed
STU05651,Male,Mechanical,3.3,70.9,7.5,6.2,12.0,61.1,No,51.8,Not Placed
STU05100,Female,ECE,3.7,74.3,8.3,6.6,11.0,,Yes,46.3,Not Placed
STU05186,Male,CSE,5.3,85.4,7.9,6.2,17.0,58.1,Yes,70.1,Placed
STU08460,Male,Mechanical,4.0,85.6,7.4,6.3,14.0,70.8,No,64.8,Not Placed
STU02974,Male,CSE,2.6,63.3,7.7,4.3,15.0,60.4,No,49.2,Not Placed
STU07583,Male,Commerce,3.6,80.2,7.1,5.1,15.0,80.3,Yes,74.1,Placed
STU01586,Male,ECE,1.2,65.2,5.5,5.2,3.0,41.0,No,38.7,Not Placed
STU09706,Male,CSE,4.4,,6.4,5.9,7.0,55.7,No,53.7,Not Placed
STU07716,Male,Civil,1.6,71.8,7.4,5.8,7.0,55.5,No,44.5,Not Placed
STU09870,Male,CSE,3.1,66.2,5.7,5.1,8.0,43.2,No,44.7,Not Placed
STU09376,Male,IT,2.9,78.0,8.7,1.5,11.0,60.4,Yes,50.0,Placed
STU08758,Male,ECE,4.6,79.0,6.6,1.6,20.0,82.2,No,79.6,Placed
STU01053,Male,Mechanical,5.5,87.0,7.0,19.3,13.0,63.9,Yes,68.9,Placed
STU07693,Male,IT,1.4,69.5,6.2,6.2,5.0,42.2,Yes,35.4,Not Placed
STU06602,Female,Mechanical,1.2,75.0,6.4,5.5,12.0,51.7,No,44.0,Not Placed
STU04534,Female, ECE ,2.6,57.1,7.8,5.9,4.0,39.3,No,30.5,Not Placed
STU06459,Male,Commerce,6.0,85.1,8.1,2.8,17.0,60.0,No,67.9,Not Placed
STU03527,Male,Commerce,3.9,84.1,6.8,3.1,15.0,61.5,No,68.4,Not Placed
STU03050,Female,Civil,4.7,82.8,5.4,2.3,17.0,78.9,No,75.7,Placed
STU06792,Male,ECE,4.7,91.6,,5.3,16.0,70.9,No,64.8,Not Placed
STU02109,Male,CSE,,67.3,6.9,3.4,9.0,46.2,No,50.9,Not Placed
STU01086,Male,IT,4.5,72.9,7.3,,11.0,53.7,No,62.1,Placed
STU08823,Female,Commerce,2.4,83.7,6.6,5.2,11.0,58.0,No,56.9,Not Placed
STU08193,Female,Commerce,2.6,72.5,7.3,,17.0,71.5,Yes,69.1,Placed
STU00767,Male,ECE,3.9,71.2,6.6,4.1,13.0,68.1,No,67.6,Not Placed
STU01747,Female,Mechanical,3.7,73.4,4.8,5.3,15.0,49.7,No,47.0,Placed
STU07453,Male,CSE,3.6,76.0,7.2,5.0,11.0,65.7,Yes,63.1,Placed
STU01009,Female,Commerce,4.0,83.1,7.0,1.8,15.0,61.2,No,70.1,Placed
STU05362,Male,CSE,4.0,81.8,8.7,4.8,14.0,58.9,Yes,68.9,Placed
STU00623,Male,Commerce,3.7,80.6,6.8,5.4,13.0,67.2,No,64.4,Not Placed
STU07654,Male,CSE,2.8,83.4,6.1,4.6,13.0,66.6,No,63.1,Not Placed
STU03929,Male,CSE,4.9,,8.4,0.5,6.0,56.7,No,54.6,Not Placed
STU05768,Male,CSE,4.0,97.7,6.5,3.8,20.0,,No,87.4,Placed
STU05278,Female,Commerce,0.0,62.7,6.9,4.6,11.0,60.7,No,51.4,Not Placed
STU08673,Female,CSE,4.2,,7.8,2.2,13.0,70.6,No,78.5,Placed
STU05854,Male,Commerce,1.6,65.6,7.3,4.9,10.0,38.5,No,38.1,Not Placed
STU04994,Male,ECE,2.4,77.1,9.4,4.4,16.0,,No,50.7,Not Placed
STU03357,Male,Commerce,3.4,66.5,6.7,6.4,11.0,53.0,No,49.4,Not Placed
STU03508,Female,Commerce,4.2,80.8,6.3,4.1,14.0,65.6,No,63.8,Not Placed
STU04895,Female,IT,1.4,72.0,5.9,6.3,6.0,53.7,Yes,42.7,Not Placed
STU06147,Male,Civil,3.4,75.3,7.2,5.1,16.0,49.7,No,53.0,Not Placed
STU06076,Female,Civil,4.8,72.3,6.2,3.9,6.0,33.3,Yes,41.2,Not Placed
STU03431,Female,Commerce,0.1,,6.0,6.6,5.0,36.4,No,23.7,Not Placed
STU08616,Male,CSE,2.6,,7.2,2.6,5.0,48.5,Yes,50.6,Not Placed
STU02792,Male,IT,2.7,74.8,8.6,4.6,20.0,78.4,Yes,77.1,Placed
STU02622,Male,ECE,2.2,80.9,8.3,5.0,11.0,60.6,No,60.3,Not Placed
STU08283,Male,Mechanical,1.9,63.1,6.7,3.5,11.0,58.1,No,60.9,Not Placed
STU07832,Female,CSE,4.6,97.6,7.7,3.5,20.0,88.4,No,87.6,Placed
STU03616,Female,Mechanical,4.5,88.8,7.3,1.7,16.0,59.2,No,71.3,Placed
STU04638,Female,CSE,1.9,75.1,6.6,6.3,11.0,42.6,No,52.1,Not Placed
STU01963,Male,IT,4.3,73.3,6.4,4.1,,62.1,Yes,61.2,Not Placed
STU06088,Female,CSE,4.7,80.3,5.6,3.4,13.0,86.2,No,79.0,Placed
STU06112,Male,IT,4.8,70.1,6.4,,15.0,66.1,Yes,70.0,Placed
STU05378,Female,ECE,3.3,63.3,7.4,6.4,13.0,58.1,Yes,56.2,Not Placed
STU05155,Female,CSE,2.9,68.0,7.4,5.4,14.0,70.3,No,61.2,Not Placed
STU04061,Male,IT,4.2,78.7,7.9,4.1,14.0,63.6,No,57.4,Placed
STU05707,Male,Mechanical,5.2,86.5,5.2,5.6,16.0,86.3,No,72.0,Not Placed
STU04609,Female,Civil,4.7,84.7,7.0,4.1,12.0,47.6,Yes,66.1,Not Placed
STU06827,Male,ECE,0.9,58.2,7.1,7.1,11.0,38.2,No,37.3,Not Placed
STU07445,Female,ECE,2.9,70.4,8.9,4.3,11.0,72.5,No,58.0,Placed
STU03943,Male,Mechanical,1.9,85.7,6.0,5.6,10.0,51.9,Yes,51.3,Placed
STU09577,Female,Mechanical,5.5,97.0,5.7,3.1,15.0,68.0,No,71.1,Not Placed
STU06136,Male,CSE,2.1,72.2,6.7,4.5,13.0,67.3,No,58.7,Not Placed
STU00692,Female,CSE,4.2,72.9,7.8,5.4,9.0,53.0,No,54.9,Not Placed
STU04823,Male,CSE,4.8,93.5,6.2,3.1,20.0,67.1,No,78.5,Placed
STU02480,Female, Commerce ,2.6,72.7,5.3,4.0,15.0,49.4,Yes,48.2,Not Placed
STU01456,Female,ECE,3.4,78.7,6.9,2.1,11.0,73.3,Yes,67.1,Placed
STU05415,Female,CSE,6.2,96.1,6.5,2.4,20.0,73.1,No,83.0,Placed
STU05772,Female,ECE,2.6,83.5,7.9,7.2,15.0,68.4,Yes,61.4,Placed
STU05013,F,CSE,0.7,,3.3,5.6,2.0,36.5,No,32.4,Not Placed
STU09453,Female,ECE,4.2,85.9,6.2,2.2,19.0,87.5,No,84.4,Placed
STU03979,Female,Civil,2.4,78.1,7.3,1.0,15.0,64.6,No,69.5,Placed
STU06859,Male,Mechanical,4.8,100.0,9.1,1.8,20.0,82.2,Yes,75.6,Placed
STU05353,Male,Mechanical,2.3,68.6,6.8,3.2,15.0,76.1,No,66.0,Placed
STU02027,Female,CSE,5.3,77.9,5.4,5.1,14.0,68.3,Yes,65.5,Placed
STU06212,Male,Commerce,3.1,82.8,5.5,2.8,16.0,71.4,No,73.1,Not Placed
STU01601,Female,Commerce,2.4,65.5,7.9,7.2,13.0,71.5,Yes,58.3,Not Placed
STU09380,Male,Mechanical,5.1,82.0,9.1,3.8,12.0,61.5,No,76.7,Not Placed
STU03342,Male,CSE,3.8,77.5,6.9,4.1,16.0,78.2,No,73.2,Placed
STU01049,Male,Civil,3.3,62.7,4.3,4.9,10.0,44.9,No,43.9,Placed
STU06315,Female,ECE,5.0,93.4,4.8,2.8,20.0,84.3,Yes,76.8,Placed
STU09306,Female,IT,3.2,69.9,5.8,4.2,,73.9,No,64.6,Placed
STU06126,Female,ECE,3.4,58.9,6.8,3.2,,40.4,No,50.0,Not Placed
STU06414,Male,Mechanical,1.0,77.9,7.2,3.3,14.0,51.8,No,61.0,Not Placed
STU05200,Female,IT,3.8,73.4,8.0,5.4,9.0,,No,53.5,Not Placed
STU00799,Male,Civil,4.6,80.4,6.0,0.2,18.0,74.0,Yes,83.9,Placed
STU03666,Male,IT,3.5,65.5,8.5,7.6,4.0,44.5,No,36.5,Not Placed
STU02957,Female,Mechanical,2.2,85.8,7.9,5.1,15.0,59.2,Yes,63.6,Placed
STU08637,Male,IT,1.0,65.7,6.5,7.2,12.0,69.8,No,51.8,Not Placed
STU04109,Female,CSE,5.5,86.1,4.5,,20.0,71.3,No,73.9,Placed
STU02729,Male,Civil,5.9,92.4,7.8,2.6,20.0,80.4,Yes,85.1,Placed
STU01311,Female,Mechanical,3.9,66.6,5.7,5.3,6.0,55.9,No,51.5,Not Placed
STU09528,Male,ECE,0.7,75.8,5.7,7.6,11.0,62.8,Yes,46.0,Placed
STU01756,Female,Commerce,3.9,78.2,6.8,3.3,13.0,74.3,Yes,72.0,Placed
STU07796,Male,ECE,3.8,59.0,7.8,3.2,7.0,41.8,Yes,48.7,Not Placed
STU05564,Female,Mechanical,1.2,62.3,7.4,6.5,8.0,37.6,No,31.4,Not Placed
STU03630,Female,CSE,3.1,78.1,,3.3,16.0,65.5,Yes,55.1,Placed
STU06934,Male,Civil,3.1,75.1,7.0,4.8,14.0,64.5,No,64.4,Placed
STU01413,Male,Commerce,2.4,60.7,7.1,2.9,8.0,42.2,Yes,46.7,Not Placed
STU07238,Female,CSE,4.7,80.0,7.4,5.2,12.0,45.5,Yes,61.5,Placed
STU06221,Male,IT,3.5,87.6,9.1,5.0,20.0,65.7,Yes,73.5,Placed
STU05475,Female,Commerce,4.6,87.7,6.8,4.5,14.0,56.7,No,65.0,Not Placed
STU09364,Male,IT,3.2,70.1,7.4,5.4,8.0,50.9,No,46.0,Not Placed
STU01675,Female,ECE,4.1,77.5,8.3,6.3,12.0,49.4,No,54.8,Not Placed
STU08622,Female,Mechanical,,88.5,6.9,5.5,20.0,,Yes,91.9,Placed
STU02940,Female,IT,5.7,85.0,5.8,3.6,13.0,50.0,No,61.8,Not Placed
STU08420,Female,Mechanical,5.5,85.9,5.6,2.0,17.0,64.0,No,72.5,Placed
STU07298,Male,ECE,3.9,65.5,6.6,5.2,9.0,64.7,No,57.6,Not Placed
STU04324,Male,Mechanical,6.6,84.6,7.3,4.5,15.0,57.2,No,79.6,Not Placed
STU06682,Male,CSE,2.6,,5.8,6.8,3.0,39.7,No,35.6,Not Placed
STU05822,Female,Commerce,2.7,70.7,6.2,4.2,8.0,39.6,No,39.6,Not Placed
STU07449,Male,ECE,5.0,82.9,5.8,5.0,19.0,74.1,Yes,79.2,Placed
STU09556,Male,Civil,3.6,93.1,6.1,5.4,20.0,64.2,No,69.0,Placed
STU06752,Female,Commerce,4.9,67.5,8.1,0.9,13.0,64.5,No,72.0,Not Placed
STU08137,Female,Mechanical,3.5,61.9,7.9,4.5,10.0,51.8,No,45.7,Not Placed
STU04221,Female,Commerce,5.8,89.6,7.1,0.2,18.0,83.5,No,99.4,Placed
STU02212,Male,Civil,3.1,84.1,7.4,7.2,13.0,79.6,Yes,64.7,Placed
STU09834,Male,Mechanical,3.5,83.2,7.8,2.5,14.0,41.8,No,57.6,Not Placed
STU07342,Male,Mechanical,5.0,78.2,6.9,3.2,15.0,64.8,Yes,71.9,Placed
STU02076,Female,Civil,2.1,58.9,7.4,4.1,9.0,57.0,Yes,50.4,Not Placed
STU07675,Male,Mechanical,2.6,76.2,7.8,5.8,13.0,63.5,Yes,53.4,Placed
STU07162,Male,ECE,3.7,95.4,6.7,6.0,12.0,64.4,No,68.2,Not Placed
STU08410,Male,Commerce,2.6,68.7,6.7,6.3,9.0,55.4,No,46.6,Not Placed
STU04321,Female,Mechanical,5.0,58.4,,3.3,10.0,50.7,No,48.2,Not Placed
STU09720,Male,Civil,3.2,70.0,6.2,5.8,16.0,55.1,Yes,55.4,Not Placed
STU05789,Female,Mechanical,3.2,67.0,5.3,6.8,10.0,51.4,Yes,38.9,Not Placed
STU08064,Female,Commerce,1.7,73.4,8.0,8.1,17.0,73.8,No,56.1,Not Placed
STU07790,Female,Commerce,2.9,72.6,7.8,6.9,8.0,55.7,Yes,49.8,Not Placed
STU01563,Male,CSE,3.7,71.4,5.5,4.7,,53.8,No,50.7,Not Placed
STU09789,Female,ECE,3.9,76.1,7.1,1.5,14.0,73.7,No,74.3,Not Placed
STU07292,Female,IT,2.5,57.8,7.2,5.6,7.0,53.4,Yes,50.4,Not Placed
STU03463,Female,ECE,2.0,71.2,6.8,7.3,8.0,42.0,No,38.2,Not Placed
STU02498,Male,Civil,2.2,54.3,6.7,4.6,3.0,32.8,No,32.3,Not Placed
STU04375,Male,Civil,2.8,65.8,8.4,4.9,17.0,72.1,Yes,68.8,Placed
STU09251,Female,IT,2.2,91.1,5.6,2.9,19.0,83.0,Yes,79.0,Placed
STU01823,Male,ECE,4.0,90.1,5.4,5.3,20.0,69.8,Yes,69.4,Placed
STU06099,Male,ECE,3.0,80.5,6.9,4.2,15.0,69.9,Yes,59.1,Placed
STU00314,Female,CSE,4.4,75.0,7.1,1.1,14.0,47.8,Yes,67.2,Placed
STU00438,Male,CSE,4.1,57.9,7.2,3.9,10.0,54.4,No,51.7,Not Placed
STU03610,Female,CSE,3.2,81.8,3.6,5.9,15.0,73.9,No,63.0,Placed
STU08128,Male,Commerce,4.2,91.5,7.3,3.0,20.0,65.3,No,72.5,Placed
STU02713,Male,Mechanical,3.4,74.4,7.6,2.3,14.0,48.5,No,63.7,Not Placed
STU09317,Female,Commerce,2.2,65.1,6.5,4.3,9.0,66.3,No,53.5,Not Placed
STU05560,Female,Commerce,4.1,79.8,7.6,6.3,10.0,52.3,Yes,50.9,Not Placed
STU05866,Female,CSE,3.5,72.5,,4.5,8.0,51.1,No,60.8,Placed
STU06342,Male,ECE,2.0,60.3,9.0,4.2,10.0,51.3,Yes,43.8,Not Placed
STU09216,Male,CSE,5.1,85.8,7.8,3.4,20.0,89.3,Yes,84.4,Placed
STU08267,Male,Mechanical,4.0,87.2,7.8,5.4,14.0,74.5,No,64.9,Placed
STU04678,Female,CSE,2.7,82.2,6.6,4.5,14.0,70.3,No,55.3,Not Placed
STU06496,Male,Commerce,0.0,60.6,7.3,6.7,3.0,50.3,Yes,32.2,Not Placed
STU09639,Male,IT,4.2,73.7,5.3,4.6,10.0,62.1,Yes,48.3,Placed
STU00127,Male,Civil,6.1,80.8,6.3,4.7,20.0,78.1,No,93.1,Placed
STU03520,Female,Mechanical,5.4,85.8,7.9,6.0,15.0,80.2,Yes,77.9,Placed
STU08456,Female,Commerce,2.4,83.5,5.2,4.8,17.0,66.9,No,65.6,Placed
STU06140,Female,Commerce,2.9,90.9,5.2,3.8,20.0,89.8,No,75.1,Placed
STU04614,Male,ECE,1.0,66.8,7.0,6.7,10.0,50.8,No,43.1,Not Placed
STU06668,Female,IT,,93.4,7.0,2.8,18.0,79.8,No,84.9,Placed
STU09893,Male,Mechanical,3.5,74.3,,8.6,13.0,65.1,No,68.6,Not Placed
STU06257,Male,Commerce,2.8,64.8,8.6,5.2,9.0,44.2,Yes,49.9,Placed
STU06341,Male,ECE,2.7,70.0,5.5,3.0,11.0,69.9,Yes,58.7,Not Placed
STU02223,Female,Mechanical,4.2,80.0,7.5,4.5,13.0,56.8,No,64.4,Not Placed
STU07888,Female,ECE,,85.4,7.6,7.9,8.0,56.5,No,52.4,Not Placed
STU07124,Female,IT,4.0,,6.0,3.8,15.0,57.6,No,64.8,Not Placed
STU09935,Male,CSE,3.0,77.5,8.7,4.8,11.0,62.3,No,69.9,Placed
STU02419,Female,ECE,4.2,80.8,8.3,5.7,12.0,61.8,No,60.4,Placed
STU01273,Male,ECE,2.5,76.2,7.4,3.7,9.0,57.4,No,55.1,Not Placed
STU00286,Male,Commerce,5.7,71.2,6.0,6.0,10.0,51.3,No,58.1,Not Placed
STU03219,Male,CSE,6.5,91.5,6.9,2.5,20.0,82.5,No,95.0,Placed
STU05943,Female,IT,3.2,68.3,6.0,4.7,13.0,65.3,Yes,57.7,Placed
STU06495,Female,cse,4.2,81.1,7.0,3.7,10.0,85.5,Yes,68.8,Placed
STU08398,Female,ECE,0.8,61.6,5.6,5.1,17.0,52.3,No,54.7,Not Placed
STU07952,Male,ECE,4.4,82.8,5.9,5.5,20.0,79.5,No,85.6,Placed
STU06560,Female,Civil,3.8,77.8,7.4,5.4,13.0,61.4,No,66.8,Placed
STU00172,Female,ECE,2.5,88.2,4.6,6.3,11.0,72.3,No,65.2,Not Placed
STU06467,Male,,,90.4,6.2,6.3,20.0,66.2,No,62.0,Not Placed
STU08136,Male,Commerce,5.6,92.5,,5.1,17.0,62.6,No,69.9,Not Placed
STU08799,Male,Mechanical,5.7,79.6,6.8,3.8,14.0,71.1,Yes,72.0,Placed
STU09145,Male,IT,4.5,91.8,6.0,6.6,19.0,79.1,No,63.2,Placed
STU03515,Male,CSE,3.4,69.3,6.0,4.6,13.0,62.6,No,64.3,Placed
STU07929,Female,CSE,0.7,50.4,6.2,6.1,8.0,33.8,No,34.1,Not Placed
STU00251,Male,ECE,4.7,73.4,6.6,2.4,11.0,56.1,No,59.1,Not Placed
STU01668,Male,Mechanical,3.0,70.6,5.5,6.4,12.0,49.0,Yes,44.8,Not Placed
STU06327,Male,ECE,3.8,77.4,3.7,3.4,9.0,74.0,Yes,61.4,Placed
STU02090,Male,CSE,3.8,,4.6,4.0,13.0,64.0,Yes,65.4,Placed
STU04145,Female,Commerce,3.3,78.5,7.0,1.3,20.0,82.2,No,77.6,Placed
STU06530,Female,Mechanical,1.2,55.8,6.5,6.3,2.0,30.8,No,30.3,Not Placed
STU03971,Male,Civil,0.0,59.3,5.5,8.1,4.0,53.1,Yes,32.8,Not Placed
STU04208,Male,CSE,4.7,65.2,6.3,6.2,14.0,69.8,Yes,60.6,Placed
STU06447,Male,,3.7,87.4,8.2,4.1,18.0,87.4,No,82.5,Placed
STU01465,Male,ECE,1.3,78.7,8.4,4.4,18.0,76.3,Yes,71.4,Placed
STU00613,Male,CSE,0.7,71.9,7.2,9.2,8.0,46.6,No,40.0,Not Placed
STU08257,Female,Commerce,4.5,75.6,8.2,5.4,17.0,68.0,No,65.0,Not Placed
STU02115,Male,Commerce,3.5,90.0,5.9,5.9,15.0,53.0,No,62.8,Not Placed
STU07291,Male,IT,3.0,72.9,5.5,4.4,20.0,78.1,No,66.7,Placed
STU07936,Female,Commerce,4.6,74.3,5.8,7.8,10.0,44.0,No,56.9,Not Placed
STU02752,Male,ECE,3.7,77.2,7.4,4.3,12.0,54.5,No,62.8,Not Placed
STU04769,Male,CSE,1.2,69.7,5.5,6.5,10.0,39.3,No,43.0,Not Placed
STU00882,Male,IT,3.8,81.9,4.2,,16.0,66.9,No,59.3,Placed
STU09247,Male,ECE,2.1,81.6,4.9,5.5,15.0,49.0,No,45.6,Placed
STU06776,Male,Civil,3.0,79.1,5.7,5.0,18.0,74.3,No,75.3,Placed
STU01233,Female,IT,,69.0,8.2,4.2,7.0,44.6,No,52.1,Not Placed
STU01159,Male,CSE,1.9,,7.0,5.6,8.0,35.0,Yes,39.0,Not Placed
STU07165,Male,ECE,2.6,75.8,6.4,4.0,14.0,75.2,Yes,68.4,Placed
STU07407,Female,Civil,1.8,51.1,5.7,8.4,10.0,45.3,No,44.3,Not Placed
STU06325,Female,IT,4.2,80.7,5.9,5.7,17.0,64.2,No,71.9,Placed
STU08127,Male,cse,3.9,96.3,6.1,5.2,19.0,69.8,Yes,62.8,Not Placed
STU04878,Female,CSE,3.8,80.6,,3.2,16.0,60.5,No,67.1,Placed
STU04129,Female,Mechanical,2.6,65.0,7.9,5.3,12.0,62.1,No,57.3,Not Placed
STU06713,Female,CSE,1.9,80.5,6.3,5.8,14.0,58.9,No,58.3,Not Placed
STU07107,Female,ECE,1.7,77.1,6.1,2.4,14.0,67.9,No,55.3,Not Placed
STU01338,Male,Mechanical,1.2,82.0,6.0,4.2,18.0,67.5,No,61.6,Placed
STU06572,Male,Commerce,4.0,78.9,6.7,5.2,19.0,80.2,Yes,72.3,Placed
STU09290,Male,Civil,2.0,81.2,8.3,3.2,14.0,57.2,No,60.6,Not Placed
STU00960,Male,Mechanical,5.4,,6.5,2.7,13.0,64.9,No,70.6,Placed
STU00201,Female,CSE,4.7,84.9,8.0,4.7,13.0,70.2,Yes,70.9,Placed
STU05515,Female,ECE,1.9,65.2,6.8,7.3,12.0,49.4,No,42.5,Not Placed
STU05937,Male,Commerce,0.4,52.1,6.2,7.7,4.0,62.3,Yes,33.8,Not Placed
STU09489,Female,Civil,3.9,87.8,6.0,1.5,13.0,66.3,Yes,69.1,Placed
STU04979,Female,ECE,3.7,87.2,5.9,5.0,15.0,72.5,Yes,60.8,Placed
STU02887,Female,Civil,5.5,88.0,4.8,7.2,14.0,77.5,No,66.8,Not Placed
STU00568,Male,Commerce,2.7,74.4,5.5,5.6,11.0,59.5,No,45.7,Not Placed
STU03425,Male,CSE,6.9,100.0,6.3,3.8,20.0,94.8,No,92.4,Placed
STU07439,Female,IT,,70.2,7.0,2.8,10.0,59.8,Yes,64.9,Placed
STU02711,Female,Mechanical,2.6,78.6,7.5,5.6,11.0,52.5,No,53.7,Not Placed
STU04634,Female,Commerce,1.3,65.1,7.8,5.6,10.0,51.6,No,43.4,Not Placed
STU02583,Male,Mechanical,5.8,69.5,7.7,6.7,11.0,65.4,No,59.6,Not Placed
STU07046,Female,IT,4.3,,6.8,5.0,9.0,69.1,Yes,64.8,Placed
STU00345,Male,ECE,4.1,91.3,6.6,3.5,20.0,76.5,No,68.0,Placed
STU06641,Male,ECE,4.6,71.0,5.5,5.8,14.0,71.5,No,60.2,Not Placed
STU08805,Male,CSE,0.6,67.8,6.4,1.5,15.0,76.3,No,68.7,Placed
STU00573,Female,Mechanical,2.5,73.1,6.2,4.3,10.0,73.1,No,56.3,Not Placed
STU06188,Female,IT,3.7,68.6,4.7,7.0,12.0,62.7,No,45.7,Not Placed
STU06401,Female,Mechanical,6.4,92.0,8.1,2.1,16.0,76.5,No,74.8,Placed
STU06190,Female,CSE,0.5,54.9,6.5,,13.0,45.9,Yes,41.1,Not Placed
STU09005,Female,IT,5.7,91.7,6.7,3.8,15.0,71.4,Yes,71.2,Placed
STU04401,Female,ECE,4.4,72.2,5.8,3.4,9.0,52.2,Yes,52.6,Not Placed
STU09243,Female,ECE,0.4,,,4.7,3.0,45.0,No,43.6,Not Placed
STU08689,Female,Commerce,2.4,61.5,6.9,3.7,,63.0,Yes,64.9,Placed
STU05500,Female,Civil,3.5,70.0,6.7,7.0,13.0,48.1,No,54.7,Not Placed
STU05502,Male,Commerce,0.0,47.5,8.8,5.0,5.0,44.2,No,35.5,Not Placed
STU03956,Female,CSE,2.6,67.1,6.6,6.9,1.0,30.0,No,26.2,Not Placed
STU00374,Male,ECE,4.1,92.8,8.2,3.4,18.0,79.5,No,70.8,Placed
STU06630,Female,ECE,3.4,67.4,7.8,2.7,7.0,59.5,No,62.8,Not Placed
STU04983,Male,IT,2.6,61.9,7.9,5.4,6.0,57.1,No,50.1,Not Placed
STU07052,Male,Civil,2.6,86.6,6.6,3.9,19.0,94.3,Yes,75.2,Placed
STU04167,Male,Mechanical,1.4,55.5,7.2,4.7,7.0,43.8,Yes,43.3,Not Placed
STU00930,Male,ECE,,70.6,7.0,4.8,14.0,53.1,Yes,48.6,Placed
STU09548,Male,CSE,2.3,64.1,7.7,5.6,5.0,38.2,No,40.4,Not Placed
STU04845,Female,Mechanical,2.0,69.9,6.8,6.8,13.0,53.4,Yes,54.0,Placed
STU05439,Male,CSE,2.6,73.1,5.7,4.5,15.0,68.3,No,60.8,Placed
STU01789,Female,Civil,2.6,66.9,6.5,1.6,10.0,62.1,Yes,57.3,Placed
STU00967,Male,CSE,1.7,72.1,8.5,6.1,,48.8,Yes,47.0,Placed
STU06422,Male,ECE,5.1,94.5,6.3,4.8,15.0,73.1,No,75.0,Placed
STU07521,Female,Mechanical,0.0,44.2,6.8,6.4,0.0,32.1,No,19.8,Not Placed
STU06376,Male,Civil,3.0,78.6,6.9,3.3,12.0,57.4,No,67.2,Not Placed
STU02703,Male,commerce,4.3,80.7,8.2,4.6,17.0,62.9,Yes,65.6,Placed
STU08056,Male,Civil,3.8,67.1,8.2,6.4,15.0,65.1,Yes,59.9,Placed
STU08426,Female,Civil,3.1,75.7,5.8,4.1,15.0,78.3,No,68.3,Not Placed
STU01382,Male,ECE,1.8,54.8,8.0,7.3,1.0,43.4,No,24.5,Not Placed
STU03233,Female,Commerce,2.1,60.8,6.0,6.6,11.0,50.0,No,39.7,Not Placed
STU06898,Male,ECE,2.9,59.4,7.2,4.5,7.0,48.9,No,45.5,Not Placed
STU00518,Male,IT,,69.5,5.2,1.6,14.0,58.4,No,71.2,Placed
STU05480,Female,Mechanical,3.6,68.6,5.9,3.9,9.0,64.7,Yes,59.5,Placed
STU00230,Male,CSE,0.4,70.2,7.3,6.2,9.0,63.4,No,48.3,Not Placed
STU09173,Male,Mechanical,2.2,80.1,5.5,5.1,12.0,72.5,No,63.5,Not Placed
STU02176,Female,Mechanical,2.8,74.0,6.9,5.4,13.0,54.6,No,60.7,Not Placed
STU00361,Male,CSE,3.4,67.1,6.9,4.5,7.0,58.5,No,54.0,Not Placed
STU02373,Male,ECE,2.2,68.9,7.7,4.9,17.0,66.7,No,54.1,Not Placed
STU09716,Male,CSE,1.7,78.0,6.4,2.2,13.0,69.3,Yes,61.0,Placed
STU00802,Male,Mechanical,3.2,52.6,8.2,5.2,4.0,45.7,No,48.2,Not Placed
STU06534,Male,Civil,3.1,83.2,7.6,5.5,20.0,92.9,Yes,78.8,Placed
STU02078,Male,Civil,,77.3,7.3,3.1,12.0,66.4,Yes,67.9,Placed
STU04640,Female,CSE,4.3,82.8,6.9,4.2,12.0,61.6,Yes,68.6,Not Placed
STU06650,Female,Mechanical,2.9,57.7,7.0,4.5,7.0,48.4,Yes,55.3,Not Placed
STU01467,Male,IT,3.5,69.1,8.4,4.9,12.0,,No,66.7,Not Placed
STU04409,Female,IT,1.3,69.9,6.8,6.7,11.0,60.5,No,51.9,Not Placed
STU02643,Female,Mechanical,4.8,62.3,7.0,5.5,,48.1,Yes,55.8,Not Placed
STU07874,Male,IT,4.9,,7.4,6.6,14.0,52.8,No,55.4,Not Placed
STU01793,Male,IT,6.3,81.3,,4.5,16.0,55.9,No,72.7,Placed
STU05146,Male,Mechanical,5.6,84.0,6.6,2.8,18.0,55.9,No,66.9,Not Placed
STU01363,Female,ECE,3.8,66.2,7.5,,9.0,,No,48.9,Not Placed
STU07303,Female,CSE,3.0,70.9,6.8,2.5,17.0,64.7,No,66.2,Placed
STU01255,Female,Civil,2.4,70.7,6.4,4.3,16.0,,No,62.2,Not Placed
STU05385,Male,CSE,4.1,83.9,5.4,5.0,18.0,76.3,Yes,69.4,Placed
STU05372,Female,CSE,6.0,,7.7,1.8,12.0,62.3,No,68.7,Placed
STU00007,Female,CSE,2.8,64.5,7.7,6.0,10.0,48.8,No,45.2,Not Placed
STU08134,Female,CSE,5.5,71.4,7.8,,12.0,61.0,Yes,59.5,Placed
STU01851,Male,CSE,2.1,71.6,7.1,3.2,7.0,60.0,No,49.9,Not Placed
STU02858,Male,CSE,4.1,80.0,4.9,3.6,16.0,65.0,No,58.7,Placed
STU08693,Male,ECE,2.8,84.7,5.0,4.8,13.0,56.9,Yes,56.0,Placed
STU08790,Male,CSE,2.1,79.4,8.0,5.3,12.0,65.9,No,57.8,Not Placed
STU05925,Female,Commerce,5.8,81.3,7.6,5.2,9.0,47.3,Yes,61.2,Not Placed
STU00281,Male,CSE,,94.5,6.2,4.3,16.0,71.7,No,67.1,Placed
STU09738,Female,Civil,4.6,81.0,5.8,3.3,14.0,61.5,No,67.0,Not Placed
STU02780,Female,Commerce,2.9,68.7,5.0,9.1,5.0,44.6,Yes,32.7,Not Placed
STU06559,Female,Mechanical,3.5,70.4,5.9,6.1,12.0,53.6,Yes,60.5,Placed
STU08489,Male,IT,4.4,71.8,8.1,6.7,9.0,43.2,No,48.4,Not Placed
STU05231,Male,ECE,4.2,77.7,7.9,3.9,15.0,78.8,No,73.7,Placed
STU04566,Female, Mechanical ,3.7,79.6,6.8,3.6,12.0,66.5,Yes,64.7,Not Placed
STU01130,Male,CSE,1.0,54.8,6.3,1.9,5.0,30.7,No,35.8,Not Placed
STU04357,Female,ECE,4.7,76.4,4.0,3.0,15.0,59.4,No,64.7,Not Placed
STU02824,Male,CSE,4.0,,5.4,4.9,9.0,46.4,No,46.1,Not Placed
STU06458,Male,CSE,0.0,73.0,4.8,4.2,9.0,48.4,No,31.9,Not Placed
STU07414,Female,CSE,3.2,79.3,5.5,5.4,11.0,57.1,Yes,50.6,Not Placed
STU01703,Female,ECE,3.6,78.5,7.0,3.4,12.0,64.7,No,67.3,Not Placed
STU06622,Female,Civil,0.0,58.4,9.5,5.6,9.0,35.0,No,25.0,Not Placed
STU01388,Female,Commerce,,65.4,5.8,,8.0,54.9,No,46.3,Not Placed
STU04277,Female,Mechanical,4.8,85.9,7.4,4.5,18.0,61.0,No,74.8,Placed
STU06531,Male,IT,1.7,72.0,6.1,,17.0,61.0,No,51.2,Not Placed
STU07697,Male,Commerce,3.3,63.1,7.3,3.1,11.0,57.4,Yes,63.5,Not Placed
STU04068,Male,ECE,3.8,70.4,6.1,4.9,15.0,66.9,Yes,59.9,Placed
STU00487,Male,IT,0.7,54.0,7.4,7.5,11.0,62.2,No,50.2,Placed
STU05094,Female,Mechanical,1.7,80.5,6.0,4.3,14.0,,No,56.4,Not Placed
STU05617,Female,CSE,3.1,66.7,5.0,8.7,13.0,53.7,No,45.8,Not Placed
STU08538,Female,IT,5.1,98.3,6.5,0.7,20.0,82.6,No,85.3,Placed
STU03744,Male,Civil,4.1,82.3,6.2,2.1,16.0,70.9,No,71.3,Placed
STU03376,Female,Civil,2.0,70.4,,3.4,12.0,52.1,No,53.3,Not Placed
STU04528,Female,Mechanical,3.3,73.6,7.2,4.6,15.0,68.1,No,68.0,Not Placed
STU09929,Male,Civil,3.6,67.6,6.3,6.9,17.0,54.6,No,60.5,Not Placed
STU00570,Male,ECE,2.5,81.6,5.3,6.9,17.0,61.0,Yes,60.5,Not Placed
STU01501,Female,IT,2.6,61.9,5.3,4.0,10.0,59.2,Yes,48.7,Not Placed
STU00088,Female,Civil,3.5,70.2,7.4,4.2,14.0,69.8,No,62.0,Not Placed
STU03961,Female,IT,4.7,98.1,7.1,1.9,20.0,,No,73.8,Placed
STU07504,Male,CSE,2.9,80.4,7.2,5.3,13.0,51.1,No,55.3,Not Placed
STU05770,Male,ECE,4.1,74.1,6.9,5.5,15.0,54.4,No,55.4,Not Placed
STU05327,Male,CSE,7.3,89.8,7.9,0.9,20.0,81.0,No,100.0,Placed
STU02529,Female,Civil,3.8,84.6,6.5,8.2,18.0,67.2,Yes,58.9,Not Placed
STU04451,Male,ECE,2.9,68.1,,4.4,11.0,59.3,No,55.3,Not Placed
STU01950,Female,IT,3.6,83.7,7.4,4.0,20.0,83.0,Yes,79.2,Placed
STU01826,Male,Mechanical,2.3,79.0,8.8,1.1,18.0,79.3,Yes,65.9,Placed
STU04139,Female,CSE,3.4,72.4,6.4,6.0,8.0,52.9,No,50.5,Not Placed
STU05680,Female,Civil,4.0,87.6,7.5,5.1,12.0,68.1,Yes,65.5,Placed
STU06110,Female,Mechanical,3.2,60.0,6.4,4.3,10.0,51.9,No,52.2,Not Placed
STU07541,Male,CSE,3.3,67.9,6.1,,10.0,58.3,Yes,48.3,Placed
STU02267,Male,IT,3.6,79.7,5.9,1.8,13.0,70.3,No,69.2,Placed
STU06728,Male,Civil,3.0,63.3,7.9,3.0,10.0,66.4,No,65.8,Not Placed
STU05811,Male,Mechanical,4.1,80.3,6.4,0.2,20.0,,No,81.8,Placed
STU09387,Female,ECE,5.3,87.9,4.9,2.8,16.0,54.2,Yes,68.4,Not Placed
STU09702,Male,IT,4.0,82.7,7.2,5.9,18.0,78.0,No,78.5,Placed
STU04018,Female,CSE,2.1,86.8,6.1,5.1,16.0,75.2,Yes,65.0,Placed
STU07518,Female,Commerce,2.7,78.4,8.1,6.0,10.0,,Yes,50.8,Not Placed
STU09607,Male,Mechanical,4.8,78.0,6.8,4.5,18.0,69.0,No,70.8,Placed
STU01784,Male,ECE,4.1,75.7,5.5,4.0,10.0,48.9,No,53.3,Not Placed
STU04607,Female,ECE,3.1,67.9,6.8,5.1,11.0,51.6,No,43.0,Not Placed
STU04952,Female,Civil,2.8,74.0,4.6,,11.0,51.8,Yes,47.6,Not Placed
STU00265,Male,CSE,2.2,65.5,8.2,6.2,15.0,68.4,Yes,56.4,Placed
STU09000,Male,Mechanical,4.2,75.0,5.9,5.1,14.0,66.8,Yes,60.2,Placed
STU04360,Female,IT,6.6,81.8,7.2,2.2,20.0,75.0,No,90.0,Placed
STU01106,Male,Commerce,2.8,76.0,5.0,5.8,17.0,62.5,No,66.7,Not Placed
STU04583,Male,Civil,5.6,95.4,6.7,3.4,14.0,66.0,Yes,77.9,Placed
STU06943,Male,Commerce,,72.7,6.6,4.0,9.0,52.6,No,51.0,Not Placed
STU09048,Female,Mechanical,8.3,99.7,7.2,0.2,20.0,100.0,Yes,100.0,Placed
STU05040,Male,Commerce,0.3,50.1,7.7,6.9,9.0,58.6,Yes,43.9,Placed
STU01585,Male,IT,4.7,79.8,6.2,4.7,15.0,59.6,No,56.3,Not Placed
STU08189,Female,CSE,3.2,89.4,6.5,5.3,15.0,76.7,No,72.6,Placed
STU01375,Female,Mechanical,1.7,,7.5,4.3,12.0,67.1,Yes,50.9,Not Placed
STU05808,Female, Mechanical ,3.9,79.1,7.5,5.0,15.0,62.4,No,76.6,Placed
STU02429,Male,IT,4.7,83.6,5.0,6.5,8.0,67.5,Yes,68.3,Placed
STU07383,Male,IT,2.3,67.3,5.6,5.7,14.0,49.7,No,44.8,Not Placed
STU03574,Male,CSE,3.6,81.6,8.0,5.1,12.0,55.1,Yes,60.6,Placed
STU09592,Male,ECE,1.2,73.3,7.5,4.1,10.0,43.8,Yes,50.0,Not Placed
STU06463,Female,Mechanical,2.6,62.1,6.6,3.7,11.0,59.0,No,65.1,Not Placed
STU00638,Male,CSE,0.6,58.1,6.7,9.5,8.0,52.1,Yes,41.5,Not Placed
STU08227,Female,IT,3.7,,5.1,4.0,14.0,68.0,Yes,60.9,Placed
STU06239,Female,Mechanical,3.9,,7.7,,8.0,40.1,Yes,50.1,Not Placed
STU07827,Female,CSE,1.5,75.7,7.9,5.1,17.0,75.4,No,66.8,Placed
STU05877,Male,Civil,1.4,71.9,7.1,7.0,11.0,58.5,Yes,49.9,Not Placed
STU06139,Male,IT,3.3,70.6,7.9,2.3,13.0,69.5,Yes,66.5,Placed
STU03623,Male,ECE,3.7,81.0,6.6,3.9,11.0,60.4,Yes,61.2,Placed
STU00842,Female,Civil,2.1,86.0,7.3,5.5,12.0,57.5,Yes,56.5,Not Placed
STU02180,Female,Civil,1.9,76.5,5.4,5.5,14.0,54.7,No,46.3,Not Placed
STU09433,Female,ECE,5.1,70.7,6.3,3.9,13.0,51.0,Yes,61.7,Placed
STU09438,Female,ECE,0.7,59.0,4.9,6.1,13.0,56.2,No,44.5,Not Placed
STU09833,Male,ECE,6.1,85.4,5.7,3.7,14.0,53.6,No,64.1,Not Placed
STU03619,Male,Commerce,5.4,84.5,7.8,3.9,12.0,70.3,No,69.3,Not Placed
STU02294,Female,Commerce,4.4,87.6,7.3,3.8,8.0,59.5,No,64.0,Not Placed
STU07170,Male,ECE,6.0,88.5,6.0,3.9,20.0,76.9,No,70.9,Placed
STU02895,Female,Mechanical,2.0,59.9,6.7,5.8,10.0,76.8,Yes,56.6,Placed
STU08323,Female,Civil,0.9,51.2,7.7,4.0,6.0,49.9,Yes,45.0,Not Placed
STU01470,Female,IT,0.0,55.5,7.6,5.4,4.0,39.5,No,30.1,Not Placed
STU09875,Female,IT,2.4,75.2,8.9,4.1,11.0,81.8,Yes,66.5,Placed
STU01768,Male,CSE,3.8,79.7,6.6,5.3,18.0,60.6,Yes,65.7,Placed
STU05388,Female,Mechanical,5.6,76.5,7.4,4.2,13.0,,No,55.6,Not Placed
STU09673,Female,CSE,4.6,79.8,6.6,5.0,16.0,62.2,Yes,69.1,Placed
STU02096,Female,Commerce,4.0,74.2,7.7,6.1,12.0,66.9,No,62.6,Not Placed
STU00566,Male,Mechanical,0.8,67.6,5.8,5.3,13.0,75.5,Yes,57.3,Placed
STU09575,Female,IT,4.9,87.3,7.2,7.7,15.0,70.3,No,77.3,Placed
STU00119,Female,IT,4.2,80.6,7.9,6.2,15.0,66.6,No,67.6,Not Placed
STU01063,Male,CSE,4.6,79.1,6.2,3.4,15.0,63.0,No,74.1,Not Placed
STU07308,Female,ECE,4.8,71.1,6.4,4.1,5.0,42.6,No,57.7,Not Placed
STU07204,Female,ECE,0.8,75.2,9.1,6.2,14.0,53.6,No,49.8,Not Placed
STU09731,Male,Commerce,0.0,64.5,7.4,3.6,10.0,45.3,No,39.7,Not Placed
STU00255,Female,IT,5.8,70.9,6.7,4.2,12.0,49.0,No,57.9,Not Placed
STU09810,Male,CSE,4.6,,6.8,6.2,9.0,44.5,No,51.2,Not Placed
STU08389,Male,CSE,6.5,81.3,5.6,5.1,17.0,76.2,No,81.8,Placed
STU07623,Male,IT,,74.9,7.9,4.9,14.0,56.9,Yes,56.0,Placed
STU01852,Female,cse,3.0,71.1,6.7,4.6,14.0,69.9,No,57.7,Not Placed
STU02932,female,ECE,3.4,85.9,9.0,6.2,16.0,71.4,No,64.8,Placed
STU04685,Female,IT,1.9,82.1,7.7,6.5,14.0,,No,56.1,Not Placed
STU06156,Male,CSE,5.8,100.0,6.7,4.2,20.0,94.0,No,84.1,Placed
STU04263,Female,CSE,1.6,64.6,7.4,8.6,12.0,71.6,No,57.2,Placed
STU06251,Male,Mechanical,3.4,64.2,6.4,5.1,9.0,49.7,No,50.4,Not Placed
STU02531,Male,CSE,2.7,88.2,6.9,4.9,20.0,72.2,Yes,74.6,Placed
STU01611,Female,ECE,0.9,65.9,8.4,,15.0,66.6,No,59.4,Not Placed
STU03690,Female,CSE,4.3,88.3,7.5,2.0,17.0,65.8,No,77.9,Placed
STU01630,Female,CSE,4.3,,7.6,0.2,18.0,69.2,Yes,73.1,Placed
STU06373,M,Mechanical,4.1,77.5,7.5,5.1,11.0,51.3,No,56.1,Not Placed
STU08430,Female,CSE,1.4,76.5,6.0,6.2,19.0,73.9,Yes,58.1,Not Placed
STU00682,Male,Commerce,6.1,82.1,8.3,3.2,15.0,67.6,Yes,75.4,Placed
STU00709,Female,CSE,4.2,83.7,7.9,4.7,11.0,61.5,No,62.6,Placed
STU05166,Male,ECE,4.1,67.0,7.5,7.3,13.0,51.4,No,56.2,Not Placed
STU05258,Female,Mechanical,1.2,59.5,7.1,4.8,6.0,49.0,Yes,41.9,Not Placed
STU07159,Male,CSE,4.5,90.8,7.3,4.9,15.0,67.5,No,67.8,Placed
STU02461,Male,IT,4.0,67.1,5.8,5.9,5.0,42.6,No,41.1,Not Placed
STU03720,Male,IT,4.8,85.1,8.8,1.0,13.0,80.9,No,79.0,Placed
STU02503,Female,IT,3.7,79.6,7.0,3.6,14.0,71.9,No,71.9,Placed
STU01400,Male,IT,1.9,63.8,6.0,4.6,9.0,50.2,No,47.3,Not Placed
STU02989,Female,CSE,3.8,84.0,6.7,2.9,12.0,62.8,No,62.7,Not Placed
STU05074,M,Civil,0.8,71.5,4.6,5.8,11.0,63.2,Yes,46.8,Not Placed
STU05143,M,Civil,4.5,68.8,7.9,4.6,13.0,64.0,Yes,55.4,Not Placed
STU01547,Female,CSE,1.5,59.8,7.3,7.6,3.0,40.4,No,44.2,Not Placed
STU00481,Male,IT,4.6,81.3,,2.7,10.0,63.5,No,63.3,Placed
STU09375,Female,Mechanical,3.1,90.8,3.5,4.8,17.0,66.8,Yes,60.5,Not Placed
STU06989,Male,Mechanical,1.7,59.6,6.9,3.4,10.0,62.9,Yes,49.9,Not Placed
STU08744,Female,IT,4.4,60.6,4.7,,8.0,62.6,Yes,55.2,Placed
STU06941,Male,Commerce,2.5,70.7,6.1,6.4,11.0,52.7,No,46.5,Not Placed
STU07014,Male,ECE,2.6,80.3,7.3,5.4,14.0,51.1,No,58.1,Placed
STU07534,Female,Commerce,3.7,91.2,8.0,5.2,20.0,89.7,No,88.4,Placed
STU06780,Female,CSE,5.1,100.0,7.7,1.5,20.0,79.3,Yes,86.4,Placed
STU02081,Female,CSE,2.3,86.0,4.9,4.3,14.0,80.7,No,62.3,Not Placed
STU07402,Female,IT,4.7,91.9,7.7,1.8,18.0,73.9,No,79.7,Placed
STU06662,Male,Commerce,4.1,85.6,5.9,2.4,20.0,88.8,Yes,87.7,Placed
STU05240,Male,CSE,2.7,76.6,10.0,6.8,15.0,55.3,No,55.1,Placed
STU02537,Male,IT,2.2,61.5,7.4,9.5,9.0,36.3,No,43.1,Not Placed
STU02470,Female,Mechanical,2.8,71.6,7.0,4.0,13.0,64.1,Yes,55.6,Not Placed
STU02666,Female,IT,2.0,83.3,6.8,4.7,12.0,68.3,No,59.5,Not Placed
STU00874,Male,Commerce,3.7,75.3,8.2,5.7,15.0,58.4,No,60.2,Placed
STU00357,Female,CSE,2.2,79.7,6.5,4.4,11.0,59.2,No,57.9,Not Placed
STU07719,Female,ECE,4.0,74.1,6.8,2.3,12.0,65.0,No,65.8,Not Placed
STU01324,Male,Commerce,3.2,73.6,5.3,9.2,11.0,42.5,Yes,42.2,Not Placed
STU02206,Female,IT,1.9,80.4,7.3,6.9,15.0,49.3,No,59.5,Placed
STU04462,Female,Mechanical,4.9,92.7,6.8,6.1,12.0,66.8,No,60.1,Not Placed
STU09351,Female,Commerce,4.8,86.4,4.6,4.0,17.0,68.5,Yes,74.6,Not Placed
STU02535,Male,IT,4.1,77.5,6.3,4.6,15.0,64.2,No,66.8,Not Placed
STU01816,Female,Civil,2.7,67.3,8.4,5.9,12.0,60.6,No,57.1,Not Placed
STU09655,Male,CSE,4.9,85.4,7.4,1.6,20.0,,No,86.6,Placed
STU06461,Female,ECE,3.9,91.1,7.9,6.0,19.0,73.9,No,72.7,Placed
STU07355,Female,CSE,6.2,98.8,6.0,4.3,16.0,78.5,Yes,80.7,Placed
STU05758,Female,IT,3.8,77.1,5.2,4.2,14.0,62.8,No,64.7,Not Placed
STU06704,Female,Commerce,3.1,81.4,5.6,4.8,18.0,91.5,No,79.9,Placed
STU09353,Female,ECE,0.5,,6.7,4.3,11.0,62.6,Yes,55.0,Not Placed
STU06488,Female,Commerce,5.1,83.1,7.6,4.6,13.0,54.1,Yes,68.3,Placed
STU00400,Male,IT,0.5,,6.4,6.4,9.0,43.3,No,42.8,Not Placed
STU00639,Male,Civil,2.5,64.9,6.8,0.9,11.0,54.0,Yes,59.8,Not Placed
STU02119,Female,Mechanical,1.9,73.6,7.8,5.9,15.0,73.5,Yes,73.2,Placed
STU09207,Male,IT,2.3,58.0,8.7,4.6,8.0,35.4,No,43.0,Not Placed
STU08342,Male,ECE,4.7,78.1,7.0,3.2,9.0,67.2,Yes,67.9,Not Placed
STU01262,Male,CSE,4.7,78.1,3.9,3.6,12.0,68.5,Yes,67.4,Placed
STU09582,Female,,0.7,60.1,5.8,5.5,9.0,40.8,Yes,36.3,Not Placed
STU04677,Male,Commerce,5.6,89.1,7.3,5.0,16.0,67.5,No,76.1,Placed
STU02633,Female,Civil,1.6,,7.6,6.9,12.0,60.1,No,53.3,Not Placed
STU09617,Female,Commerce,5.5,85.0,6.2,5.1,18.0,65.7,No,76.1,Placed
STU05510,Female,ECE,3.4,86.1,6.4,5.7,13.0,69.6,Yes,70.6,Placed
STU02945,Female,ECE,2.8,67.8,6.5,2.8,17.0,61.5,No,70.8,Placed
STU07067,Female,Mechanical,2.1,81.5,6.4,0.2,18.0,66.7,No,69.4,Placed
STU00888,Male,Commerce,2.7,62.5,6.6,5.3,11.0,,No,47.0,Not Placed
STU03140,Female,Mechanical,4.8,97.7,6.5,3.4,20.0,79.0,No,81.4,Placed
STU06238,Female,CSE,2.0,77.3,5.5,5.8,8.0,58.1,No,52.6,Not Placed
STU00114,Male,ECE,2.0,66.1,,1.5,8.0,63.3,No,53.8,Not Placed
STU04358,Female,CSE,3.5,80.5,4.6,7.7,9.0,60.7,No,55.2,Not Placed
STU00268,Female,ECE,5.7,89.7,7.8,4.9,16.0,70.9,No,79.4,Placed
STU02882,Male,ECE,4.9,85.5,6.4,3.3,17.0,75.1,Yes,73.2,Placed
STU01500,Female,ECE,3.7,73.1,6.4,6.6,7.0,51.7,No,48.1,Not Placed
STU01314,Female,ECE,4.6,84.9,9.7,3.4,15.0,75.2,Yes,70.4,Placed
STU02372,Male,Mechanical,2.2,52.4,7.0,6.3,7.0,55.8,No,42.7,Not Placed
STU03424,Female,IT,1.5,70.5,6.4,4.5,10.0,40.9,No,54.8,Not Placed
STU06801,Female,,3.7,70.5,7.2,4.6,9.0,64.7,No,55.1,Not Placed
STU06141,Male,Civil,7.7,100.0,6.1,3.4,20.0,69.9,No,90.7,Placed
STU08829,Female,Mechanical,1.9,58.2,6.8,7.0,5.0,33.3,No,39.6,Not Placed
STU05998,Female,Commerce,2.9,95.2,3.7,2.2,19.0,82.5,Yes,80.4,Placed
STU07401,Male,mechanical,1.9,76.5,7.6,6.2,11.0,57.5,Yes,53.5,Not Placed
STU07860,Male,Commerce,3.2,77.2,5.9,3.5,17.0,55.5,Yes,77.3,Placed
STU02567,Female,IT,4.0,79.9,7.1,3.5,18.0,66.3,No,67.5,Placed
STU06501,Male,CSE,8.9,,6.4,3.6,16.0,79.1,No,87.2,Placed
STU03446,Male,ECE,1.2,64.0,7.7,6.1,13.0,60.2,No,42.1,Not Placed
STU00793,Male,IT,3.7,75.7,6.5,3.7,16.0,62.8,No,68.4,Placed
STU06124,Male,CSE,3.1,76.1,7.0,4.1,10.0,71.2,Yes,68.6,Placed
STU02566,Male,Commerce,4.2,81.6,7.4,4.7,13.0,57.5,Yes,67.3,Not Placed
STU02835,Male,CSE,2.7,76.6,8.0,6.0,14.0,75.8,No,71.7,Placed
STU06232,Female,IT,5.7,92.2,7.3,3.9,17.0,74.6,No,86.0,Placed
STU02166,Male,IT,3.8,,6.4,4.9,16.0,66.9,No,68.0,Placed
STU07834,Male,CSE,6.1,82.0,6.2,3.7,13.0,57.5,Yes,87.5,Placed
STU04741,Male,Commerce,3.3,75.0,6.4,6.0,12.0,55.0,Yes,53.0,Placed
STU03807,Female,ECE,0.5,62.8,7.0,7.5,7.0,46.7,Yes,29.2,Not Placed
STU01696,Female,IT,3.1,77.3,7.5,2.3,14.0,65.9,No,72.8,Not Placed
STU04148,Female,IT,8.3,100.0,4.9,1.3,20.0,71.9,No,90.8,Placed
STU07691,Male,Commerce,1.7,67.0,4.9,4.4,12.0,66.1,No,52.2,Not Placed
STU08962,Female,CSE,2.9,73.1,9.2,5.0,15.0,56.3,Yes,52.1,Placed
STU09698,Male,Commerce,4.7,80.9,7.5,3.2,16.0,81.0,No,63.6,Placed
STU07840,Female,CSE,3.3,74.4,7.5,5.1,11.0,59.7,Yes,59.7,Not Placed
STU01779,Female,IT,3.1,61.5,5.6,5.9,,48.1,Yes,39.4,Not Placed
STU02056,Female,Mechanical,3.4,82.2,8.4,3.5,15.0,65.7,No,65.1,Not Placed
STU04771,Female,CSE,2.8,73.7,8.2,,11.0,,No,64.7,Not Placed
STU08370,Female,Mechanical,1.4,55.8,6.9,6.9,9.0,46.5,No,42.1,Not Placed
STU02197,Female,Mechanical,3.0,75.2,8.4,4.3,10.0,51.9,No,54.6,Not Placed
STU09733,Male,IT,2.7,71.8,6.9,3.5,9.0,47.5,Yes,54.8,Placed
STU06788,F,ECE,2.1,67.6,7.4,6.5,14.0,55.2,Yes,47.1,Not Placed
STU03188,Male,CSE,2.3,,6.5,4.2,11.0,,No,46.6,Not Placed
STU01628,Male,Commerce,6.4,96.0,8.2,,15.0,91.7,No,85.3,Placed
STU01332,Male,CSE,5.1,80.3,7.7,6.3,12.0,60.6,Yes,64.2,Placed
STU02227,Female, ECE ,1.2,66.0,6.7,8.8,11.0,65.2,No,45.4,Not Placed
STU06616,Male,CSE,3.2,75.7,6.7,6.1,13.0,61.3,No,67.5,Placed
STU08083,Male,Commerce,2.9,94.6,7.1,5.7,17.0,81.3,No,74.6,Not Placed
STU04493,female,ECE,2.6,74.1,5.9,5.1,9.0,56.4,Yes,53.1,Not Placed
STU00279,Male,IT,2.6,73.9,6.9,0.2,14.0,68.8,No,72.1,Placed
STU06897,Female,Civil,3.1,73.7,5.6,0.2,16.0,54.0,Yes,60.4,Not Placed
STU04147,Male,CSE,3.2,86.9,5.5,5.5,18.0,68.0,No,66.9,Placed
STU07148,Male,Mechanical,5.0,92.0,7.7,3.9,13.0,66.5,No,69.6,Placed
STU04519,Female,CSE,4.1,69.3,5.1,3.5,13.0,55.4,Yes,61.9,Placed
STU07285,Female,CSE,4.5,77.3,5.8,6.2,10.0,39.8,No,47.7,Not Placed
STU09214,Male,IT,4.1,94.9,7.5,3.2,,82.6,No,86.7,Placed
STU01729,Female,IT,3.4,84.4,6.3,3.6,15.0,57.6,No,58.7,Placed
STU00662,Female,IT,2.2,74.9,4.6,5.5,13.0,,Yes,54.9,Not Placed
STU04909,Male,Mechanical,6.5,81.1,6.8,3.5,15.0,44.8,Yes,67.3,Placed
STU08032,Female,CSE,4.7,83.2,6.7,3.1,17.0,61.4,Yes,65.1,Placed
STU09936,Male,IT,1.7,81.1,6.7,5.4,16.0,58.0,Yes,67.0,Placed
STU04159,Male,CSE,3.9,75.8,6.7,,20.0,72.7,No,75.6,Placed
STU00435,Female,Mechanical,3.4,88.7,5.9,4.3,16.0,67.7,Yes,64.4,Not Placed
STU01272,Male,CSE,3.9,91.9,7.0,3.7,20.0,68.0,Yes,76.2,Placed
STU00078,Female,Mechanical,2.2,76.5,8.4,,11.0,57.9,No,56.1,Not Placed
STU06407,female,Civil,3.7,,9.3,7.0,11.0,67.5,No,64.4,Placed
STU06736,Male,Mechanical,2.4,91.9,8.7,8.2,14.0,68.7,Yes,52.9,Not Placed
STU01257,Male,IT,6.7,76.4,7.0,3.2,15.0,,No,72.6,Placed
STU01047,Male,ECE,4.7,72.0,5.8,0.8,13.0,49.1,Yes,59.8,Not Placed
STU04920,Male,CSE,2.2,76.2,5.4,4.1,16.0,,No,55.6,Placed
STU02939,Male,IT,3.1,66.0,8.4,5.6,11.0,44.0,Yes,42.8,Not Placed
STU02744,Male,CSE,,65.7,7.0,5.3,6.0,35.4,No,36.4,Not Placed
STU06865,Male,CSE,2.0,63.4,5.4,5.4,,56.1,Yes,47.3,Not Placed
STU03785,Male,CSE,4.3,89.8,7.3,,,96.1,No,86.0,Placed
STU06655,Male,CSE,0.6,84.2,7.0,8.8,17.0,69.4,No,54.3,Not Placed
STU04782,Female,ECE,4.3,94.0,5.5,2.8,20.0,79.7,Yes,76.8,Placed
STU08941,Male,Civil,2.3,63.9,8.1,8.0,4.0,41.5,No,33.9,Not Placed
STU07750,Female,CSE,3.6,75.5,7.7,2.6,8.0,43.9,Yes,47.8,Not Placed
STU00547,Male,ECE,0.8,75.1,5.7,6.9,12.0,67.0,No,59.2,Placed
STU09385,Female,CSE,5.9,90.9,7.4,4.4,18.0,57.4,Yes,72.4,Placed
STU03832,Male,Mechanical,5.5,90.7,7.6,0.4,19.0,85.4,No,86.9,Placed
STU03916,Female,CSE,2.6,66.9,7.8,4.2,7.0,54.0,Yes,53.3,Not Placed
STU03457,Male,Mechanical,5.1,81.1,6.0,1.7,16.0,55.6,No,72.2,Placed
STU04008,Female,Commerce,3.6,82.3,6.3,5.1,13.0,72.8,No,69.2,Placed
STU01125,Male,CSE,3.2,83.0,6.1,6.8,16.0,48.1,Yes,55.7,Placed
STU07406,Male,CSE,4.0,85.5,6.7,3.4,10.0,55.8,No,63.2,Not Placed
STU00768,Female,ECE,1.6,65.1,6.4,5.2,11.0,53.4,Yes,49.7,Not Placed
STU01175,male,Commerce,2.9,71.7,8.0,3.7,9.0,65.0,Yes,51.8,Not Placed
STU08888,Female,Civil,2.4,55.8,7.3,2.7,7.0,56.3,No,52.1,Not Placed
STU07490,M,,3.0,75.0,6.7,4.3,12.0,49.6,No,51.6,Not Placed
STU08434,Female,Commerce,5.3,,7.0,3.7,14.0,48.8,Yes,65.3,Placed
STU00263,Female,CSE,1.7,70.0,5.4,4.1,16.0,66.2,No,58.9,Not Placed
STU01020,Male,cse,,81.1,6.4,5.1,16.0,,Yes,77.9,Placed
STU05048,Female,CSE,2.4,66.4,7.2,2.7,11.0,47.6,No,46.7,Not Placed
STU03875,Male,IT,3.1,77.1,6.6,6.9,12.0,58.4,No,61.0,Placed
STU04739,Male,Mechanical,3.0,85.0,8.5,5.9,20.0,,No,62.7,Not Placed
STU01013,Male,CSE,3.1,68.2,7.2,5.1,8.0,67.4,Yes,60.5,Not Placed
STU00737,Female,IT,3.3,86.5,7.1,3.5,20.0,66.3,No,64.9,Placed
STU02241,Male,CSE,2.8,73.2,6.9,3.5,15.0,72.1,Yes,62.9,Placed
STU05823,Female,Mechanical,4.0,75.9,7.1,4.0,14.0,60.7,No,64.2,Placed
STU05795,Male,CSE,4.6,84.3,4.9,5.2,8.0,52.3,No,54.8,Not Placed
STU05859,Male,IT,6.0,90.7,5.5,5.0,18.0,67.7,No,73.4,Not Placed
STU04457,Female,ECE,2.4,76.4,6.8,3.1,7.0,55.2,Yes,55.0,Not Placed
STU03869,Female,CSE,2.8,74.1,8.1,3.7,16.0,59.0,No,63.7,Placed
STU03110,Male,Mechanical,3.6,73.6,7.4,6.0,6.0,63.6,Yes,61.1,Not Placed
STU05654,Female,CSE,2.9,76.6,6.5,3.2,14.0,54.0,Yes,57.6,Placed
STU05741,Female,IT,4.8,97.0,7.4,5.0,17.0,76.0,No,77.6,Placed
STU03007,Male,Mechanical,0.0,57.6,6.5,6.6,4.0,40.2,No,36.0,Not Placed
STU04681,Male,Civil,3.3,94.3,7.0,4.5,18.0,82.1,Yes,80.3,Placed
STU08074,Female,Commerce,5.7,100.0,7.2,4.3,17.0,65.9,Yes,79.9,Placed
STU02911,Male,Mechanical,1.8,66.9,6.8,3.9,9.0,55.2,No,49.6,Not Placed
STU04558,Male,CSE,2.1,62.0,7.9,4.0,10.0,72.6,No,54.5,Placed
STU09924,Female,Mechanical,2.4,73.6,9.4,4.5,14.0,67.1,No,67.9,Not Placed
STU04764,Male,Commerce,3.5,80.2,7.2,3.8,17.0,72.6,No,65.4,Not Placed
STU03121,Female,CSE,3.0,72.7,7.2,2.5,15.0,64.6,Yes,62.7,Not Placed
STU08455,Female,ECE,3.2,72.0,5.7,5.6,13.0,58.0,No,50.8,Not Placed
STU04717,Female,Civil,2.0,68.2,8.3,5.9,17.0,69.8,No,64.9,Not Placed
STU06765,Male,Civil,3.8,76.8,5.5,2.4,,63.1,No,67.6,Placed
STU01506,Female,ECE,4.8,79.9,6.5,3.9,15.0,,Yes,64.6,Placed
STU06196,Male,ECE,3.1,75.6,6.9,4.8,9.0,60.1,Yes,56.8,Not Placed
STU05008,Male,IT,4.4,84.1,8.2,2.4,17.0,73.3,No,73.5,Placed
STU03241,Male,ECE,5.3,100.0,5.2,2.3,17.0,58.2,Yes,73.0,Placed
STU04520,Male,ECE,3.4,70.1,6.0,5.2,6.0,48.0,Yes,39.0,Not Placed
STU04236,Male,Mechanical,1.0,60.8,7.3,6.8,13.0,77.0,No,54.1,Not Placed
STU00415,Male,Mechanical,2.5,74.1,8.6,2.6,14.0,53.5,No,65.3,Not Placed
STU09704,Female,ECE,4.2,81.1,7.5,3.4,13.0,61.4,No,75.7,Not Placed
STU05798,Male,CSE,2.5,72.8,6.3,6.4,15.0,,Yes,63.1,Placed
STU01424,Male,CSE,2.5,84.0,6.0,4.5,20.0,76.2,No,69.4,Placed
STU06035,Female,Civil,5.9,95.8,7.1,5.1,13.0,49.5,Yes,61.6,Placed
STU06133,Female,Commerce,1.1,75.6,6.8,1.7,16.0,70.3,No,64.5,Placed
STU05631,Male,Civil,0.0,56.1,6.8,7.3,2.0,28.6,Yes,20.9,Not Placed
STU07618,Female,IT,5.0,88.7,7.4,5.2,17.0,69.8,Yes,70.3,Placed
STU02300,Female,Mechanical,4.0,,8.4,3.0,12.0,61.1,Yes,70.7,Not Placed
STU01930,Male,CSE,3.8,79.8,8.2,1.7,,71.9,Yes,82.3,Placed
STU05757,Male,Commerce,3.1,72.8,4.9,5.6,6.0,48.8,No,39.8,Not Placed
STU05028,Male,Civil,1.2,74.2,8.6,4.7,10.0,69.9,No,48.7,Not Placed
STU02509,Female,IT,3.9,81.0,,4.8,14.0,69.3,No,71.3,Placed
STU00157,Female,Civil,3.4,75.5,7.0,4.2,11.0,59.5,Yes,68.9,Placed
STU05753,Female,IT,4.9,63.9,5.1,4.7,14.0,72.1,No,55.0,Placed
STU09949,Female,Civil,4.0,70.6,8.1,5.0,18.0,79.4,No,81.5,Placed
STU07677,Female,Mechanical,5.7,76.0,7.1,2.2,,61.1,No,72.9,Placed
STU06658,Male,Civil,0.4,55.7,7.8,3.4,12.0,61.3,Yes,51.2,Not Placed
STU02541,Male,IT,5.7,86.9,5.7,4.2,18.0,67.8,No,76.8,Placed
STU00670,Female,Mechanical,0.0,49.0,7.2,5.6,1.0,25.6,No,28.4,Not Placed
STU01023,Male,CSE,2.2,86.7,6.7,6.4,19.0,54.6,No,58.3,Not Placed
STU04646,Female,IT,2.9,66.0,7.2,,,40.6,Yes,51.5,Placed
STU07551,Female,IT,2.3,76.3,5.8,5.7,17.0,54.5,Yes,57.0,Placed
STU05221,Female,IT,3.4,82.2,5.2,5.7,20.0,58.7,Yes,60.6,Placed
STU09307,Male,CSE,4.2,75.4,7.1,4.6,,60.8,No,62.9,Not Placed
STU02321,Female,CSE,4.3,82.5,7.9,5.5,14.0,59.0,Yes,65.0,Placed
STU09404,Male,CSE,5.3,87.4,5.2,1.8,,70.2,No,72.5,Placed
STU01653,Female,CSE,4.4,84.9,8.7,3.7,,55.2,No,57.9,Not Placed
STU00884,Male,Civil,1.5,67.1,6.4,5.3,7.0,57.3,Yes,47.6,Not Placed
STU00034,Male,CSE,1.6,77.9,7.1,7.4,10.0,59.0,Yes,49.8,Not Placed
STU04104,Male,Commerce,3.5,88.0,6.4,5.2,18.0,79.5,Yes,75.7,Placed
STU07599,Male,IT,4.5,68.2,7.3,5.6,9.0,64.0,No,63.9,Placed
STU00669,Female,Commerce,0.9,60.0,8.3,5.8,15.0,,No,47.1,Not Placed
STU09465,Male,CSE,0.6,60.1,,7.5,7.0,38.0,Yes,32.2,Not Placed
STU02609,Male,Commerce,2.1,81.0,6.2,2.7,14.0,74.5,Yes,55.8,Placed
STU06942,Female,CSE,4.5,60.5,5.5,7.0,7.0,44.0,No,37.6,Not Placed
STU01910,Male,CSE,2.2,75.6,6.1,1.5,14.0,70.9,No,63.9,Placed
STU08406,Male,CSE,5.0,81.4,7.3,4.4,16.0,65.7,No,67.3,Placed
STU06800,Male,CSE,5.9,95.5,7.8,,20.0,90.1,Yes,97.8,Placed
STU05096,Female,CSE,4.6,77.1,5.7,6.0,13.0,,Yes,59.8,Not Placed
STU06090,Female,CSE,2.8,61.8,7.6,5.3,9.0,61.9,Yes,54.8,Not Placed
STU06721,Male,CSE,3.9,86.0,7.9,1.9,14.0,88.1,No,80.0,Placed
STU04172,Female,IT,4.8,78.5,8.6,6.8,14.0,64.2,No,63.9,Placed
STU02450,Male,Civil,4.1,100.0,6.6,5.1,16.0,63.8,Yes,75.8,Placed
STU03055,Male,ECE,2.7,76.3,7.5,5.2,9.0,55.9,No,44.4,Not Placed
STU06262,Female,ECE,2.0,80.8,6.0,4.2,20.0,55.0,Yes,57.0,Not Placed
STU08017,Female,ECE,1.9,70.7,7.3,3.9,16.0,71.6,No,71.5,Placed
STU01494,Female,Civil,0.7,63.1,5.3,4.2,8.0,47.8,Yes,38.1,Not Placed
STU05568,Female,CSE,1.2,58.6,7.0,6.8,4.0,43.0,Yes,41.6,Not Placed
STU06125,Female,Commerce,2.6,78.0,6.0,9.6,16.0,60.7,No,51.0,Not Placed
STU01737,Female,Civil,5.5,67.9,6.0,2.2,11.0,50.8,No,55.1,Not Placed
STU01880,Female,CSE,3.8,67.0,6.9,3.5,8.0,46.7,No,50.5,Not Placed
STU00599,M,Civil,1.6,58.8,6.8,6.9,14.0,65.5,No,47.1,Not Placed
STU06180,Male,CSE,2.1,59.3,4.6,4.6,8.0,39.0,Yes,36.2,Not Placed
STU01259,Male,CSE,3.3,90.5,5.1,5.5,19.0,85.3,Yes,81.2,Placed
STU09338,Female,CSE,2.6,73.2,5.7,6.6,8.0,56.9,Yes,49.2,Not Placed
STU07097,Male,CSE,1.4,68.0,7.3,5.5,7.0,47.2,No,41.6,Not Placed
STU03306,Female,ECE,4.5,78.6,9.5,0.9,17.0,64.8,No,74.5,Placed
STU09429,Male,Commerce,2.4,59.4,5.6,5.2,8.0,54.8,No,46.2,Not Placed
STU08671,Female,CSE,4.9,83.7,6.4,0.9,14.0,76.4,No,74.7,Placed
STU07268,Male,CSE,3.4,78.0,7.2,6.5,17.0,69.4,No,68.0,Not Placed
STU08704,Male,CSE,5.7,92.5,,4.5,17.0,78.7,No,82.7,Placed
STU00790,Male,IT,3.1,75.0,8.3,4.8,13.0,51.4,Yes,52.5,Placed
STU02881,Male,CSE,2.5,85.5,7.2,4.2,17.0,79.8,Yes,75.1,Placed
STU09849,Female,CSE,4.0,86.2,6.5,3.9,10.0,54.4,Yes,53.9,Not Placed
STU04757,Female,CSE,2.3,69.2,5.4,7.8,13.0,70.8,Yes,48.3,Not Placed
STU00295,Male,ECE,4.4,84.3,6.3,4.4,14.0,60.5,Yes,58.9,Placed
STU02958,Male,IT,3.6,92.2,7.3,3.8,15.0,55.7,No,68.9,Placed
STU01323,Male,Mechanical,5.5,82.4,5.5,2.7,11.0,62.4,No,60.8,Not Placed
STU05729,Male,Mechanical,6.1,100.0,6.9,4.7,19.0,71.5,No,77.1,Placed
STU08424,Female,ECE,4.8,98.7,8.8,1.8,17.0,78.7,Yes,76.1,Placed
STU08213,Male,CSE,2.9,92.6,5.7,4.3,20.0,71.0,No,67.8,Placed
STU02775,Female,IT,0.8,71.2,8.8,5.5,,60.5,Yes,55.6,Placed
STU07300,Female,Commerce,3.2,75.2,6.3,3.6,11.0,65.7,No,55.6,Not Placed
STU07349,Male,CSE,2.6,73.5,6.1,6.7,19.0,68.0,Yes,52.2,Placed
STU07741,F,IT,5.0,71.3,6.8,6.5,12.0,52.9,No,61.5,Not Placed
STU03174,Male,ECE,4.4,78.4,8.2,4.3,12.0,60.7,Yes,55.2,Placed
STU08192,Female,CSE,7.7,84.4,7.4,5.6,18.0,68.4,No,90.6,Placed
STU02488,Female,CSE,1.3,68.0,5.5,7.8,12.0,65.4,Yes,56.0,Placed
STU06031,Female,Mechanical,4.8,85.8,7.4,3.7,13.0,66.5,No,75.1,Not Placed
STU05767,Female,ECE,5.7,81.2,7.7,6.1,14.0,49.6,No,63.4,Not Placed
STU03085,Male,Commerce,3.7,70.3,6.4,4.4,8.0,52.0,No,50.0,Not Placed
STU03829,Female,Mechanical,3.6,79.0,8.0,0.6,15.0,55.7,No,61.8,Not Placed
STU00945,Male,Mechanical,3.2,75.1,6.6,5.6,12.0,66.3,Yes,56.2,Placed
STU05955,Male,IT,4.5,82.7,6.5,3.4,13.0,50.2,No,62.8,Not Placed
STU07848,Female,ECE,2.9,85.9,7.5,6.5,16.0,67.0,No,68.1,Placed
STU04964,Female,IT,4.5,74.4,4.6,5.3,11.0,43.7,No,50.0,Not Placed
STU01146,Female,Civil,4.2,82.5,7.2,4.8,14.0,79.9,No,76.7,Placed
STU09389,Female,Commerce,5.7,92.8,5.8,0.8,12.0,73.7,No,80.5,Placed
STU07611,Female,Civil,2.4,77.4,7.0,6.5,14.0,67.2,No,63.1,Placed
STU00003,Female,CSE,4.8,93.2,7.7,2.9,18.0,67.1,Yes,70.0,Placed
STU06193,Male,CSE,3.6,87.1,8.2,4.9,10.0,46.6,No,45.5,Not Placed
STU08102,Male,CSE,3.4,66.5,5.1,3.4,8.0,,Yes,56.9,Placed
STU05061,Female,Civil,3.6,63.1,7.3,7.1,11.0,47.1,Yes,50.9,Not Placed
STU09599,Male,IT,2.0,61.7,7.1,4.5,11.0,47.8,No,55.0,Not Placed
STU02534,Female,Civil,2.4,66.4,6.8,6.9,10.0,52.8,Yes,44.9,Not Placed
STU05817,Female,IT,3.6,77.9,5.1,5.6,8.0,66.1,Yes,55.8,Placed
STU00654,Female,IT,0.0,59.7,6.7,6.7,7.0,48.2,No,36.0,Not Placed
STU05457,Male,Civil,0.6,66.8,5.1,5.9,6.0,43.6,No,34.2,Not Placed
STU06919,Female,CSE,3.5,75.9,5.7,2.5,,,No,76.1,Placed
STU07372,Male,Commerce,2.4,58.3,6.7,5.7,15.0,56.4,No,58.2,Not Placed
STU07776,Female,IT,1.0,63.1,5.7,5.8,8.0,40.4,Yes,27.6,Not Placed
STU03464,Female,IT,1.7,51.1,4.7,4.3,7.0,57.2,No,42.7,Not Placed
STU07552,Female,Civil,3.8,75.5,,5.1,13.0,82.9,Yes,68.4,Placed
STU00745,Female,Mechanical,4.3,76.3,8.4,6.3,13.0,62.7,Yes,61.4,Placed
STU07699,Female,Commerce,2.0,79.0,5.7,6.2,11.0,58.3,No,43.0,Not Placed
STU04356,Female,CSE,5.0,70.9,9.2,5.4,13.0,55.0,Yes,65.6,Placed
STU02590,Male,ECE,,79.9,7.2,6.1,18.0,75.5,No,70.7,Placed
STU04630,Male,Civil,3.6,61.9,4.2,3.3,6.0,53.1,No,49.7,Not Placed
STU08278,Male,ECE,5.5,,7.5,3.5,12.0,50.0,No,62.7,Not Placed
STU02617,Female,Civil,2.6,57.0,,3.4,13.0,54.5,Yes,58.6,Not Placed
STU00634,Female,CSE,2.6,,6.5,5.6,6.0,50.3,No,44.4,Not Placed
STU04653,Female,IT,4.9,77.5,5.3,5.8,14.0,68.3,No,70.1,Not Placed
STU02969,Male,Civil,1.9,94.4,9.0,3.0,19.0,87.0,Yes,79.0,Placed
STU03505,Male,ECE,4.1,88.6,4.8,5.8,15.0,73.1,No,78.9,Placed
STU08730,Female,Commerce,3.0,61.7,4.7,3.8,7.0,40.9,No,41.2,Not Placed
STU00591,Male,ECE,3.2,72.0,6.5,2.7,11.0,37.9,Yes,50.2,Not Placed
STU05903,Male,IT,4.2,67.2,8.3,6.4,13.0,,No,61.5,Not Placed
STU06079,Female,Civil,3.8,86.0,6.3,4.5,20.0,80.7,No,76.2,Placed
STU00887,Female,Mechanical,5.4,92.8,7.5,5.1,20.0,72.6,No,92.6,Placed
STU03691,Female,Commerce,2.1,79.0,8.0,5.1,12.0,65.2,No,71.6,Not Placed
STU04083,Female,IT,1.7,79.1,7.9,5.5,15.0,62.1,No,54.1,Not Placed
STU08561,Male,Commerce,1.3,71.7,4.4,5.2,12.0,78.7,Yes,55.5,Placed
STU03999,Female,Commerce,1.2,60.1,6.6,4.6,11.0,44.1,Yes,36.2,Not Placed
STU04592,Male,CSE,4.9,78.9,10.0,3.6,,66.6,No,68.7,Placed
STU03049,Female,IT,5.8,76.2,7.7,3.0,16.0,69.2,Yes,74.9,Placed
STU06177,Male,IT,4.5,74.9,7.7,1.9,14.0,62.6,No,59.2,Not Placed
STU00363,Female,Commerce,3.9,83.4,8.7,2.5,18.0,69.4,Yes,69.7,Placed
STU02028,Male,ECE,0.7,55.2,6.3,6.5,1.0,43.1,No,31.5,Not Placed
STU08417,Female,CSE,1.2,64.1,5.6,3.9,12.0,62.1,Yes,50.0,Placed
STU05247,Female,Commerce,5.9,100.0,7.5,2.1,20.0,99.3,Yes,100.0,Placed
STU00829,Female,ECE,4.4,83.5,5.9,2.8,15.0,74.9,No,72.5,Not Placed
STU09879,M,Civil,6.7,80.4,5.9,3.7,8.0,,Yes,67.1,Not Placed
STU00644,Female,Civil,3.3,69.4,5.8,2.7,13.0,70.6,No,68.6,Placed
STU09514,Male,Mechanical,2.5,68.6,5.5,4.3,,52.9,No,53.4,Not Placed
STU06748,Male,CSE,2.9,83.5,6.9,4.8,14.0,58.1,Yes,53.3,Placed
STU08037,Female,IT,4.1,78.3,7.3,5.5,16.0,67.3,No,69.9,Placed
STU01017,Female,ECE,4.0,81.7,7.5,1.8,12.0,65.8,No,62.5,Not Placed
STU00663,Female,Mechanical,4.4,68.7,7.0,7.4,15.0,51.1,Yes,56.4,Not Placed
STU05090,Female,CSE,4.9,85.5,6.2,3.7,20.0,77.9,No,74.5,Placed
STU04745,Male,Commerce,3.7,68.5,5.2,2.7,16.0,66.8,Yes,61.9,Placed
STU02083,Male,Civil,5.1,75.3,5.6,7.4,10.0,47.0,Yes,49.8,Not Placed
STU02168,Male,CSE,2.1,47.0,6.7,5.5,3.0,39.6,No,33.4,Not Placed
STU05809,Male,IT,2.9,69.9,7.1,3.5,12.0,55.6,No,61.1,Not Placed
STU00071,Female,ECE,3.3,,5.6,5.3,8.0,51.8,Yes,43.6,Not Placed
STU09020,Female,IT,,84.9,8.3,4.8,13.0,65.2,No,73.8,Not Placed
STU05181,Female,Mechanical,1.3,58.8,3.9,4.6,7.0,48.9,No,39.8,Not Placed
STU09220,Female,Commerce,3.7,,7.6,7.2,12.0,59.6,Yes,64.7,Not Placed
STU02627,Female,Mechanical,6.4,89.3,5.1,4.9,20.0,68.5,Yes,82.9,Placed
STU09507,Female,IT,1.5,66.6,7.0,3.6,9.0,56.5,No,44.9,Not Placed
STU09440,Male,IT,1.6,69.8,6.8,5.2,16.0,57.3,No,52.3,Not Placed
STU05783,female,ECE,2.4,68.4,6.7,3.3,5.0,53.4,No,45.9,Not Placed
STU06004,Female,CSE,4.4,90.0,6.8,4.8,12.0,,No,66.8,Placed
STU03197,Male,CSE,2.2,61.0,4.3,4.7,7.0,44.6,Yes,39.3,Not Placed
STU05409,Female,CSE,2.7,79.2,5.5,3.9,12.0,49.4,No,52.8,Not Placed
STU06927,Female,Civil,5.5,62.1,6.8,4.7,7.0,44.8,Yes,49.0,Not Placed
STU02638,Male,CSE,6.4,83.9,6.5,3.1,18.0,49.4,Yes,62.2,Placed
STU09884,Female,CSE,2.5,63.8,6.0,5.3,13.0,68.0,Yes,54.0,Placed
STU02222,Female,IT,2.3,65.6,6.8,5.8,9.0,55.9,No,53.6,Not Placed
STU09408,Female,,1.8,58.4,6.7,5.0,8.0,53.8,No,43.3,Not Placed
STU09830,Male,CSE,1.9,69.6,6.8,4.5,11.0,58.2,No,44.6,Not Placed
STU06769,Female,CSE,6.2,92.4,7.5,1.4,19.0,89.0,No,85.7,Placed
STU05025,Male,CSE,2.4,64.6,6.1,3.6,9.0,,No,41.0,Not Placed
STU07290,Female,Civil,5.3,83.4,6.8,3.7,15.0,59.0,No,60.5,Not Placed
STU08657,Female,Civil,2.5,64.6,7.8,2.7,13.0,45.4,Yes,61.6,Not Placed
STU07164,Male,CSE,3.4,73.1,5.6,1.9,18.0,61.5,Yes,69.8,Placed
STU02896,female,IT,1.1,62.9,7.1,5.9,8.0,42.3,Yes,33.5,Not Placed
STU04059,Female,IT,1.6,78.6,6.7,6.0,16.0,67.4,No,56.6,Not Placed
STU09897,Female,Commerce,4.6,82.6,3.8,3.1,11.0,69.2,No,62.1,Not Placed
STU08331,Male,IT,1.6,59.5,6.5,8.8,8.0,26.1,Yes,25.5,Not Placed
STU02657,Female,ECE,4.2,72.8,7.6,4.5,13.0,64.8,Yes,66.5,Placed
STU08655,Male,IT,3.8,76.5,6.4,,10.0,44.2,Yes,60.9,Placed
STU03413,Male,CSE,3.4,84.4,7.5,3.1,17.0,56.4,Yes,63.4,Placed
STU08782,Female,CSE,2.8,84.7,5.5,3.8,14.0,58.8,No,58.2,Not Placed
STU00010,Male,Civil,2.5,64.1,8.0,6.2,10.0,50.0,No,41.0,Not Placed
STU09057,Female,IT,5.7,92.5,7.6,3.6,20.0,86.6,No,94.7,Placed
STU07000,Male,ECE,2.4,69.2,6.8,1.2,12.0,68.7,No,62.6,Not Placed
STU02454,Female,ECE,0.4,67.8,8.2,4.3,12.0,53.6,No,36.3,Not Placed
STU09431,Male,CSE,1.8,67.7,5.2,8.6,9.0,46.1,Yes,37.3,Not Placed
STU05575,Female,IT,6.8,90.8,7.5,3.5,19.0,65.7,No,84.5,Placed
STU03066,Male,CSE,1.4,74.9,6.2,4.7,11.0,54.6,Yes,47.8,Placed
STU06731,Female,ECE,4.6,70.0,6.0,4.1,17.0,67.4,Yes,56.5,Placed
STU05534,Female,Mechanical,4.3,73.1,7.2,6.0,17.0,74.9,Yes,62.2,Placed
STU01957,Male,Mechanical,4.1,89.1,8.0,2.7,16.0,64.7,Yes,78.6,Placed
STU08471,Female,CSE,4.5,75.0,4.4,4.5,11.0,62.0,No,63.1,Not Placed
STU07229,Male,Commerce,2.2,71.8,8.8,4.2,9.0,52.7,No,59.6,Not Placed
STU07443,Male,IT,4.4,72.1,5.4,1.1,18.0,55.7,No,67.8,Not Placed
STU09741,Male,Commerce,5.4,95.7,6.0,1.7,18.0,87.8,No,82.6,Placed
STU09554,Female,Civil,3.1,81.0,5.1,8.0,7.0,67.8,Yes,54.0,Not Placed
STU01483,Female,CSE,3.2,68.2,,5.6,13.0,65.6,Yes,57.3,Not Placed
STU04245,Male,CSE,4.4,78.1,8.4,3.8,17.0,56.0,No,67.5,Not Placed
STU08328,Male,CSE,1.7,79.1,7.0,4.7,16.0,64.1,No,60.6,Placed
STU02731,Male,IT,1.9,74.2,6.6,,8.0,37.9,Yes,48.4,Not Placed
STU07531,Female,IT,2.6,79.5,8.6,5.9,12.0,50.1,No,55.9,Not Placed
STU02494,Female,ECE,2.0,78.7,8.9,3.4,12.0,50.7,Yes,58.1,Not Placed
STU04127,Male,Mechanical,3.7,71.9,8.4,3.0,17.0,71.5,Yes,63.7,Placed
STU07119,Female,ECE,4.4,84.7,5.3,4.6,9.0,50.2,No,54.4,Not Placed
STU00285,Male,IT,3.0,72.9,7.5,6.6,8.0,66.8,No,65.0,Not Placed
STU03418,Male,Commerce,4.1,75.0,8.9,3.1,12.0,72.1,Yes,64.9,Placed
STU02037,Female,Commerce,3.2,69.9,4.2,4.0,10.0,47.2,Yes,41.2,Not Placed
STU00821,Female,CSE,3.3,70.8,6.6,4.0,8.0,60.1,No,65.1,Placed
STU09611,Female,IT,1.8,60.6,5.2,7.3,4.0,57.6,No,30.5,Not Placed
STU06735,Male,IT,5.6,91.3,6.8,3.3,20.0,68.3,No,72.4,Placed
STU03877,Male,Commerce,3.7,64.9,5.9,5.0,6.0,51.1,Yes,44.6,Not Placed
STU08647,Female,IT,3.0,83.2,5.4,6.3,9.0,52.4,Yes,47.4,Not Placed
STU08513,Male,ECE,1.9,57.9,6.3,6.6,10.0,63.5,No,52.0,Not Placed
STU00525,Female,CSE,2.6,88.3,10.0,5.4,18.0,88.9,Yes,84.2,Placed
STU00892,Male,IT,1.9,70.7,8.3,4.2,10.0,53.3,No,48.1,Not Placed
STU03593,Male,ECE,4.6,98.3,6.2,4.0,20.0,85.5,No,88.3,Placed
STU08631,Female,CSE,1.2,63.9,7.4,5.0,16.0,55.4,No,62.9,Not Placed
STU04671,Female,CSE,0.0,44.8,5.4,5.7,5.0,50.0,No,36.2,Not Placed
STU09113,Male,Civil,,85.0,4.7,3.7,10.0,57.4,No,48.1,Not Placed
STU09943,Male,cse,1.0,,6.2,7.3,10.0,43.7,No,39.7,Not Placed
STU01530,Male,ECE,4.3,82.1,5.2,4.3,12.0,77.4,No,59.7,Not Placed
STU02943,Female,Civil,3.0,71.6,7.2,5.1,12.0,56.5,No,47.9,Not Placed
STU00499,Female,IT,2.7,59.0,6.9,4.7,6.0,41.9,Yes,49.4,Not Placed
STU02547,Female,Mechanical,4.4,73.6,5.2,5.6,11.0,59.1,No,53.5,Not Placed
STU02783,Female,Commerce,4.0,78.5,6.7,3.9,14.0,81.4,No,67.2,Placed
STU05080,Male,IT,,83.3,6.8,3.6,13.0,41.4,Yes,63.3,Placed
STU05968,Male,Commerce,4.3,87.5,9.7,6.1,15.0,67.3,Yes,71.4,Placed
STU04247,Male,ECE,4.6,83.8,6.5,4.8,16.0,70.9,No,68.9,Placed
STU00380,Male,IT,4.3,68.0,5.4,4.4,16.0,63.1,No,64.0,Placed
STU02581,Male,Mechanical,1.5,69.4,6.8,6.0,,49.5,No,44.8,Not Placed
STU05197,Male,Commerce,4.1,78.1,5.2,2.5,16.0,63.1,No,72.3,Placed
STU04865,Female,CSE,1.9,70.6,8.3,4.5,11.0,49.5,Yes,53.9,Not Placed
STU09315,Male,ECE,6.2,,6.8,5.0,17.0,74.4,No,76.6,Placed
STU09558,Female,IT,3.5,77.9,7.1,,17.0,54.4,Yes,61.4,Placed
STU00191,Female,Commerce,7.6,100.0,5.2,5.0,18.0,77.9,Yes,87.5,Placed
STU06575,Male,Commerce,3.9,64.8,7.0,6.6,,63.8,No,65.3,Not Placed
STU01721,Male,CSE,4.6,84.1,8.6,3.4,15.0,80.3,No,78.0,Placed
STU08402,Male,IT,4.9,88.6,6.9,3.8,16.0,75.2,Yes,78.2,Placed
STU07589,Female,CSE,5.3,,4.6,4.1,10.0,58.5,No,61.4,Not Placed
STU00021,Female,Mechanical,1.5,67.3,7.5,6.3,11.0,58.1,No,49.4,Not Placed
STU07221,Male,Mechanical,3.3,70.1,7.3,6.4,14.0,73.0,No,55.4,Placed
STU06409,Male,ECE,0.0,62.8,6.2,6.9,9.0,56.5,Yes,35.6,Not Placed
STU03889,Male,ECE,3.4,73.8,6.2,4.0,9.0,52.2,Yes,51.5,Not Placed
STU02867,Male,Commerce,4.5,76.4,5.9,2.6,17.0,61.5,Yes,65.3,Not Placed
STU02047,Male,Commerce,4.6,,4.7,4.9,16.0,59.4,Yes,75.1,Placed
STU07492,Male,Civil,3.2,89.5,6.6,6.2,10.0,62.6,No,64.0,Not Placed
STU09060,Female,Mechanical,2.9,78.7,5.9,1.9,16.0,,No,70.6,Not Placed
STU05103,Female,Mechanical,3.7,83.1,7.2,3.3,18.0,71.1,No,72.1,Not Placed
STU07433,Female,Mechanical,4.2,79.2,5.4,3.9,18.0,75.0,No,74.2,Placed
STU08367,Female,CSE,3.1,81.4,6.6,3.6,11.0,61.9,Yes,60.5,Not Placed
STU08640,Female,ECE,3.4,59.1,7.2,4.8,12.0,42.9,No,45.9,Not Placed
STU09065,Female,ECE,2.3,63.3,8.5,6.9,11.0,72.0,Yes,56.2,Placed
STU09560,Male,CSE,1.6,54.8,6.3,6.2,1.0,27.3,No,17.5,Not Placed
STU00190,Male,IT,4.5,98.4,6.1,4.1,17.0,74.4,No,73.2,Placed
STU08391,Female,CSE,2.7,70.6,7.7,5.3,6.0,55.8,No,50.2,Not Placed
STU04907,Male,CSE,5.6,91.7,4.3,1.9,15.0,63.5,No,73.0,Not Placed
STU00151,Male,Mechanical,,76.5,5.4,4.0,11.0,67.6,No,55.6,Not Placed
STU06607,Female,ece,2.8,81.9,7.1,2.2,13.0,46.9,Yes,53.4,Not Placed
STU00023,Male,CSE,6.1,86.6,6.2,2.5,18.0,70.6,Yes,75.0,Placed
STU01976,Female,Civil,5.8,76.6,6.4,4.0,11.0,75.8,No,77.8,Placed
STU07901,Female,CSE,2.8,71.2,5.4,3.7,9.0,58.7,Yes,47.2,Placed
STU08846,Female,CSE,5.0,94.9,8.2,2.9,18.0,66.9,No,67.8,Placed
STU05428,Male,CSE,4.5,72.2,6.4,4.6,16.0,55.8,Yes,60.9,Placed
STU06497,Male,CSE,1.6,71.0,8.0,6.3,11.0,70.7,Yes,47.8,Placed
STU06992,Male,IT,4.5,81.9,7.7,5.4,14.0,75.3,No,70.3,Placed
STU04754,Male,Civil,3.2,72.4,7.0,5.5,8.0,43.9,Yes,50.2,Not Placed
STU02356,Female,Civil,0.2,55.5,7.0,12.3,4.0,40.3,No,34.1,Not Placed
STU07273,Female,IT,3.2,65.8,5.0,4.8,9.0,34.4,Yes,35.2,Not Placed
STU06832,Male,IT,0.0,,6.8,6.9,16.0,49.2,No,49.4,Placed
STU01383,Male,Civil,2.4,79.2,6.8,7.0,12.0,56.2,Yes,48.0,Not Placed
STU01808,Male,ECE,5.1,85.9,5.8,4.1,16.0,59.4,No,62.0,Not Placed
STU08855,Female,CSE,5.0,88.0,6.9,4.7,17.0,83.1,Yes,79.6,Placed
STU02799,Female,Mechanical,5.5,80.7,6.7,6.1,19.0,75.1,No,82.1,Placed
STU00551,Male,CSE,5.2,82.3,8.9,3.5,19.0,69.7,No,74.7,Placed
STU06312,Male,,4.8,,7.1,4.3,17.0,74.6,No,70.5,Not Placed
STU02707,Female,CSE,2.6,76.2,6.6,1.8,11.0,68.1,Yes,66.0,Placed
STU06747,Female,CSE,5.5,86.1,7.0,2.5,9.0,64.7,No,71.5,Placed
STU01289,Male,CSE,,95.9,7.4,3.1,20.0,91.6,No,96.0,Placed
STU06518,Male,IT,5.8,66.6,5.6,4.9,10.0,42.3,No,52.3,Not Placed
STU09539,Male,Commerce,5.2,93.3,7.4,7.8,20.0,82.8,Yes,90.7,Placed
STU05036,Male,CSE,3.2,66.0,9.4,4.0,7.0,47.1,Yes,46.7,Placed
STU07386,Female,Civil,2.4,74.9,5.6,3.5,10.0,60.5,Yes,55.2,Placed
STU02818,Female,Civil,3.4,95.4,8.1,7.2,20.0,88.4,No,76.1,Placed
STU08262,Male,ECE,1.7,69.0,6.0,2.9,14.0,60.9,No,61.3,Not Placed
STU07466,Female,Commerce,4.5,69.8,14.0,3.8,16.0,70.0,Yes,72.7,Placed
STU07598,Female,Civil,1.4,69.3,4.3,5.8,9.0,40.7,No,40.3,Not Placed
STU05986,Female,ECE,2.4,85.1,4.8,6.0,14.0,,Yes,54.0,Not Placed
STU09585,Female,IT,3.1,86.2,,5.9,18.0,56.6,No,57.2,Placed
STU09321,Female,IT,4.4,76.5,7.3,1.9,14.0,74.4,Yes,72.0,Placed
STU02104,Female,CSE,4.3,76.8,8.9,6.6,18.0,65.3,No,76.9,Placed
STU05624,Male,Commerce,4.2,70.1,6.7,4.2,,42.2,Yes,50.8,Not Placed
STU04437,Female,Mechanical,4.9,84.6,7.2,2.0,8.0,67.2,Yes,74.9,Placed
STU02415,Female,Commerce,4.8,86.7,7.3,2.6,16.0,73.1,No,73.7,Placed
STU04991,Male,Civil,2.1,58.6,6.5,8.8,6.0,48.4,No,45.4,Not Placed
STU02830,Male,CSE,4.4,94.5,6.7,0.9,20.0,88.7,No,84.7,Placed
STU03604,Male,IT,5.4,82.1,6.8,2.2,18.0,71.0,No,76.2,Placed
STU04517,Female,Commerce,3.8,81.2,6.1,3.3,13.0,75.2,Yes,69.5,Placed
STU04858,Female,Mechanical,5.0,69.1,5.9,1.1,10.0,50.5,Yes,62.8,Not Placed
STU03516,Male,CSE,3.8,71.3,7.0,5.2,13.0,53.3,No,59.3,Not Placed
STU02390,Male,CSE,2.4,79.9,6.0,2.7,15.0,75.0,No,68.6,Placed
STU06663,Male,CSE,3.2,65.8,7.7,8.4,2.0,28.1,Yes,37.7,Not Placed
STU07350,Male,CSE,5.2,83.8,6.0,4.3,18.0,68.8,Yes,72.9,Placed
STU00865,Male,Civil,0.1,60.5,6.5,6.3,11.0,54.9,No,46.0,Not Placed
STU01869,Male,IT,2.0,65.1,7.6,4.1,13.0,57.9,Yes,57.4,Not Placed
STU04085,Female,CSE,3.1,82.0,6.0,2.0,15.0,82.7,Yes,74.6,Placed
STU00504,Female,CSE,1.8,53.1,7.4,3.8,5.0,37.0,Yes,35.5,Not Placed
STU03442,Female,Civil,3.4,78.6,6.9,4.7,15.0,48.1,Yes,66.4,Placed
STU05675,Female,ECE,5.7,69.9,3.3,4.9,12.0,57.4,No,46.7,Not Placed
STU03805,Female,Mechanical,2.4,92.6,7.3,5.0,18.0,81.0,No,71.4,Placed
STU00770,Female,Mechanical,4.5,86.0,7.4,3.2,19.0,,No,86.2,Placed
STU00885,Male,IT,1.7,62.0,9.8,5.1,7.0,60.5,Yes,43.6,Not Placed
STU05657,Female,Civil,4.0,69.5,9.2,5.8,8.0,,No,50.3,Not Placed
STU08767,Female,Commerce,4.9,90.8,7.6,5.8,16.0,70.6,No,80.1,Not Placed
STU09160,Female,CSE,5.9,100.0,7.3,5.6,19.0,73.6,Yes,82.3,Placed
STU06595,Male,Commerce,1.8,72.8,5.1,4.3,12.0,58.9,No,59.9,Not Placed
STU02527,Female,Mechanical,3.0,77.9,7.0,4.3,10.0,75.5,No,60.9,Placed
STU08773,Male,CSE,3.8,71.9,6.0,4.3,9.0,57.2,No,52.4,Not Placed
STU02441,Female,Civil,3.5,67.5,8.1,7.3,9.0,58.4,Yes,56.6,Not Placed
STU04006,Female,Commerce,6.0,84.2,6.2,3.1,16.0,68.6,Yes,66.9,Not Placed
STU01287,Male,Commerce,0.7,54.2,7.5,3.5,4.0,37.1,Yes,44.6,Not Placed
STU07194,Female,ECE,2.7,66.3,6.3,3.2,9.0,39.4,No,46.2,Not Placed
STU05389,Male,ECE,2.1,67.1,7.3,5.1,9.0,60.3,Yes,52.5,Not Placed
STU03594,Female,CSE,2.6,82.2,7.6,2.4,14.0,73.6,Yes,70.1,Not Placed
STU00711,Female,IT,3.7,60.3,5.9,6.5,10.0,50.8,Yes,51.5,Not Placed
STU02341,Female,Mechanical,,87.5,6.9,4.0,20.0,87.6,Yes,90.0,Placed
STU01867,Male,ECE,4.2,75.6,6.9,4.7,16.0,57.4,Yes,60.8,Not Placed
STU00099,Male,Mechanical,4.7,67.1,5.6,4.4,14.0,70.4,No,60.0,Not Placed
STU04987,Male,CSE,3.3,79.3,5.3,,15.0,65.8,No,57.3,Placed
STU01402,Female,IT,1.7,67.6,7.8,6.6,8.0,56.4,No,49.0,Placed
STU01983,Male,IT,4.4,90.3,6.2,2.2,12.0,66.1,No,69.9,Placed
STU09835,Female,CSE,2.4,72.2,6.7,4.2,12.0,57.6,No,62.8,Not Placed
STU08806,Male,Mechanical,,78.9,7.6,2.7,20.0,83.1,No,83.3,Placed
STU05932,Male,CSE,4.0,75.5,,2.7,11.0,56.6,No,58.1,Not Placed
STU05136,Male,ECE,3.7,67.1,6.8,4.4,11.0,56.8,Yes,54.6,Placed
STU04354,Female,ECE,2.6,73.5,5.8,7.2,11.0,40.6,No,43.4,Not Placed
STU04893,Female,Civil,2.7,64.0,8.2,4.2,12.0,,No,61.0,Not Placed
STU02596,Female,Mechanical,2.3,71.5,6.5,5.5,10.0,41.7,Yes,38.6,Not Placed
STU05052,Female,Civil,4.5,73.3,7.4,3.8,12.0,74.2,Yes,72.1,Placed
STU05159,Female,IT,6.0,72.7,8.0,3.1,9.0,65.2,Yes,68.7,Placed
STU07818,Female,IT,1.4,61.1,8.8,6.3,7.0,45.3,No,38.3,Not Placed
STU01251,male,IT,4.4,72.1,5.5,4.2,15.0,63.3,No,64.6,Placed
STU04674,Male,CSE,5.2,87.9,7.6,2.7,11.0,,Yes,72.0,Placed
STU01466,Female,Commerce,2.7,84.0,7.0,4.2,11.0,73.2,No,57.0,Not Placed
STU08080,Male,IT,6.2,91.2,5.5,1.3,20.0,96.4,No,94.1,Placed
STU09650,Male,CSE,3.4,71.3,8.7,6.8,14.0,66.5,No,54.1,Placed
STU05727,Female,CSE,0.9,,6.9,5.8,7.0,,Yes,27.0,Not Placed
STU01399,Male,Mechanical,3.9,78.1,7.7,4.5,17.0,54.8,No,67.0,Placed
STU04767,Female,IT,3.2,73.8,6.2,5.7,8.0,39.8,Yes,52.9,Placed
STU05359,Male,Commerce,2.2,72.2,6.2,3.6,14.0,54.1,No,57.5,Not Placed
STU05523,Female,CSE,1.6,63.2,7.3,3.5,14.0,64.4,Yes,57.9,Placed
STU02762,Male,IT,0.4,,6.8,7.4,8.0,50.7,No,45.3,Not Placed
STU09615,Female,Commerce,6.4,98.4,6.8,4.2,16.0,65.7,No,79.3,Not Placed
STU06555,Female,,3.2,82.2,8.1,6.3,12.0,55.6,No,56.2,Not Placed
STU04368,Male,ECE,2.1,70.6,5.1,6.8,14.0,65.7,No,56.0,Not Placed
STU02023,Male,CSE,0.3,67.4,8.3,,17.0,61.6,Yes,68.8,Placed
STU01197,Female,Mechanical,2.3,64.0,8.5,8.1,7.0,42.2,No,42.5,Not Placed
STU04513,Male,CSE,4.7,89.1,7.3,3.5,18.0,68.8,No,79.1,Placed
STU01134,Male,IT,5.9,,7.2,2.5,20.0,79.3,No,78.6,Placed
STU02286,Male,CSE,3.7,80.0,5.9,5.5,12.0,63.4,Yes,62.5,Placed
STU07183,Female,ECE,2.5,77.7,6.9,3.4,13.0,60.0,Yes,57.0,Not Placed
STU05659,Male,ECE,4.6,80.3,6.6,2.8,12.0,,No,66.9,Placed
STU07397,Male,Mechanical,4.3,79.4,6.7,3.3,18.0,68.9,Yes,76.9,Placed
STU06861,Female,CSE,,66.8,6.8,4.6,14.0,59.7,No,62.2,Placed
STU05400,Male,Mechanical,4.4,79.2,8.1,4.1,15.0,85.6,No,74.4,Placed
STU03452,Male,ECE,4.5,89.4,5.6,2.8,14.0,80.2,Yes,73.4,Placed
STU07528,Male,IT,4.5,88.9,7.4,3.6,11.0,70.0,Yes,65.6,Placed
STU01012,Female,CSE,6.5,100.0,6.4,6.0,15.0,65.2,No,69.8,Not Placed
STU02644,Male,ECE,3.6,71.4,7.0,4.6,13.0,58.9,Yes,51.9,Placed
STU07185,Female,Mechanical,7.2,91.3,7.8,2.5,16.0,54.8,No,84.5,Placed
STU08507,Male,Mechanical,1.2,69.4,3.6,5.2,11.0,60.2,No,40.6,Not Placed
STU07232,Male,ECE,5.8,93.1,7.2,5.7,17.0,69.2,No,73.2,Not Placed
STU01237,Female,ECE,3.0,79.7,5.3,3.2,13.0,57.4,No,60.8,Not Placed
STU05800,Male,IT,3.3,77.7,7.3,3.8,16.0,70.1,No,76.7,Placed
STU06643,Female,ECE,3.2,76.3,6.6,5.6,12.0,52.6,No,49.0,Not Placed
STU04995,Female,ECE,2.9,62.5,5.5,5.2,13.0,75.0,Yes,55.9,Not Placed
STU09495,Female,ECE,3.5,79.9,7.6,3.0,8.0,35.6,No,46.3,Not Placed
STU07169,Female,ECE,2.7,59.7,7.2,3.8,5.0,51.6,Yes,50.0,Not Placed
STU08366,F,ECE,3.9,87.1,7.3,3.3,15.0,56.0,No,71.8,Not Placed
STU03447,Male,CSE,5.2,64.4,4.6,3.3,11.0,62.3,Yes,54.8,Placed
STU04297,Female,ECE,3.6,78.5,6.5,8.0,14.0,62.9,Yes,49.1,Not Placed
STU05824,Male,Mechanical,4.3,69.0,7.3,3.9,12.0,57.0,No,59.3,Not Placed
STU09097,Male,ECE,1.2,56.8,5.9,4.5,11.0,55.7,Yes,44.0,Not Placed
STU06805,Female,ECE,3.3,82.3,6.4,6.4,18.0,57.0,No,65.0,Not Placed
STU01843,Female,CSE,4.7,100.0,7.0,6.3,13.0,69.6,No,82.8,Placed
STU00735,Female,CSE,4.9,74.4,7.7,3.3,,60.1,No,60.0,Placed
STU00463,Male,Commerce,4.0,67.6,8.4,4.9,5.0,52.1,No,58.7,Not Placed
STU02740,Male,Civil,4.8,76.2,7.7,3.8,15.0,87.3,No,88.4,Placed
STU01207,Male,Civil,1.0,70.5,6.5,5.0,6.0,65.1,No,38.5,Not Placed
STU06808,Male,CSE,2.2,75.3,6.6,4.7,10.0,70.0,Yes,63.7,Placed
STU02320,Female,ECE,1.6,,8.3,5.5,10.0,51.4,Yes,50.3,Not Placed
STU03065,Female,Civil,,,6.4,4.3,15.0,67.4,Yes,60.0,Not Placed
STU00600,Male,Civil,1.3,65.4,6.5,5.4,6.0,29.1,No,25.4,Not Placed
STU09035,F,Mechanical,5.1,89.5,8.0,2.5,20.0,72.1,No,76.1,Placed
STU03352,Male,ECE,4.2,84.7,7.5,3.1,,57.8,No,66.1,Not Placed
STU09374,Female,IT,5.0,82.1,5.4,1.8,19.0,60.4,Yes,73.6,Placed
STU03545,Male,CSE,5.4,75.3,5.2,1.1,14.0,49.7,No,63.7,Not Placed
STU00401,Male,IT,4.0,85.4,5.8,3.8,12.0,56.7,Yes,69.8,Placed
STU03322,Female,IT,3.8,86.4,6.7,5.5,14.0,61.1,No,53.3,Not Placed
STU06311,Male,IT,2.9,81.3,6.2,2.6,17.0,68.7,Yes,63.4,Placed
STU01777,Male,Mechanical,3.9,73.2,5.5,2.6,13.0,40.8,Yes,49.0,Not Placed
STU09372,Male,Mechanical,1.7,61.8,6.0,,11.0,61.5,No,43.6,Not Placed
STU00515,Female,ECE,6.8,84.4,6.1,3.0,15.0,73.3,No,81.4,Placed
STU03163,Female,IT,3.7,75.9,6.0,4.5,17.0,62.8,No,57.9,Not Placed
STU05141,Female,CSE,3.1,66.2,6.4,3.7,9.0,61.7,Yes,46.3,Placed
STU06610,Female,ECE,4.5,77.5,6.6,5.5,13.0,48.8,No,49.4,Not Placed
STU09363,Female,CSE,,100.0,7.0,2.2,20.0,99.1,Yes,97.2,Placed
STU02545,Male,ECE,2.2,63.0,6.8,2.3,13.0,,No,65.6,Placed
STU07581,Male,CSE,3.4,90.2,6.6,2.5,20.0,81.4,Yes,76.1,Placed
STU07246,Male,Mechanical,4.1,83.1,8.4,4.7,11.0,78.2,Yes,77.3,Placed
STU05246,Female,CSE,2.7,63.5,4.2,2.4,10.0,68.9,No,55.6,Not Placed
STU00815,Female,CSE,2.8,65.4,6.1,5.5,12.0,66.5,No,55.4,Placed
STU08046,Female, Commerce ,2.9,76.4,6.0,3.1,9.0,57.6,No,48.2,Not Placed
STU08761,Male,Mechanical,4.8,81.4,6.3,3.0,13.0,81.3,No,80.5,Placed
STU02207,Male,CSE,4.3,83.1,8.9,4.4,11.0,55.3,Yes,63.1,Placed
STU02753,Male,CSE,2.4,,7.2,6.7,3.0,56.3,Yes,33.3,Not Placed
STU04988,Female,Civil,5.5,73.7,8.2,2.7,15.0,80.3,No,80.4,Placed
STU08731,Female,Commerce,3.8,83.6,6.0,5.7,12.0,69.8,No,62.2,Placed
STU09017,Female,Commerce,1.6,,4.2,6.7,10.0,55.2,No,39.0,Not Placed
STU00704,Female,ECE,3.8,77.4,6.8,5.8,10.0,,No,59.6,Not Placed
STU00830,Male,CSE,0.6,55.6,7.4,7.5,3.0,31.0,Yes,31.7,Not Placed
STU06507,Male,Mechanical,2.7,70.7,7.2,4.2,12.0,55.7,No,56.7,Not Placed
STU01036,Female,ECE,4.4,73.6,7.0,,11.0,70.0,No,71.8,Not Placed
STU07589,Female,CSE,5.3,,4.6,4.1,10.0,58.5,No,61.4,Not Placed
STU00220,Female,CSE,3.2,61.3,7.3,6.6,10.0,54.7,No,48.1,Not Placed
STU08264,Male,Commerce,3.0,81.6,6.9,4.6,13.0,59.8,No,56.8,Not Placed
STU03549,Male,ECE,3.3,64.6,4.7,7.0,10.0,50.9,No,38.5,Not Placed
STU06657,Male,ECE,3.8,72.7,8.2,3.4,13.0,58.8,No,59.6,Not Placed
STU07121,Female,CSE,1.7,,7.0,5.9,14.0,62.9,Yes,48.7,Not Placed
STU07886,Male, Mechanical ,4.6,68.4,7.1,5.8,7.0,49.6,Yes,58.4,Not Placed
STU07817,Male,IT,2.5,75.8,6.6,2.2,18.0,70.4,Yes,67.3,Placed
STU06364,Male,Commerce,1.1,65.3,5.6,8.2,9.0,54.1,No,37.6,Not Placed
STU09089,Female,CSE,1.2,63.9,4.7,7.9,6.0,31.9,Yes,29.3,Not Placed
STU00017,Female,ECE,2.9,76.5,7.4,1.6,14.0,57.9,No,65.0,Not Placed
STU09871,Female,CSE,1.6,58.4,7.3,6.9,9.0,53.1,No,54.1,Not Placed
STU03644,Female,Mechanical,1.2,62.5,5.3,5.6,10.0,68.1,Yes,58.1,Placed
STU02787,Male,Commerce,2.5,71.6,8.6,,14.0,66.8,No,47.6,Not Placed
STU00822,Male,Commerce,6.3,94.8,4.7,2.0,18.0,72.2,Yes,76.1,Placed
STU04624,Male,CSE,4.5,83.5,5.9,4.4,16.0,67.6,Yes,67.7,Placed
STU02678,Female,Mechanical,4.5,,9.1,3.3,14.0,60.7,Yes,68.7,Placed
STU05606,Female,CSE,1.7,,7.6,5.7,12.0,37.4,No,40.6,Not Placed
STU04009,Female,Civil,3.9,78.9,5.2,7.5,12.0,57.6,No,51.7,Not Placed
STU05511,Female,IT,5.2,79.3,7.8,3.3,11.0,67.7,Yes,77.8,Placed
STU00517,Female,CSE,3.8,84.9,6.0,1.7,19.0,71.9,Yes,85.8,Placed
STU06695,Male,CSE,1.6,63.5,7.1,5.0,10.0,56.8,No,41.5,Not Placed
STU02049,Male,Mechanical,3.7,81.8,5.7,5.3,12.0,66.9,Yes,55.9,Not Placed
STU05839,Female,CSE,3.8,78.8,6.9,4.5,13.0,53.8,No,58.3,Placed
STU09629,Female,ECE,5.5,94.6,6.6,0.2,15.0,72.1,Yes,75.4,Placed
STU07767,Female,Mechanical,5.2,91.7,,,16.0,70.4,No,72.0,Not Placed
STU09052,Male,CSE,2.8,75.4,7.8,8.0,9.0,59.0,No,50.3,Not Placed
STU00601,Female,CSE,3.3,74.7,6.9,2.1,,72.0,Yes,67.1,Placed
STU02750,Female,CSE,4.9,79.5,5.1,2.7,17.0,60.0,No,67.4,Not Placed
STU08884,Female,Commerce,7.0,89.9,5.2,3.0,18.0,86.1,No,78.2,Placed
STU03256,Male,Civil,2.4,81.0,7.7,1.4,14.0,71.2,No,72.9,Not Placed
STU07122,Female,Mechanical,4.6,78.7,7.4,2.4,16.0,,Yes,85.4,Placed
STU07172,Female,Mechanical,3.5,69.7,4.9,5.5,12.0,52.9,Yes,60.0,Not Placed
STU02840,Male,CSE,4.8,75.0,5.4,5.2,9.0,63.9,No,54.1,Not Placed
STU06880,Female,Mechanical,6.5,78.3,8.0,6.0,15.0,64.3,No,74.9,Placed
STU03236,F,CSE,3.0,86.3,6.4,5.3,18.0,67.2,Yes,71.9,Placed
STU05600,Male,cse,3.2,69.4,7.8,7.6,11.0,56.0,Yes,51.6,Not Placed
STU09036,Male,COMMERCE,4.9,92.9,5.1,1.1,20.0,86.3,No,88.0,Placed
STU03840,Male,ECE,1.7,73.4,8.5,6.2,9.0,63.2,No,51.1,Not Placed
STU09029,Female,Mechanical,5.6,80.8,5.9,4.4,13.0,63.7,No,64.4,Placed
STU09932,Male, CSE ,4.3,76.9,9.5,2.6,12.0,71.5,No,73.2,Placed
STU07216,Male,commerce,0.1,60.3,8.1,7.4,9.0,44.7,Yes,37.8,Not Placed
STU03037,Female,IT,2.0,74.2,8.9,4.1,13.0,61.5,Yes,58.7,Placed
STU04951,Female,Mechanical,7.1,86.7,7.1,2.3,19.0,68.5,No,88.8,Placed
STU00488,Female,ECE,5.2,,6.8,1.7,12.0,66.8,No,75.7,Not Placed
STU04967,Male,ECE,3.1,67.0,5.9,3.1,13.0,53.6,Yes,65.2,Placed
STU00593,Female,IT,6.7,88.3,8.3,2.3,18.0,,No,77.8,Placed
STU01609,Female,CSE,3.3,78.7,5.7,4.3,11.0,64.5,No,49.2,Not Placed
STU09762,Female,IT,0.2,46.1,5.8,2.9,6.0,22.2,Yes,31.3,Not Placed
STU06522,Male,ECE,2.3,77.9,5.4,4.5,18.0,70.1,Yes,57.8,Placed
STU07984,Female,Mechanical,3.1,68.5,7.2,4.4,9.0,44.6,No,47.5,Not Placed
STU04196,Male,ECE,2.9,56.7,7.1,6.9,11.0,57.3,No,48.9,Not Placed
STU07339,F,Mechanical,5.8,69.0,6.0,3.1,9.0,64.6,Yes,60.7,Placed
STU08725,Male,Mechanical,4.8,87.5,5.3,3.9,15.0,85.2,No,73.8,Placed
STU02075,Male,CSE,2.5,76.2,5.8,4.4,18.0,65.6,No,57.7,Placed
STU09600,Male,Commerce,2.0,69.0,6.9,4.2,8.0,40.7,No,44.4,Not Placed
STU00358,male,ECE,3.7,80.0,7.5,4.9,13.0,65.4,No,63.2,Placed
STU02850,Male,Mechanical,2.6,73.7,7.0,2.2,13.0,70.1,No,61.2,Not Placed
STU04849,Male,Mechanical,,64.2,6.5,7.5,9.0,57.2,Yes,45.3,Not Placed
STU03366,Male,Mechanical,3.6,67.6,7.3,,7.0,59.0,No,48.6,Not Placed
STU07793,Female,CSE,2.4,68.6,7.0,3.6,,59.2,Yes,60.4,Placed
STU00312,Female,IT,4.8,78.9,7.6,3.9,15.0,59.4,Yes,69.2,Placed
STU03315,Male,Mechanical,3.9,82.0,4.8,2.3,20.0,74.5,Yes,69.3,Placed
STU03131,Male,CSE,4.7,76.6,6.2,3.0,12.0,65.5,No,64.1,Placed
STU00254,female,CSE,5.4,77.1,7.8,2.4,12.0,50.2,No,68.0,Not Placed
STU04112,Female,Mechanical,2.4,72.9,8.4,4.5,16.0,65.5,No,63.5,Placed
STU01962,Male,ECE,5.8,62.6,5.6,3.6,10.0,50.4,No,54.4,Not Placed
STU04300,Male,CSE,2.3,74.6,6.8,7.0,14.0,62.6,Yes,57.4,Placed
STU04133,Female,IT,3.5,79.3,7.1,3.0,19.0,65.2,No,67.0,Not Placed
STU03405,Female,Commerce,0.8,72.1,6.2,3.4,11.0,42.5,Yes,39.5,Not Placed
STU00436,Female,Commerce,3.4,62.7,7.2,2.5,5.0,62.8,No,56.8,Not Placed
STU00590,Female,CSE,6.0,87.8,6.7,3.5,17.0,82.4,Yes,87.4,Placed
STU04002,Male,,3.2,79.4,8.7,2.4,14.0,85.0,Yes,70.3,Placed
STU06062,Male,IT,2.1,76.1,4.3,4.9,8.0,52.4,No,45.8,Not Placed
STU03123,Female,IT,3.4,75.2,5.0,3.7,13.0,73.7,Yes,67.2,Placed
STU06838,Male,Civil,1.8,71.3,5.9,8.3,12.0,53.7,No,43.1,Not Placed
STU02383,Male,Mechanical,1.2,59.8,5.9,4.0,6.0,53.1,No,46.5,Not Placed
STU06165,F,CSE,4.1,81.8,7.5,3.0,20.0,88.2,No,80.2,Placed
STU00013,Male,Mechanical,5.3,,6.9,4.2,11.0,54.7,No,61.8,Not Placed
STU04753,Female,Mechanical,4.7,66.5,7.5,1.7,12.0,68.8,No,73.1,Not Placed
STU05545,Female,ECE,2.2,74.0,5.9,2.7,15.0,75.0,No,67.4,Placed
STU03804,Female,IT,2.0,76.8,,7.4,10.0,62.4,Yes,39.8,Not Placed
STU06567,Male,CSE,1.5,75.0,,3.7,16.0,71.1,No,59.0,Placed
STU09196,Female,CSE,6.2,90.7,6.7,3.4,12.0,49.9,No,71.6,Not Placed
STU01531,Female,CSE,5.4,92.2,7.3,3.7,18.0,64.5,Yes,79.8,Placed
STU04637,Male,Commerce,0.5,59.1,8.4,6.9,0.0,35.8,Yes,17.3,Not Placed
STU03263,Female,IT,5.1,84.0,9.0,6.6,14.0,61.7,No,72.9,Placed
STU06473,Male,CSE,5.6,88.0,6.8,5.5,12.0,66.1,Yes,70.4,Placed
STU09130,Female,Mechanical,4.1,85.5,7.2,3.5,16.0,75.8,No,70.1,Placed
STU05022,Female,CSE,3.1,86.3,8.3,2.3,16.0,79.1,Yes,74.0,Placed
STU03580,Male,Commerce,4.1,55.8,8.3,3.5,9.0,42.2,Yes,49.3,Not Placed
STU01221,Female,,4.0,84.7,8.0,3.4,17.0,56.9,No,68.5,Placed
STU07592,Male,ECE,4.1,74.8,6.8,1.3,20.0,81.5,No,84.8,Placed
STU01496,Male,CSE,4.3,70.5,5.9,3.7,11.0,53.9,Yes,51.3,Placed
STU04616,female,CSE,5.4,84.0,7.3,3.2,20.0,72.7,Yes,83.6,Placed
STU08094,Female,CSE,5.6,84.4,7.2,2.3,14.0,64.4,Yes,70.0,Placed
STU09298,Male,ECE,5.2,82.5,7.8,1.2,17.0,83.5,No,80.1,Placed
STU06486,Female,ECE,4.5,78.2,6.8,3.9,11.0,49.3,No,58.2,Placed
STU04108,Male,CSE,4.3,97.8,7.5,4.5,19.0,67.1,No,82.4,Placed
STU02528,Male,ECE,0.0,54.0,6.5,6.8,13.0,,No,61.3,Not Placed
STU08152,Male,IT,3.4,60.2,3.8,3.3,12.0,54.1,No,52.3,Not Placed
STU08109,Female,CSE,3.7,61.1,7.1,8.0,7.0,33.3,Yes,51.1,Not Placed
STU07182,Male,CSE,3.3,84.0,7.0,3.2,10.0,68.8,No,51.5,Placed
STU07789,Male,Civil,3.3,,6.7,4.0,10.0,46.2,No,47.5,Not Placed
STU03386,Female,ECE,6.6,77.4,9.4,4.1,17.0,61.1,No,59.3,Placed
STU06433,Female,CSE,4.2,68.8,5.0,4.4,9.0,59.1,No,55.6,Not Placed
STU01879,F,Mechanical,4.9,94.7,7.0,2.1,20.0,73.1,No,77.2,Placed
STU03149,Male,Mechanical,7.9,98.4,7.1,3.2,20.0,72.9,No,88.9,Placed
STU01508,Female,IT,3.9,84.7,,6.6,15.0,70.8,Yes,66.4,Placed
STU04131,Female,Commerce,5.8,100.0,7.3,6.2,20.0,66.8,Yes,78.6,Placed
STU03170,Female,CSE,1.7,72.5,6.0,7.1,12.0,45.9,Yes,47.2,Not Placed
STU08808,Female,CSE,1.8,65.0,8.4,6.2,7.0,68.4,Yes,50.5,Placed
STU04802,Female,ECE,6.7,95.7,6.3,4.5,13.0,57.1,No,69.2,Not Placed
STU01845,Male,CSE,5.0,67.5,7.6,4.9,9.0,53.7,Yes,57.9,Not Placed
STU03044,Female,IT,1.9,66.3,5.4,4.8,12.0,64.1,Yes,51.0,Not Placed
STU09898,Female,Mechanical,5.2,77.2,6.8,4.6,14.0,68.6,No,71.5,Not Placed
STU01981,Male,Mechanical,4.2,75.3,5.0,5.1,14.0,61.9,No,70.8,Not Placed
STU04536,Male,CSE,5.7,78.5,,2.1,15.0,74.9,Yes,73.4,Placed
STU05176,Male,Commerce,0.0,69.5,8.5,6.7,18.0,54.1,Yes,58.0,Placed
STU02118,Male,Civil,4.1,58.9,9.4,3.6,12.0,,No,55.1,Not Placed
STU02640,Female,CSE,,74.4,6.8,6.0,10.0,61.0,No,51.5,Not Placed
STU06988,Female,Mechanical,4.7,90.0,7.5,2.3,17.0,66.0,No,71.7,Placed
STU05021,Male,Mechanical,2.6,65.9,7.3,5.8,9.0,62.7,Yes,56.3,Not Placed
STU03715,Male,IT,1.2,70.6,8.2,6.8,11.0,51.7,Yes,47.8,Placed
STU01689,Female,CSE,3.3,83.2,6.4,4.0,11.0,54.4,No,57.2,Not Placed
STU07970,Male,CSE,7.1,93.3,7.6,,17.0,84.7,No,88.6,Placed
STU05116,Female,Commerce,0.0,67.4,6.1,3.9,17.0,72.2,No,58.4,Not Placed
STU05653,Male,Commerce,4.5,,5.0,,18.0,78.4,Yes,76.2,Placed
STU00903,Female,ECE,3.7,65.0,9.1,4.3,12.0,52.5,No,53.7,Not Placed
STU01135,Female,Commerce,3.7,70.1,5.6,4.2,13.0,51.3,No,58.5,Not Placed
STU06452,Male,Civil,3.9,87.7,6.8,5.3,16.0,56.6,Yes,58.6,Placed
STU01109,Male,CSE,6.7,87.9,7.6,0.7,16.0,79.3,No,96.7,Placed
STU04974,Male,Commerce,0.0,42.1,7.7,5.4,3.0,42.9,Yes,29.0,Not Placed
STU03060,Male,ECE,3.8,,6.3,3.5,9.0,60.4,No,49.5,Not Placed
STU06625,Female,Civil,3.6,62.2,8.2,5.6,9.0,54.7,No,58.6,Not Placed
STU09636,Female,IT,4.8,78.5,8.0,2.6,12.0,60.1,Yes,68.5,Placed
STU05492,Male,CSE,0.0,42.7,6.2,6.0,2.0,34.3,Yes,20.2,Not Placed
STU07821,Female,IT,0.9,75.9,7.4,8.0,12.0,56.7,Yes,55.9,Not Placed
STU06418,Male,Mechanical,2.5,62.8,4.9,4.5,14.0,60.0,No,61.2,Not Placed
STU00769,Male,CSE,3.0,77.9,6.8,4.4,10.0,50.9,No,43.5,Not Placed
STU04850,Male,ECE,2.6,74.9,6.6,5.1,13.0,61.0,No,47.8,Not Placed
STU09828,Female,CSE,2.6,73.7,4.7,,12.0,55.8,Yes,50.4,Placed
STU09472,Female,Mechanical,2.8,71.2,9.3,4.8,6.0,48.4,No,45.6,Not Placed
STU00618,Male,commerce,4.5,82.5,6.7,4.2,15.0,74.1,No,80.3,Placed
STU05394,Male,ECE,1.0,63.5,6.5,6.7,9.0,56.1,Yes,55.1,Not Placed
STU02139,Male,IT,4.3,81.2,8.3,5.0,15.0,65.2,Yes,74.5,Placed
STU07586,Female,ECE,2.5,80.6,5.6,7.0,10.0,49.4,No,51.4,Not Placed
STU00796,Female,CSE,3.0,79.2,8.6,5.4,12.0,54.4,Yes,54.0,Placed
STU04912,Female,Commerce,2.3,73.8,7.8,7.1,15.0,82.8,No,63.8,Not Placed
STU03838,Male,IT,5.0,78.8,5.4,5.1,14.0,53.9,No,51.6,Not Placed
STU06969,Female,Civil,,100.0,6.7,1.1,20.0,94.1,No,97.7,Placed
STU08930,male,CSE,2.6,52.5,6.7,4.0,7.0,47.2,Yes,42.8,Not Placed
STU03876,Male,Civil,2.0,80.9,6.6,5.2,12.0,66.5,No,48.0,Not Placed
STU04734,Male,CSE,2.2,42.5,9.6,6.7,4.0,40.8,No,33.2,Not Placed
STU08511,Male,CSE,2.5,66.6,6.8,7.1,9.0,54.0,No,46.7,Not Placed
STU08101,Female,Civil,5.7,,7.5,3.7,20.0,68.8,Yes,83.9,Placed
STU03841,Female,Civil,0.8,60.2,6.3,7.3,9.0,48.5,No,43.8,Not Placed
STU06983,Male,CSE,4.7,65.4,7.7,5.2,7.0,45.6,No,49.5,Not Placed
STU01326,Male,CSE,6.2,77.6,6.4,1.6,20.0,66.5,Yes,73.1,Placed
STU09683,Female,Mechanical,2.6,76.8,9.3,6.0,12.0,69.6,No,61.6,Not Placed
STU02165,Female,CSE,5.4,80.6,5.0,5.0,15.0,70.8,No,64.7,Placed
STU06709,Male,Civil,3.0,75.1,7.3,3.0,16.0,73.2,No,78.5,Placed
STU03757,Female,ECE,3.2,66.5,6.0,4.0,14.0,64.8,No,63.0,Not Placed
STU02111,Female,Civil,5.9,82.8,9.7,3.0,14.0,62.7,No,77.5,Placed
STU01088,Male,IT,0.4,49.4,5.5,4.7,5.0,56.6,Yes,28.2,Not Placed
STU04078,Female,Commerce,4.7,92.0,6.3,6.2,11.0,60.3,No,55.4,Placed
STU08071,Female,IT,4.2,92.8,7.2,2.5,20.0,78.6,No,82.3,Placed
STU04254,Female,,,60.3,8.6,6.6,9.0,55.3,Yes,39.8,Not Placed
STU04535,Male,ECE,6.8,84.4,5.7,4.9,12.0,71.2,Yes,75.4,Placed
STU06743,Female,Mechanical,2.0,67.6,7.7,4.1,13.0,49.3,No,53.0,Not Placed
STU06696,Female,Mechanical,2.1,69.2,8.6,4.8,10.0,62.0,No,55.2,Not Placed
STU07901,Female,CSE,2.8,71.2,5.4,3.7,9.0,58.7,Yes,47.2,Placed
STU01570,Female,ECE,3.1,55.7,8.6,3.5,8.0,41.1,Yes,49.4,Not Placed
STU08892,Male,IT,5.4,76.1,6.5,2.7,14.0,68.1,No,78.9,Placed
STU01238,Male,ECE,5.8,75.5,6.4,2.0,19.0,68.2,No,76.2,Placed
STU09125,Female,Commerce,2.9,62.2,7.5,2.9,7.0,59.0,No,60.5,Not Placed
STU02305,Female,CSE,1.6,89.0,,4.8,13.0,60.0,Yes,56.2,Not Placed
STU09439,Female,CSE,5.0,97.7,10.0,3.1,,77.1,No,74.6,Placed
STU01604,Male,CSE,5.2,61.5,6.1,6.1,6.0,43.0,No,40.2,Not Placed
STU08945,Male,CSE,5.7,75.3,7.5,6.3,7.0,49.8,No,61.9,Not Placed
STU08990,Male,CSE,2.2,70.1,6.7,5.6,10.0,53.3,Yes,49.4,Not Placed
STU08388,Female,IT,3.7,80.7,6.1,3.5,17.0,70.6,No,61.2,Not Placed
STU07348,Female,Mechanical,5.9,81.2,6.6,,15.0,51.5,Yes,63.6,Placed
STU06291,Male,ECE,4.1,85.5,6.2,5.8,17.0,61.0,No,62.0,Not Placed
STU06157,Female,IT,4.7,57.2,6.5,4.0,6.0,36.6,No,44.2,Not Placed
STU04975,Female,IT,1.4,84.0,6.7,5.1,14.0,50.8,No,50.4,Not Placed
STU01540,Male,CSE,6.4,81.2,7.6,,20.0,87.8,No,96.9,Placed
STU00909,Female,Commerce,5.8,90.3,6.1,3.2,16.0,58.0,No,63.0,Not Placed
STU00848,Male,Mechanical,2.4,81.5,7.1,6.1,15.0,74.2,No,66.5,Placed
STU00462,Male,ECE,1.5,73.3,7.2,6.0,9.0,52.9,No,54.6,Not Placed
STU07240,Male,Civil,1.7,79.4,6.9,4.1,16.0,53.3,No,56.9,Not Placed
STU00814,Female,Mechanical,2.8,63.6,7.2,6.5,10.0,53.9,Yes,44.4,Not Placed
STU07968,Male,Mechanical,4.9,81.0,5.2,,18.0,,Yes,66.8,Placed
STU01523,Female,CSE,1.2,,7.8,5.0,12.0,44.3,Yes,49.5,Not Placed
STU05890,Male,IT,3.6,72.6,7.0,4.0,9.0,58.9,Yes,51.1,Placed
STU01055,Female,ECE,1.7,64.1,6.5,3.9,11.0,33.5,Yes,38.2,Not Placed
STU05987,Female,Commerce,4.2,73.7,7.4,4.8,12.0,64.5,Yes,60.5,Not Placed
STU06305,Male,Commerce,4.3,80.8,6.9,6.8,18.0,72.9,No,70.6,Placed
STU02219,Female,IT,3.7,78.6,6.8,4.0,13.0,62.7,Yes,65.3,Placed
STU01807,Female,ECE,4.5,79.5,6.6,4.7,12.0,64.0,Yes,63.1,Placed
STU03742,Male,Commerce,4.8,79.3,5.7,5.9,11.0,58.5,No,61.3,Not Placed
STU09805,Female,Commerce,5.5,91.4,6.7,0.7,19.0,76.0,No,80.2,Placed
STU04140,Male,IT,2.9,78.2,7.8,5.6,14.0,56.1,Yes,59.7,Placed
STU05277,Female,IT,2.8,81.7,7.0,6.6,14.0,68.0,No,59.2,Not Placed
STU08873,Female,Commerce,0.0,53.8,7.6,2.5,9.0,42.9,No,32.5,Not Placed
STU03261,Male,CSE,5.0,77.4,7.2,5.1,11.0,,No,71.1,Placed
STU02158,Female,Mechanical,3.4,79.5,7.8,,10.0,60.5,Yes,58.3,Placed
STU04833,Male,CSE,1.2,54.0,6.7,4.9,9.0,45.8,Yes,37.6,Not Placed
STU00777,Male,CSE,2.7,75.2,7.2,4.4,8.0,51.1,Yes,56.0,Not Placed
STU02860,Female,CSE,0.2,74.6,7.6,6.5,7.0,55.7,No,47.9,Not Placed
STU03927,Female,CSE,4.0,85.2,7.3,1.0,20.0,62.2,Yes,73.0,Placed
STU08908,Female,Mechanical,2.5,69.2,6.3,6.4,,49.9,Yes,42.4,Not Placed
STU09146,Female,ECE,6.1,92.2,7.6,3.8,,76.7,No,79.5,Not Placed
STU06936,Female,CSE,4.4,92.4,3.1,5.5,13.0,54.8,Yes,57.8,Placed
STU04786,Female, CSE ,3.8,60.2,6.1,5.6,11.0,39.3,Yes,46.8,Not Placed
STU03599,Female,Civil,3.7,64.6,7.7,7.7,4.0,41.6,No,48.2,Not Placed
STU07382,Male,CSE,5.2,64.6,5.9,9.3,8.0,51.7,Yes,47.7,Not Placed
STU01534,Female,Mechanical,2.0,49.9,5.8,6.7,6.0,48.2,No,38.8,Not Placed
STU04288,Male,Commerce,4.2,68.4,6.7,1.8,10.0,54.1,Yes,62.7,Not Placed
STU02274,Male,,5.0,75.1,6.6,5.0,15.0,74.8,No,75.2,Placed
STU04749,Female,Civil,4.0,67.2,5.7,4.2,8.0,40.7,Yes,42.2,Not Placed
STU08332,Female,IT,6.4,99.6,5.2,1.8,20.0,88.7,No,87.0,Placed
STU09912,Male,Commerce,4.1,,5.8,3.9,6.0,50.8,No,51.3,Not Placed
STU06184,Male,CSE,1.5,69.1,6.2,4.2,12.0,65.1,Yes,59.1,Placed
STU03344,Male,CSE,5.6,83.5,8.3,0.7,14.0,76.1,No,73.3,Placed
STU05555,Male,IT,3.7,71.9,7.3,3.7,14.0,55.2,Yes,60.1,Placed
STU04434,Female,Mechanical,3.4,82.0,5.1,4.1,,67.0,No,56.9,Not Placed
STU01943,Male,Civil,3.8,60.4,4.8,6.4,6.0,46.1,Yes,34.6,Not Placed
STU04992,Female,CSE,3.6,76.1,7.2,5.2,11.0,55.1,No,53.3,Not Placed
STU08549,Female,CSE,2.7,82.3,6.9,4.7,11.0,48.5,No,43.7,Not Placed
STU01733,Female,Civil,4.4,68.8,6.8,4.9,8.0,53.2,Yes,51.5,Not Placed
STU01504,Male,Mechanical,6.7,81.2,7.4,4.0,15.0,71.6,Yes,74.7,Placed
STU08632,Female,CSE,3.6,74.4,6.9,3.7,20.0,73.1,No,68.3,Placed
STU08322,Female,CSE,3.0,78.3,7.1,5.7,11.0,61.6,No,51.4,Not Placed
STU04224,Female,ECE,1.8,69.4,6.8,7.4,11.0,53.0,Yes,48.7,Not Placed
STU02166,Male,IT,3.8,,6.4,4.9,16.0,66.9,No,68.0,Placed
STU06605,Female,Commerce,5.4,82.3,4.5,3.7,16.0,73.0,No,68.1,Placed
STU08475,Male,ECE,3.1,80.1,5.5,5.2,16.0,61.0,Yes,55.1,Placed
STU00820,Female,CSE,1.2,57.8,7.8,3.2,7.0,41.2,No,39.3,Not Placed
STU08975,Male,CSE,3.9,78.2,6.1,4.8,9.0,52.7,Yes,55.7,Placed
STU09565,Male,ECE,3.4,67.4,6.9,5.7,10.0,52.6,No,52.1,Not Placed
STU07362,Male,IT,2.2,60.1,6.6,5.8,12.0,48.8,No,57.2,Not Placed
STU09163,Female,Mechanical,5.5,100.0,6.5,2.0,19.0,67.5,Yes,84.4,Placed
STU03738,Male,Civil,4.7,79.9,6.4,4.7,16.0,83.7,No,79.1,Placed
STU00031,Female,ECE,5.6,97.3,7.6,0.8,19.0,87.4,No,94.4,Placed
STU06339,Female,CSE,4.4,97.4,7.7,7.0,16.0,73.5,Yes,67.6,Placed
STU04014,Male,ECE,2.0,80.6,7.4,5.7,20.0,77.8,No,76.7,Placed
STU01655,Female,Civil,2.2,72.0,7.0,6.6,11.0,58.8,No,50.5,Not Placed
STU07711,Male,IT,2.9,58.4,6.0,5.8,11.0,64.8,No,50.0,Not Placed
STU06887,Female,IT,1.1,63.6,6.2,3.7,12.0,48.9,No,40.3,Not Placed
STU01469,Female,Commerce,2.3,66.7,7.2,5.1,5.0,40.7,No,32.5,Not Placed
STU06757,Female,IT,3.8,73.8,7.2,5.0,10.0,49.1,Yes,58.1,Placed
STU06717,Male,IT,3.4,63.0,7.1,6.4,12.0,73.0,No,67.9,Placed
STU01227,Male,CSE,5.3,82.5,6.4,3.8,13.0,73.6,No,70.2,Placed
STU03279,Female,Mechanical,3.7,83.2,7.6,2.9,11.0,47.0,Yes,67.0,Not Placed
STU07446,Female,Mechanical,3.7,76.5,4.9,3.7,20.0,59.5,No,69.8,Placed
STU03563,Female,ECE,3.2,55.4,6.4,7.9,5.0,50.2,No,36.8,Not Placed
STU03800,Female,Mechanical,3.6,81.4,6.4,6.1,18.0,53.1,No,71.7,Placed
STU09114,Female,IT,4.0,86.6,6.7,4.1,11.0,58.6,No,58.7,Not Placed
STU07805,Female,,2.9,56.2,9.2,4.6,7.0,50.2,No,43.7,Not Placed
STU05024,Female,CSE,3.2,70.1,6.3,4.4,,56.8,No,50.0,Not Placed
STU00863,Female,Commerce,2.3,,5.0,5.2,16.0,66.1,No,56.3,Placed
STU09287,Male,CSE,6.8,75.9,6.0,0.7,13.0,59.0,No,77.0,Placed
STU09816,Male,Commerce,4.1,76.2,6.9,2.0,16.0,68.7,No,71.9,Placed
STU00451,Female,Mechanical,1.6,68.0,5.5,5.9,13.0,69.5,No,55.9,Placed
STU08686,Male,Commerce,2.8,61.7,6.8,3.5,5.0,56.8,No,52.4,Not Placed
STU02914,Male,IT,3.1,63.8,7.1,4.0,,41.2,Yes,47.9,Not Placed
STU07375,Male,IT,0.9,67.8,7.6,4.9,9.0,62.8,No,53.3,Not Placed
STU01120,Female,IT,3.5,85.2,6.1,3.7,10.0,51.9,No,51.2,Placed
STU01914,Male,CSE,1.5,48.2,7.7,5.6,6.0,25.5,No,24.1,Not Placed
STU05878,Male,IT,6.0,79.3,8.5,6.0,12.0,48.6,Yes,55.7,Not Placed
STU01787,Female,CSE,4.9,78.8,7.7,2.4,17.0,65.4,No,71.2,Placed
STU04421,Female,Commerce,5.2,77.5,6.4,6.4,16.0,76.1,No,71.4,Placed
STU00092,Male,Civil,2.8,74.7,5.7,6.8,9.0,67.5,Yes,54.9,Placed
STU08112,Female,Mechanical,7.1,97.2,6.8,4.9,18.0,75.5,No,81.8,Placed
STU09417,Male,Civil,4.8,78.5,6.6,7.1,11.0,58.2,No,61.1,Placed
STU06756,Male,Mechanical,3.8,84.5,6.9,,16.0,69.7,Yes,71.0,Placed
STU04553,Female,Civil,1.6,69.4,6.1,5.0,14.0,47.5,Yes,47.0,Not Placed
STU01354,Male,ECE,5.2,88.8,7.9,2.0,15.0,54.0,Yes,70.5,Placed
STU06322,Female,CSE,2.5,74.5,5.5,2.9,11.0,58.0,Yes,64.9,Not Placed
STU02338,Female,IT,3.3,74.1,6.3,6.4,12.0,66.4,Yes,57.7,Placed
STU09371,Male,CSE,2.9,83.8,9.4,6.4,16.0,78.8,No,67.1,Placed
STU00431,Female,Civil,2.1,75.0,6.6,5.9,10.0,52.6,No,54.8,Not Placed
STU05755,Female,CSE,,81.5,7.3,4.8,16.0,53.4,No,62.0,Not Placed
STU03155,Female, CSE ,2.2,67.1,6.8,,9.0,68.1,No,47.4,Not Placed
STU09613,Female,Commerce,4.7,79.7,6.4,5.8,13.0,73.7,No,64.5,Not Placed
STU08050,Female,Commerce,4.5,83.2,7.1,1.9,16.0,74.6,No,79.3,Placed
STU08902,Male, IT ,3.1,73.7,5.1,5.8,10.0,40.7,No,52.1,Not Placed
STU09576,Female,Civil,4.3,78.8,4.5,4.5,19.0,77.7,Yes,64.6,Placed
STU07593,Female,Commerce,1.9,74.6,6.6,3.8,16.0,65.2,No,60.2,Placed
STU02063,Female,Mechanical,4.0,57.9,7.5,,15.0,61.8,No,67.0,Not Placed
STU05978,Male,Mechanical,2.1,56.1,7.0,4.3,10.0,62.8,No,53.4,Not Placed
STU05833,Male,,5.0,88.6,8.7,3.2,,67.6,Yes,62.9,Not Placed
STU00410,Male,Civil,2.6,64.3,3.6,5.3,7.0,49.0,No,40.9,Not Placed
STU09713,Female,it,3.1,74.6,6.5,5.0,10.0,56.3,No,53.0,Not Placed
STU06187,Male,Commerce,2.4,74.9,5.5,4.2,14.0,72.2,No,64.9,Not Placed
STU00137,Female,Mechanical,2.7,72.9,7.3,0.2,14.0,71.3,No,67.8,Not Placed
STU03678,Female,Civil,4.2,76.9,8.1,5.8,20.0,66.3,No,81.9,Placed
STU02926,Male,Civil,5.5,91.7,5.8,2.2,17.0,70.3,No,71.6,Placed
STU06802,Male,Mechanical,3.4,74.6,6.6,5.6,16.0,82.4,No,69.6,Placed
STU06225,Female,Mechanical,5.8,82.8,7.2,6.7,14.0,,Yes,69.8,Placed
STU06582,Female,CSE,1.8,64.1,6.6,6.7,7.0,64.9,Yes,50.8,Not Placed
STU03721,Male,CSE,3.1,70.6,7.1,7.0,13.0,46.9,Yes,47.8,Placed
STU05563,Female,Commerce,4.0,73.5,5.5,4.7,15.0,64.7,No,60.9,Placed
STU09164,Male,IT,5.0,73.0,,4.7,13.0,67.3,No,70.0,Placed
STU04898,Female,CSE,6.4,83.2,6.5,2.9,18.0,84.9,No,84.0,Placed
STU08662,Male,CSE,5.1,78.1,6.0,2.9,16.0,67.8,No,73.9,Placed
STU06600,Male,Mechanical,5.7,93.8,8.8,4.6,17.0,76.2,Yes,75.1,Placed
STU08831,Male,Mechanical,3.1,61.8,5.1,5.7,7.0,32.2,No,33.8,Not Placed
STU02901,Male,ECE,3.7,83.6,6.4,2.9,13.0,52.5,Yes,58.2,Placed
STU00533,Male,Commerce,2.9,66.7,6.4,2.7,13.0,,No,60.5,Not Placed
STU02281,Female,CSE,5.4,90.8,6.4,1.5,17.0,64.4,Yes,71.3,Placed
STU07188,Male,ECE,0.0,73.0,6.8,5.2,16.0,,No,50.8,Not Placed
STU07768,Female,IT,4.1,69.8,5.2,4.7,10.0,41.7,No,39.7,Not Placed
STU07481,Male,Civil,2.9,79.7,8.5,3.2,11.0,72.0,No,62.4,Not Placed
STU08492,Male,CSE,,87.9,6.2,3.6,20.0,,No,77.7,Placed
STU03892,Male,IT,2.3,69.8,7.1,4.3,7.0,48.2,No,49.1,Not Placed
STU00340,Male,Commerce,4.1,,7.3,5.4,14.0,76.2,Yes,58.4,Placed
STU04636,Male,CSE,2.3,65.5,4.6,4.8,8.0,41.7,Yes,36.1,Not Placed
STU05766,Female,ECE,2.1,73.5,6.4,5.3,14.0,,No,60.9,Placed
STU03598,Female,CSE,,59.4,6.0,2.8,8.0,46.1,Yes,49.5,Placed
STU08553,Male,IT,1.1,73.0,7.4,6.0,13.0,65.8,No,52.7,Placed
STU08802,Male,ECE,3.6,86.0,6.0,2.2,13.0,72.2,No,79.1,Placed
STU01048,Female,CSE,3.6,77.5,8.8,5.4,16.0,64.9,Yes,67.4,Placed
STU09559,Male,CSE,1.2,62.1,6.1,4.6,15.0,50.0,Yes,47.6,Not Placed
STU00035,Male,ECE,1.8,73.4,5.9,6.3,15.0,71.7,Yes,62.4,Placed
STU07512,Female,Mechanical,2.2,73.3,7.2,4.9,7.0,,No,41.5,Not Placed
STU07450,Female,CSE,4.8,74.1,7.4,4.6,15.0,61.4,No,70.1,Not Placed
STU09534,Female,,3.1,63.8,6.6,5.6,8.0,38.7,No,42.3,Not Placed
STU05628,Female,CSE,0.0,42.6,7.0,10.5,0.0,,Yes,9.5,Not Placed
STU05000,Female,ECE,3.6,90.1,6.7,2.5,12.0,39.8,Yes,50.8,Not Placed
STU09691,Male,Mechanical,5.0,79.0,8.1,2.3,19.0,54.0,No,78.5,Placed
STU04359,Female,IT,2.6,74.0,6.6,3.4,10.0,53.0,Yes,52.2,Not Placed
STU01917,Male,Civil,4.2,76.8,5.4,3.4,11.0,60.3,Yes,51.7,Not Placed
STU05248,Female,ECE,6.2,84.2,8.0,3.0,14.0,55.3,No,73.9,Not Placed
STU06393,Male,CSE,0.9,74.3,6.2,4.3,11.0,77.3,No,58.0,Not Placed
STU08769,Female,ECE,4.9,80.7,8.4,4.4,13.0,59.6,Yes,62.6,Placed
STU07035,Male,Mechanical,2.7,68.8,7.9,3.8,13.0,50.1,Yes,55.7,Not Placed
STU07088,Male,Mechanical,3.0,68.0,6.0,5.5,11.0,55.7,Yes,46.7,Not Placed
STU08774,Male,Mechanical,1.5,69.3,8.7,5.2,8.0,47.3,Yes,40.4,Not Placed
STU06464,Male,IT,4.4,78.0,8.2,1.4,14.0,75.5,No,75.4,Placed
STU07867,Female,Mechanical,2.5,74.6,5.4,2.6,13.0,52.0,No,46.6,Not Placed
STU06590,Male,CSE,5.4,81.1,7.4,4.1,8.0,68.6,No,67.6,Not Placed
STU06266,Male,IT,3.2,61.4,6.4,5.8,8.0,56.3,No,56.4,Not Placed
STU02838,Male,IT,4.9,,14.0,4.2,20.0,63.9,No,74.7,Placed
STU03769,Female,,4.4,86.5,6.6,5.7,20.0,82.1,Yes,75.1,Placed
STU06326,Male,Civil,2.7,82.3,5.5,4.6,20.0,82.6,No,73.4,Not Placed
STU03681,Male,ECE,0.0,70.1,4.6,7.6,11.0,50.0,No,30.0,Not Placed
STU00498,Female,ECE,3.4,79.6,6.0,3.9,10.0,49.5,No,60.2,Not Placed
STU01860,Male,CSE,2.7,68.4,4.3,4.1,3.0,,Yes,35.2,Not Placed
STU02479,Female,IT,7.0,100.0,5.0,3.4,14.0,61.4,No,67.1,Not Placed
STU05104,Male,CSE,4.1,70.7,5.8,2.2,10.0,63.3,Yes,60.2,Not Placed
STU05122,Female,CSE,0.2,55.8,5.5,5.7,6.0,,Yes,32.8,Not Placed
STU03988,Male,CSE,5.6,77.4,7.7,4.8,15.0,,No,72.7,Placed
STU07672,Male,ECE,5.1,82.0,7.3,3.4,20.0,78.1,No,80.7,Placed
STU03080,Male,IT,3.3,80.5,6.2,4.2,20.0,78.7,Yes,82.3,Placed
STU06256,Male,Commerce,4.0,89.1,5.7,3.2,16.0,74.0,No,68.9,Placed
STU00998,Male,IT,2.0,68.4,4.0,5.7,11.0,72.1,No,50.5,Not Placed
STU06729,Male,Mechanical,5.7,,5.7,2.7,20.0,,No,87.2,Placed
STU03684,Female,CSE,4.9,81.9,6.0,3.5,13.0,58.1,No,48.5,Not Placed
STU01663,Female,Civil,2.0,70.4,6.4,4.9,12.0,55.0,Yes,53.6,Not Placed
STU03717,Male,CSE,2.7,81.3,6.3,2.0,13.0,77.4,No,67.0,Placed
STU07527,Female,Civil,2.6,78.2,6.8,4.2,12.0,56.4,Yes,64.7,Placed
STU08998,Female,ECE,2.1,54.5,7.3,5.4,8.0,56.4,Yes,46.1,Not Placed
STU00235,Male, Commerce ,2.0,66.0,5.4,3.4,16.0,60.6,No,54.4,Not Placed
STU03524,Male,IT,0.5,62.0,5.1,4.3,7.0,42.9,No,30.8,Not Placed
STU02082,Male,Mechanical,2.7,74.8,7.6,4.2,12.0,69.1,No,68.1,Not Placed
STU08694,Male,Commerce,0.1,72.8,6.7,5.0,14.0,54.2,No,49.3,Not Placed
STU01118,Female,ECE,5.8,78.0,9.2,5.7,9.0,59.5,Yes,63.8,Not Placed
STU04047,Female,Commerce,4.7,80.6,6.0,4.3,12.0,64.2,Yes,62.3,Not Placed
STU00199,Male,IT,1.3,78.1,5.2,4.2,13.0,59.4,No,60.9,Placed
STU09117,Female,IT,3.5,72.1,4.9,2.8,7.0,46.3,Yes,51.7,Not Placed
STU06160,Male,CSE,4.4,85.0,6.4,2.4,14.0,,No,80.7,Placed
STU08465,Male,ECE,2.0,77.1,7.4,5.6,15.0,79.3,No,73.1,Placed
STU07376,Female,CSE,4.4,80.4,6.5,6.8,10.0,64.2,Yes,63.6,Placed
STU03669,Male,ECE,0.0,46.7,7.4,4.6,7.0,,No,45.7,Not Placed
STU05791,Female,IT,3.9,92.3,6.5,0.5,20.0,69.5,No,78.1,Placed
STU05941,Female,Civil,1.4,55.3,6.8,6.9,11.0,45.9,Yes,42.6,Not Placed
STU00548,Male,Mechanical,4.0,82.7,6.3,4.3,13.0,48.6,No,68.0,Not Placed
STU08276,Female,Civil,3.4,70.3,6.1,2.5,12.0,56.9,Yes,51.8,Not Placed
STU04038,Male,IT,1.9,76.1,6.4,2.1,12.0,69.3,Yes,63.7,Placed
STU07082,Female, IT ,3.1,80.7,5.1,5.6,16.0,69.7,Yes,62.1,Placed
STU01888,Male,CSE,4.2,85.6,7.5,4.0,17.0,57.4,No,69.6,Not Placed
STU03205,Male,Civil,5.4,82.2,5.8,2.7,12.0,61.7,No,62.9,Not Placed
STU00565,Male,Commerce,2.5,72.7,5.9,4.2,12.0,67.7,No,54.3,Not Placed
STU04791,Male,Commerce,2.1,57.5,7.9,1.8,,31.6,No,38.6,Not Placed
STU08443,Male,ECE,2.5,75.3,8.4,1.5,17.0,86.3,Yes,73.5,Placed
STU05344,Female,CSE,1.1,55.4,5.3,6.4,3.0,,No,38.5,Not Placed
STU08615,Female,Civil,3.2,77.7,6.4,6.9,,64.0,Yes,50.7,Not Placed
STU03162,Female,Mechanical,3.9,,5.1,3.5,15.0,72.8,No,65.3,Not Placed
STU02797,Male,CSE,2.7,74.8,5.9,7.8,14.0,76.1,No,58.3,Placed
STU00238,Male,CSE,3.8,79.7,8.1,4.5,19.0,71.0,No,78.0,Placed
STU01051,Female,ECE,0.4,62.1,5.3,6.4,7.0,52.3,No,37.0,Not Placed
STU06723,Male,CSE,3.5,72.1,7.6,4.9,9.0,64.5,No,60.9,Not Placed
STU04801,Female,Commerce,3.5,64.4,5.7,5.0,14.0,67.4,No,54.2,Placed
STU09791,Male,Civil,2.8,70.5,6.8,4.7,13.0,70.0,Yes,63.6,Placed
STU05429,Male,IT,3.7,78.5,6.9,2.6,12.0,73.2,Yes,67.1,Placed
STU03396,Male,ECE,4.7,77.5,4.8,2.0,15.0,70.4,No,67.9,Not Placed
STU09161,Female,Commerce,1.9,,5.8,5.4,12.0,54.3,No,51.6,Not Placed
STU03848,Female,ECE,2.9,88.6,7.6,2.8,20.0,83.7,No,78.0,Placed
STU00299,Female,Mechanical,2.9,63.6,5.7,,5.0,34.5,No,32.7,Not Placed
STU03558,Female,Mechanical,3.5,81.5,,3.5,11.0,59.0,No,63.5,Not Placed
STU01117,Male,CSE,,94.8,5.8,3.4,18.0,70.9,No,71.5,Placed
STU05496,Female,Mechanical,5.2,82.6,7.9,1.7,15.0,64.6,No,73.2,Not Placed
STU01804,Male,CSE,2.5,86.2,6.0,2.5,11.0,55.7,No,59.9,Placed
STU03043,Female,CSE,4.1,74.4,7.4,2.8,9.0,43.8,No,54.7,Placed
STU01439,Male,Civil,5.9,,8.8,6.0,11.0,47.8,No,57.7,Not Placed
STU07299,Male,IT,3.7,65.6,7.6,3.9,12.0,68.0,Yes,69.9,Placed
STU02979,Female,Mechanical,2.5,59.2,6.6,3.8,5.0,69.2,Yes,49.7,Not Placed
STU04337,Male,CSE,2.5,69.6,7.1,5.6,15.0,58.0,No,56.6,Not Placed
STU09505,Male,IT,3.9,60.1,7.1,4.8,12.0,60.1,No,61.6,Placed
STU05255,Female,Mechanical,5.5,84.2,9.4,2.1,17.0,72.5,Yes,75.2,Placed
STU09041,Male,Commerce,,74.0,6.6,4.7,14.0,68.3,No,54.7,Placed
STU00456,Male,CSE,2.8,73.4,6.6,4.8,11.0,67.3,No,54.9,Not Placed
STU05540,Female,Commerce,5.5,84.6,7.4,3.3,12.0,44.9,No,58.8,Not Placed
STU02975,Female,CSE,4.9,81.9,7.9,5.4,11.0,69.9,Yes,59.2,Placed
STU07723,Female,ECE,2.8,81.5,7.0,5.0,13.0,70.8,Yes,66.2,Placed
STU06785,Male,Mechanical,2.8,68.2,7.0,3.7,12.0,69.8,No,58.7,Not Placed
STU07025,Female,Civil,1.4,72.7,7.2,5.0,16.0,76.1,No,60.5,Placed
STU00106,Male,ECE,1.5,69.5,6.1,5.5,13.0,72.1,No,58.0,Placed
STU01894,Female,IT,1.0,60.3,7.1,5.7,3.0,26.8,No,26.1,Not Placed
STU04824,Female,IT,3.3,81.8,4.7,3.0,9.0,54.6,No,44.0,Not Placed
STU09594,Male,ECE,4.7,73.0,6.0,5.0,12.0,75.5,No,57.4,Not Placed
STU05923,Male,Civil,6.2,100.0,4.7,2.6,20.0,99.4,No,85.3,Placed
STU03379,Female,IT,2.6,71.3,6.1,5.0,12.0,55.7,Yes,50.3,Not Placed
STU07261,Female,IT,4.5,80.5,5.7,7.0,16.0,63.8,Yes,59.7,Placed
STU02976,Male,CSE,3.0,77.9,7.4,3.8,,73.0,No,73.0,Placed
STU07808,Male,IT,4.1,76.0,8.2,5.4,15.0,62.8,Yes,62.8,Placed
STU00823,Female,CSE,3.7,84.7,6.7,3.9,11.0,52.5,Yes,59.6,Not Placed
STU07281,Female,Commerce,2.5,63.8,6.1,7.6,9.0,53.5,No,43.4,Not Placed
STU05712,Female,IT,2.1,54.5,6.6,5.3,1.0,22.1,Yes,28.6,Not Placed
STU01006,Male,Commerce,4.9,79.7,9.0,3.4,15.0,70.5,Yes,70.4,Placed
STU04293,Male,CSE,5.7,84.0,9.0,6.0,12.0,51.0,No,66.1,Not Placed
STU09362,Female,CSE,5.1,80.9,8.0,3.7,9.0,55.0,Yes,65.0,Placed
STU02654,Male,IT,2.5,67.3,8.6,5.5,9.0,46.7,Yes,49.4,Placed
STU06698,Male,Mechanical,4.0,81.2,7.1,4.5,15.0,55.9,No,62.9,Not Placed
STU08335,Female,IT,2.9,74.3,6.7,1.9,17.0,75.5,No,61.0,Placed
STU08180,Female,Civil,4.3,85.4,7.4,4.3,20.0,84.3,Yes,80.1,Placed
STU07663,Female,Civil,4.0,67.0,7.9,,13.0,40.7,No,58.2,Not Placed
STU09742,Female,Mechanical,6.9,95.5,5.3,3.4,18.0,60.4,No,79.8,Placed
STU06954,Male,CSE,1.9,81.2,6.4,5.0,18.0,64.4,No,57.0,Placed
STU06337,Female,CSE,2.4,68.7,8.3,4.9,14.0,60.9,Yes,53.8,Placed
STU07553,Male,Civil,4.3,75.3,5.9,5.8,13.0,53.1,No,54.9,Not Placed
STU00627,Male,CSE,,70.6,,5.5,9.0,65.0,Yes,55.7,Not Placed
STU06371,Female,Mechanical,2.0,77.1,7.5,4.3,15.0,66.4,No,71.0,Not Placed
STU01365,Male,Mechanical,4.6,58.1,6.4,4.4,11.0,,No,67.7,Not Placed
STU03830,Female,Civil,1.7,58.6,7.6,4.9,9.0,45.0,No,43.4,Not Placed
STU09437,Female,ECE,2.8,56.2,6.1,2.2,13.0,42.8,No,55.8,Not Placed
STU00024,Male,Civil,2.7,80.2,6.7,5.5,9.0,62.4,No,49.7,Not Placed
STU09347,Male,CSE,3.6,65.9,8.5,3.1,8.0,42.5,No,47.9,Not Placed
STU09927,Female,ECE,2.0,80.0,6.6,4.2,16.0,63.3,Yes,63.0,Placed
STU01944,Female,ECE,2.9,61.8,8.3,5.6,2.0,41.4,No,36.4,Not Placed
STU08898,Male,IT,7.0,90.0,7.9,3.6,15.0,84.7,Yes,94.8,Placed
STU04527,Male,it,4.8,73.2,6.7,4.3,14.0,51.7,No,62.4,Not Placed
STU00721,Male,Mechanical,4.2,74.1,6.2,2.6,12.0,60.5,No,59.0,Not Placed
STU02844,Male,IT,6.8,95.5,6.0,,14.0,70.7,Yes,73.7,Placed
STU07499,Male,ece,1.2,54.8,8.1,6.2,9.0,58.7,No,47.0,Not Placed
STU03947,Female,ECE,5.5,86.3,5.4,2.6,17.0,62.2,Yes,73.1,Placed
STU05775,Male,CSE,5.2,100.0,8.1,2.8,20.0,100.0,Yes,90.5,Placed
STU06412,Male,IT,4.1,77.2,5.5,,10.0,60.0,Yes,57.8,Not Placed
STU09933,Male,IT,1.6,79.3,6.4,6.0,16.0,61.9,No,51.3,Not Placed
STU02878,Female,CSE,5.9,,5.8,4.5,11.0,57.6,Yes,69.1,Placed
STU05402,Female,IT,5.3,,6.6,3.7,13.0,61.8,Yes,72.9,Placed
STU04168,Female,CSE,,75.7,6.2,3.7,9.0,50.5,Yes,55.0,Not Placed
STU03910,Female,CSE,2.6,61.3,6.7,4.5,10.0,35.5,No,43.4,Not Placed
STU01211,Female,Civil,4.6,85.8,6.7,3.4,17.0,54.6,No,54.0,Not Placed
STU06244,Male,Mechanical,5.0,79.4,8.2,5.6,15.0,,Yes,69.3,Not Placed
STU00179,Male,ECE,5.3,70.9,7.3,4.0,13.0,55.5,No,60.7,Not Placed
STU09091,Male,ECE,6.6,84.0,8.0,6.8,13.0,47.4,Yes,72.1,Placed
STU07183,Female,ECE,2.5,77.7,6.9,3.4,13.0,60.0,Yes,57.0,Not Placed
STU00620,Male,Mechanical,4.8,92.1,6.9,3.6,17.0,71.3,Yes,80.6,Placed
STU07996,Female,Mechanical,1.5,74.4,7.7,9.7,10.0,59.0,No,42.7,Not Placed
STU02624,Female,Commerce,5.1,,4.8,0.5,14.0,80.7,Yes,82.1,Placed
STU02561,Female,,3.4,71.2,6.7,2.2,13.0,62.8,Yes,65.0,Placed
STU08734,Female,IT,1.6,87.5,7.1,3.9,13.0,54.4,Yes,50.2,Not Placed
STU08674,Female,Mechanical,4.7,81.9,6.4,5.4,18.0,74.3,No,70.1,Placed
STU04190,Male,CSE,5.0,94.8,5.8,4.3,20.0,82.2,No,77.9,Placed
STU00311,Female,CSE,1.6,84.9,6.1,6.0,14.0,77.8,Yes,67.0,Placed
STU06907,Male,Commerce,1.9,76.3,7.7,5.7,5.0,58.9,No,32.4,Not Placed
STU04239,Male,IT,4.1,73.2,5.8,6.7,13.0,61.1,Yes,56.1,Placed
STU08891,Male,CSE,1.6,76.2,5.2,3.2,16.0,54.7,No,55.6,Placed
STU09134,Male,Commerce,2.5,74.6,6.6,3.0,13.0,63.3,No,68.8,Not Placed
STU09922,Female,,5.3,98.9,7.0,6.2,20.0,75.3,No,76.8,Placed
STU03772,Female,cse,4.1,59.5,7.8,4.7,12.0,50.1,Yes,57.2,Placed
STU01933,Male,Commerce,0.0,72.1,6.1,5.9,12.0,46.6,Yes,34.1,Not Placed
STU03036,Male,Mechanical,2.1,73.3,,2.7,15.0,67.3,No,60.2,Placed
STU07253,Male,Commerce,2.8,70.4,6.9,4.6,6.0,53.9,Yes,54.3,Not Placed
STU07461,Male,Commerce,6.1,82.7,7.1,3.6,10.0,59.1,No,73.6,Placed
STU08939,Female,Commerce,6.3,88.5,7.2,2.1,18.0,81.9,No,83.9,Placed
STU07507,Male,ECE,3.0,68.9,5.5,4.3,6.0,30.9,No,37.7,Not Placed
STU09819,Male,CSE,4.7,,7.2,5.0,10.0,52.8,No,67.1,Not Placed
STU09604,Female,CSE,2.9,73.6,6.5,3.2,15.0,64.1,Yes,65.0,Placed
STU00041,Female,ECE,4.8,88.2,8.2,3.6,18.0,82.2,No,89.6,Placed
STU05982,Male,IT,4.7,72.8,7.9,5.3,17.0,89.3,No,74.9,Placed
STU00827,Female,ECE,2.1,87.4,6.3,6.2,13.0,69.9,No,56.2,Not Placed
STU04814,Male,ECE,5.8,76.6,7.5,3.9,9.0,,No,68.7,Not Placed
STU06021,Female,ECE,4.6,76.9,,5.0,11.0,67.9,Yes,55.3,Not Placed
STU03133,Male,ECE,3.6,74.4,6.5,4.2,11.0,76.7,Yes,66.2,Placed
STU08259,Male,Mechanical,7.3,94.7,7.8,4.5,16.0,55.2,No,75.9,Placed
STU08638,Female,Commerce,4.5,79.2,5.4,3.6,17.0,64.1,Yes,66.8,Not Placed
STU08713,Female,IT,2.7,77.1,7.1,4.7,15.0,79.6,No,78.0,Placed
STU08577,Female,CSE,3.9,61.5,6.2,5.7,6.0,42.0,Yes,56.3,Not Placed
STU08893,Male,Commerce,1.3,60.9,6.3,9.7,7.0,45.9,No,36.2,Not Placed
STU09914,Male,Commerce,4.5,71.7,6.3,4.9,13.0,75.9,No,61.2,Not Placed
STU09874,Female,Mechanical,4.9,84.3,4.7,3.8,13.0,55.5,No,59.2,Not Placed
STU00528,Male,IT,5.1,84.3,6.5,4.1,12.0,64.4,No,67.5,Placed
STU03490,Male,ECE,2.0,70.8,8.4,1.7,11.0,65.1,No,47.8,Not Placed
STU06150,Female,mechanical,5.0,85.4,8.2,3.0,18.0,77.3,No,75.3,Placed
STU03296,Female,CSE,4.4,92.1,7.2,2.5,18.0,70.5,Yes,79.2,Placed
STU05754,Female,ECE,4.4,91.1,7.1,3.7,20.0,72.7,Yes,78.1,Placed
STU02319,Male,CSE,7.0,100.0,6.8,2.9,20.0,80.4,No,87.7,Placed
STU06044,Female,IT,3.5,70.5,6.6,5.4,10.0,56.0,No,54.0,Not Placed
STU02692,Male,Mechanical,2.3,72.9,,4.6,10.0,61.3,No,55.7,Not Placed
STU06279,Male,Commerce,4.0,82.7,6.3,4.6,16.0,80.9,No,61.8,Placed
STU04449,Female,Mechanical,5.2,80.6,7.1,3.4,17.0,72.6,Yes,77.4,Placed
STU00895,Male,Civil,1.0,77.3,6.4,5.3,10.0,59.5,No,56.8,Not Placed
STU04586,Male,CSE,4.4,76.0,6.9,5.5,14.0,61.6,No,60.3,Not Placed
STU04621,Female,CSE,2.2,76.6,7.6,4.4,10.0,,No,56.0,Not Placed
STU03972,Female,ECE,5.3,80.4,5.9,5.3,19.0,60.7,No,65.8,Not Placed
STU09088,Male,Commerce,3.2,75.6,7.7,6.3,13.0,50.1,No,53.8,Not Placed
STU00911,Male,Civil,3.1,67.0,9.0,2.7,5.0,57.5,Yes,58.4,Placed
STU02542,Male,IT,3.0,66.7,7.1,7.6,15.0,67.5,Yes,66.6,Placed
STU02006,Male,IT,2.2,77.5,6.7,3.0,17.0,66.3,Yes,67.6,Placed
STU04600,Female,ECE,5.1,91.0,5.6,4.0,20.0,96.4,No,88.7,Placed
STU00559,Male,IT,5.3,73.2,8.5,5.8,6.0,46.9,No,59.0,Not Placed
STU00125,Female,CSE,1.6,60.5,7.7,4.3,16.0,75.6,No,64.0,Placed
STU01471,Male,IT,3.1,75.6,5.7,4.0,12.0,73.1,No,58.2,Placed
STU05650,Female,Commerce,5.7,71.5,7.5,3.8,16.0,55.4,Yes,62.1,Placed
STU05381,Female,CSE,4.3,99.1,7.8,3.7,18.0,68.0,Yes,80.6,Placed
STU09865,Male,Commerce,4.2,66.5,8.3,5.4,16.0,59.0,Yes,67.6,Placed
STU07428,Female,IT,3.9,63.8,8.5,5.9,11.0,65.3,Yes,57.0,Placed
STU05191,Female,Civil,4.0,77.3,5.7,6.3,11.0,62.4,No,64.4,Placed
STU02019,Female,IT,3.7,,6.3,3.6,17.0,64.0,No,63.2,Placed
STU01775,Female,Mechanical,4.5,75.9,6.5,4.3,16.0,89.5,No,81.6,Placed
STU01213,Female,ECE,4.8,74.8,7.0,4.9,13.0,72.3,Yes,69.1,Placed
STU01184,Female,ECE,4.1,72.4,5.4,3.3,11.0,67.8,No,60.9,Not Placed
STU00225,Female,IT,3.9,75.2,6.0,2.9,10.0,70.9,Yes,64.4,Placed
STU07442,Female,Civil,2.6,77.3,9.0,6.1,9.0,57.9,Yes,54.4,Placed
STU01952,Male,ECE,3.1,57.4,9.2,6.1,14.0,68.5,Yes,56.1,Placed
STU07233,Male,Civil,1.8,54.5,7.1,,6.0,56.5,No,45.7,Not Placed
STU05137,Female,commerce,5.1,71.8,8.3,5.2,15.0,66.0,No,67.9,Placed
STU00429,Female,ECE,2.0,75.2,5.5,3.3,9.0,37.4,No,41.6,Not Placed
STU09896,Male,Commerce,3.1,,6.7,2.3,18.0,86.4,No,81.2,Placed
STU01372,Male,CSE,5.5,85.2,7.2,5.1,15.0,78.0,No,73.9,Placed
STU05454,Male,Commerce,4.7,68.2,6.2,4.8,9.0,54.2,No,62.1,Not Placed
STU04781,Female,IT,6.3,82.3,7.8,1.3,10.0,40.0,No,66.3,Placed
STU09773,Male,Commerce,4.1,61.1,6.7,4.1,8.0,60.0,No,58.3,Not Placed
STU03252,Male,CSE,2.5,63.6,7.0,3.3,14.0,68.5,Yes,60.6,Placed
STU00828,Female,IT,2.9,74.8,7.5,5.3,12.0,62.9,No,63.2,Placed
STU03310,Male,CSE,3.8,82.4,8.3,6.0,15.0,55.6,No,63.3,Not Placed
STU04729,Female,Civil,8.1,92.1,8.0,4.5,15.0,74.3,Yes,74.4,Placed
STU03745,Female,Mechanical,5.2,100.0,7.4,4.4,20.0,87.7,No,94.3,Placed
STU05338,Female,ECE,4.8,81.4,6.9,6.9,14.0,68.1,Yes,66.3,Placed
STU02526,Male,Civil,,83.3,6.6,2.8,11.0,65.4,Yes,67.4,Placed
STU01672,Male,Mechanical,1.7,45.0,5.0,6.0,5.0,42.2,No,35.9,Not Placed
STU05557,Female,ECE,3.8,69.7,6.5,7.4,14.0,62.2,No,65.5,Not Placed
STU05494,Male,Civil,3.9,80.6,5.8,4.2,12.0,52.7,Yes,54.1,Not Placed
STU02859,Male,Civil,2.8,70.2,5.9,5.9,13.0,59.2,Yes,65.1,Placed
STU01278,Male,Civil,4.5,94.2,6.7,4.1,19.0,84.4,No,78.1,Placed
STU08954,Female,CSE,2.7,75.5,7.9,4.0,13.0,68.9,No,60.0,Not Placed
STU00746,Male,CSE,2.1,72.4,6.2,4.8,15.0,54.9,No,62.6,Placed
STU05845,Female,Commerce,4.7,,9.0,4.5,19.0,74.1,No,76.8,Placed
STU08603,Female,IT,3.5,76.2,8.7,5.6,12.0,66.7,Yes,57.1,Placed
STU04694,Male,CSE,0.2,61.0,8.5,4.5,14.0,51.1,No,50.6,Not Placed
STU00142,Male,CSE,1.1,64.7,5.6,6.2,7.0,50.1,No,43.0,Not Placed
STU09105,Male,IT,0.0,66.7,7.0,5.6,11.0,,No,50.3,Not Placed
STU04901,Male,CSE,1.4,59.6,6.9,5.7,5.0,,No,36.1,Not Placed
STU08994,Male,Commerce,5.3,87.9,7.1,0.2,19.0,84.8,No,89.2,Placed
STU05302,female,Commerce,3.5,73.3,7.3,6.1,11.0,47.4,Yes,57.7,Not Placed
STU07854,Female,Mechanical,2.0,62.5,5.2,5.4,5.0,45.2,Yes,39.4,Not Placed
STU08968,Female,CSE,4.3,78.0,8.5,4.0,9.0,68.7,Yes,67.2,Placed
STU02249,Male,ECE,4.3,77.5,6.9,7.1,11.0,52.7,No,55.0,Not Placed
STU00455,Female,CSE,,77.0,8.0,4.4,13.0,64.9,No,67.1,Placed
STU04869,Male,Civil,6.5,100.0,5.0,3.4,20.0,82.7,No,83.6,Placed
STU07324,Male,Civil,5.8,81.6,5.8,1.2,16.0,71.7,No,74.1,Placed
STU00507,Female,Civil,,91.8,5.5,4.4,20.0,96.6,No,85.3,Placed
STU07390,Female,IT,3.7,,8.1,5.0,12.0,61.5,Yes,55.1,Not Placed
STU03652,Female,Mechanical,3.8,78.2,6.5,5.9,13.0,62.8,No,64.5,Not Placed
STU00441,Male,IT,4.7,82.4,6.8,3.5,14.0,52.4,Yes,58.0,Placed
STU03251,Female,Commerce,3.4,75.2,7.3,2.5,15.0,65.7,No,75.2,Placed
STU06577,Female,CSE,3.0,78.8,8.3,0.3,12.0,62.0,Yes,60.6,Placed
STU01828,Male,Commerce,3.1,91.8,6.8,3.3,20.0,62.8,No,71.0,Placed
STU00111,Male,Mechanical,4.7,82.7,5.0,2.9,11.0,62.3,Yes,57.9,Placed
STU07279,Female,Commerce,4.5,75.5,7.9,3.7,13.0,42.7,No,64.2,Not Placed
STU02997,Male,Civil,3.3,53.1,6.0,3.7,10.0,57.6,No,52.3,Not Placed
STU07649,Male,CSE,4.1,,6.6,3.9,10.0,41.1,No,59.7,Not Placed
STU03201,Female,CSE,1.7,54.8,8.3,5.8,11.0,70.0,No,54.8,Not Placed
STU01518,Female,ECE,4.5,88.6,6.4,3.7,12.0,73.5,Yes,70.0,Placed
STU00985,Female,CSE,2.2,63.4,8.8,5.0,13.0,63.5,Yes,62.3,Not Placed
STU00715,Male,CSE,3.8,,5.8,4.4,12.0,59.3,No,57.8,Placed
STU01746,Female,Mechanical,4.0,72.8,6.6,5.0,11.0,62.3,No,54.5,Not Placed
STU05802,Male,CSE,3.0,62.3,6.6,2.9,7.0,41.3,Yes,44.0,Not Placed
STU01583,Female,CSE,3.1,89.3,7.2,4.0,16.0,73.7,Yes,75.2,Placed
STU05067,Female,CSE,3.0,60.7,7.7,5.7,7.0,31.2,No,36.5,Not Placed
STU02448,Female,Commerce,2.5,71.4,7.9,2.2,10.0,51.3,Yes,59.2,Not Placed
STU05939,Male,CSE,2.7,,4.9,3.1,15.0,58.8,No,57.3,Not Placed
STU07062,Male,Commerce,1.7,60.4,7.1,7.5,8.0,,No,45.9,Not Placed
STU07951,Female,Commerce,2.4,79.1,7.0,4.1,9.0,46.8,No,51.9,Not Placed
STU03099,female,Commerce,3.3,81.1,5.4,3.4,20.0,80.0,Yes,77.7,Placed
STU08587,Male,IT,5.4,85.1,7.6,2.9,18.0,76.0,Yes,86.8,Placed
STU00377,Male,CSE,5.8,79.6,7.0,3.9,14.0,66.1,No,72.9,Placed
STU09671,Male,IT,5.1,62.6,7.2,8.6,9.0,43.6,No,40.7,Not Placed
STU00206,M,CSE,3.0,83.0,5.7,3.4,17.0,65.7,Yes,67.0,Placed
STU06308,Male,Mechanical,0.7,63.4,,5.3,10.0,62.5,No,51.3,Not Placed
STU02195,Female,Mechanical,4.3,83.1,7.3,3.4,15.0,66.9,No,77.1,Placed
STU05473,Male,Mechanical,3.0,82.9,7.7,5.5,18.0,56.2,No,67.7,Not Placed
STU07544,Female,Commerce,2.3,62.2,7.1,5.5,6.0,57.9,No,51.9,Not Placed
STU07367,Male,ECE,3.0,70.9,7.0,6.6,11.0,60.4,Yes,52.4,Not Placed
STU08628,Female,ECE,2.9,83.1,6.1,3.6,11.0,40.4,No,48.2,Not Placed
STU02179,Male,Mechanical,3.1,73.4,8.8,4.4,17.0,64.2,No,65.9,Placed
STU06033,Female,Commerce,3.7,84.5,7.8,4.3,20.0,85.4,No,78.2,Placed
STU03702,Female,ECE,4.7,73.6,5.4,3.5,10.0,45.0,No,59.2,Not Placed
STU06987,Female,IT,4.4,78.7,5.9,,10.0,49.5,No,50.4,Not Placed
STU06514,Male,Mechanical,0.3,56.2,1.0,5.4,11.0,58.3,No,43.9,Not Placed
STU03529,Female,Mechanical,5.8,83.4,8.0,,13.0,37.1,No,59.9,Not Placed
STU00419,Female,ECE,2.9,77.8,7.4,5.1,13.0,59.3,No,57.8,Not Placed
STU00284,Male,Commerce,4.8,81.2,6.1,5.4,14.0,73.3,No,62.8,Not Placed
STU03551,Female,Mechanical,3.6,78.0,7.6,4.8,15.0,,No,70.6,Placed
STU04075,Male,CSE,4.6,72.2,6.3,5.0,9.0,50.9,No,55.1,Not Placed
STU00872,Female,CSE,3.2,79.0,,5.1,8.0,44.8,Yes,49.8,Not Placed
STU02146,Female,Commerce,4.8,,7.8,1.2,15.0,54.5,Yes,65.2,Not Placed
STU09098,Male,Mechanical,4.8,81.7,5.5,0.4,15.0,69.8,No,72.1,Not Placed
STU00355,Male,,5.2,91.4,4.8,4.5,18.0,78.5,No,74.6,Placed
STU08005,Female,IT,1.7,63.4,6.9,3.3,11.0,71.3,No,56.1,Not Placed
STU08510,Male,Commerce,3.7,69.2,6.6,3.5,11.0,55.8,No,60.1,Not Placed
STU02363,Female,IT,1.8,54.7,6.1,5.0,11.0,58.8,Yes,51.7,Not Placed
STU06753,Female,IT,2.3,59.5,6.0,4.8,11.0,64.3,Yes,45.2,Placed
STU09619,Female,ECE,3.8,72.7,6.2,4.6,8.0,42.2,Yes,50.3,Not Placed
STU06972,Male,IT,4.1,91.2,5.0,6.5,20.0,76.2,Yes,71.8,Placed
STU07377,Male,Commerce,,88.3,5.9,1.6,9.0,59.8,No,68.9,Not Placed
STU05262,Male,ECE,6.1,78.0,6.0,4.5,15.0,78.2,No,76.5,Placed
STU05756,Male,Civil,4.0,60.8,6.5,1.8,12.0,50.3,Yes,52.3,Not Placed
STU01141,Male,IT,5.2,92.7,6.5,3.0,18.0,70.0,Yes,73.5,Placed
STU05693,Female,CSE,3.4,90.0,5.6,4.6,12.0,61.5,No,59.3,Not Placed
STU06813,Female,IT,4.1,85.4,6.4,3.1,16.0,49.8,No,62.0,Not Placed
STU05566,Male,Mechanical,1.3,80.0,5.6,5.9,11.0,60.8,No,51.3,Not Placed
STU09783,Female,ECE,3.1,89.8,5.5,4.2,14.0,66.8,No,69.0,Not Placed
STU05698,Male,Mechanical,3.4,72.8,6.3,7.4,12.0,61.4,No,58.8,Not Placed
STU04187,Female,CSE,4.1,76.5,6.7,1.2,16.0,64.4,No,60.8,Not Placed
STU06544,Male,Mechanical,2.7,73.5,6.8,4.3,17.0,84.2,No,79.7,Placed
STU04555,Male,Commerce,6.6,84.8,5.0,2.1,,78.7,No,82.0,Placed
STU02024,Male,CSE,2.5,81.4,8.4,3.6,15.0,61.9,No,61.4,Placed
STU01634,Male,IT,3.8,85.5,7.0,5.3,15.0,55.8,Yes,59.7,Placed
STU01639,Female,IT,5.3,72.8,8.6,4.7,14.0,56.5,No,66.0,Placed
STU00779,Female,ECE,2.9,80.4,,4.9,13.0,62.0,No,66.0,Not Placed
STU08875,Male,ECE,2.0,62.5,7.4,1.1,9.0,60.8,No,57.6,Not Placed
STU04522,Male,Mechanical,3.1,71.7,8.4,4.3,17.0,68.3,Yes,71.9,Placed
STU03736,Female,ECE,3.5,74.8,6.9,1.8,10.0,52.1,No,57.0,Not Placed
STU00376,Female,IT,4.9,100.0,6.2,5.1,20.0,,Yes,76.1,Placed
STU02423,Female,Mechanical,3.2,79.1,4.3,2.4,20.0,84.9,No,72.0,Placed
STU04980,Male,Mechanical,4.0,66.2,5.3,4.5,9.0,34.9,No,45.8,Not Placed
STU05697,Male,Commerce,2.0,82.2,7.3,4.1,17.0,61.1,No,67.6,Placed
STU04788,Female,CSE,4.6,65.9,5.7,3.8,11.0,72.8,No,59.1,Not Placed
STU06760,Female,Mechanical,4.9,91.8,8.7,4.5,18.0,81.8,No,79.3,Placed
STU08843,Male,Commerce,3.9,91.4,9.1,4.9,13.0,49.0,No,52.9,Not Placed
STU06020,Female,Civil,1.6,71.8,7.6,3.2,14.0,67.7,No,60.6,Placed
STU07922,Female,CSE,3.5,86.9,7.0,1.8,18.0,65.2,No,66.4,Placed
STU06937,Male,IT,3.3,69.4,6.3,3.9,11.0,53.6,Yes,65.5,Placed
STU08343,Male,Commerce,3.3,61.3,6.9,2.7,6.0,35.1,No,48.7,Not Placed
STU04414,Male,IT,2.7,64.0,6.0,4.7,10.0,56.5,Yes,51.8,Placed
STU03347,Female,CSE,2.9,69.0,9.5,4.7,15.0,67.3,Yes,57.2,Not Placed
STU01169,Male,ECE,4.0,78.6,7.1,4.6,14.0,54.8,Yes,65.5,Placed
STU08924,Female,CSE,2.0,,5.9,5.0,14.0,66.0,Yes,56.6,Placed
STU01903,Female,ECE,3.1,86.6,7.4,5.0,15.0,70.7,Yes,72.5,Placed
STU00631,Male,CSE,,89.0,5.5,5.7,17.0,81.9,Yes,67.6,Placed
STU04605,Male,ECE,2.0,60.5,5.8,2.3,7.0,61.4,Yes,48.0,Not Placed
STU04330,F,CSE,2.7,61.6,6.9,4.6,7.0,56.3,No,58.4,Not Placed
STU09546,Female,ECE,5.2,89.2,,5.0,17.0,68.7,No,72.6,Not Placed
STU03209,Female,Mechanical,2.8,75.0,7.9,4.2,11.0,75.2,No,58.2,Placed
STU02595,Male,CSE,0.0,56.4,9.4,5.7,5.0,39.9,Yes,35.2,Not Placed
STU00177,Female,CSE,7.5,100.0,7.7,1.5,20.0,87.0,No,97.4,Placed
STU03631,Male,CSE,6.3,80.1,7.6,2.4,14.0,73.0,No,75.3,Placed
STU03898,Male,IT,5.9,90.7,8.9,3.6,19.0,94.1,Yes,82.0,Placed
STU09743,Female,ECE,3.2,63.3,5.9,2.4,5.0,40.3,No,42.2,Not Placed
STU06853,Female,CSE,,76.1,7.2,5.0,15.0,61.5,Yes,71.4,Placed
STU09889,Male,CSE,3.2,77.2,7.6,4.4,11.0,48.6,No,69.0,Not Placed
STU09708,Female,Mechanical,4.6,71.7,7.5,4.0,12.0,57.9,No,59.9,Not Placed
STU04851,Female,Commerce,3.2,73.9,8.2,,11.0,69.5,Yes,63.5,Not Placed
STU04888,Female,ECE,3.6,,6.3,4.4,18.0,78.3,No,70.1,Placed
STU03787,F,CSE,3.6,59.9,8.6,2.2,8.0,61.1,Yes,53.8,Not Placed
STU03934,Male,CSE,6.4,93.1,8.1,0.2,18.0,72.1,Yes,91.1,Placed
STU01551,Female,CSE,1.6,77.4,8.4,,7.0,44.8,Yes,43.8,Not Placed
STU09147,Female,CSE,3.9,69.2,7.4,,12.0,68.1,No,63.7,Not Placed
STU09070,Male,IT,0.0,45.3,6.1,3.6,9.0,41.5,No,34.7,Not Placed
STU00126,Male,Commerce,3.1,71.7,5.4,3.4,9.0,63.8,No,57.1,Not Placed
STU07396,Male,Commerce,4.9,78.3,9.8,3.8,16.0,72.0,No,67.7,Placed
STU03782,Female,,3.3,69.1,7.9,5.0,10.0,44.8,Yes,53.0,Not Placed
STU09728,Male,Mechanical,4.3,88.2,6.1,2.5,17.0,82.2,No,83.7,Placed
STU03367,Male,IT,2.5,77.1,8.2,6.0,20.0,57.0,No,62.4,Placed
STU03493,Male,CSE,4.0,78.8,4.9,5.9,13.0,54.7,Yes,51.9,Not Placed
STU01600,Female,CSE,1.9,,6.1,3.9,14.0,39.5,Yes,46.2,Not Placed
STU01503,Male,cse,4.8,89.3,7.1,3.2,16.0,83.7,No,80.9,Placed
STU08706,Female,Mechanical,3.9,80.5,6.2,3.4,14.0,58.2,Yes,56.6,Not Placed
STU08830,Female,Civil,3.1,70.5,6.3,1.9,14.0,69.0,No,68.0,Not Placed
STU02015,Female,ECE,5.0,87.9,6.0,2.0,19.0,70.3,Yes,85.3,Placed
STU03206,Female,Civil,1.5,62.6,6.4,2.8,10.0,47.3,Yes,50.7,Not Placed
STU06841,Male,CSE,2.6,82.9,8.9,4.0,17.0,69.9,No,71.3,Placed
STU08234,Female,Commerce,3.2,73.5,,4.4,15.0,65.6,Yes,63.2,Placed
STU02440,Female,IT,2.8,73.8,7.9,4.3,16.0,64.7,Yes,58.7,Placed
STU06806,Female,MECHANICAL,4.1,83.2,6.2,2.9,11.0,51.2,No,61.1,Not Placed
STU08948,Female,ECE,2.7,84.0,6.5,8.0,15.0,53.6,Yes,49.3,Not Placed
STU09869,Female,Commerce,5.3,80.2,7.6,6.5,10.0,65.5,No,63.6,Not Placed
STU01417,Female,CSE,6.4,91.3,6.6,4.6,20.0,88.5,No,98.2,Placed
STU05261,Female,IT,5.3,93.7,8.5,3.8,15.0,74.3,No,69.4,Placed
STU07689,Male,Civil,3.5,80.6,7.6,4.0,15.0,53.2,No,59.8,Not Placed
STU08486,Female,CSE,5.9,96.1,6.4,3.5,19.0,77.7,No,82.3,Placed
STU07235,Male,ECE,4.4,81.5,7.2,4.8,15.0,66.6,No,74.6,Placed
STU08885,Female,CSE,5.5,72.8,6.4,4.5,13.0,66.6,Yes,70.4,Placed
STU05265,Female,IT,3.9,86.0,5.8,6.3,14.0,52.1,Yes,49.7,Not Placed
STU01416,Male,ECE,1.4,66.7,6.4,2.2,,61.2,No,44.9,Not Placed
STU05004,Female,Mechanical,4.6,83.0,6.4,4.4,12.0,,No,64.9,Not Placed
STU04332,Female,ECE,1.7,63.3,9.1,6.0,9.0,47.4,No,43.6,Not Placed
STU04397,Female,ECE,4.3,63.0,7.3,4.6,15.0,62.9,No,69.3,Placed
STU02741,Female,IT,0.0,61.0,7.0,7.8,6.0,71.7,Yes,41.6,Placed
STU07720,Male,CSE,0.6,64.7,7.5,7.4,4.0,47.5,No,41.4,Not Placed
STU09153,Female,Civil,4.4,71.4,6.8,3.8,12.0,50.0,No,60.4,Not Placed
STU05926,Female,ECE,3.0,68.1,6.7,6.7,14.0,44.2,No,52.3,Not Placed
STU04531,Female,Mechanical,6.4,88.2,5.2,1.0,17.0,73.8,Yes,80.8,Placed
STU01830,Male,CSE,3.2,79.5,7.9,6.8,13.0,59.9,No,59.3,Placed
STU08146,Male,Commerce,2.8,68.3,10.0,2.9,14.0,66.0,Yes,56.0,Not Placed
STU07945,Female,Civil,4.2,70.9,6.4,4.3,14.0,55.8,No,53.5,Not Placed
STU06609,Male,CSE,5.1,87.9,6.7,5.4,19.0,59.2,No,67.5,Placed
STU09549,Male,ECE,2.7,73.6,,2.4,6.0,59.6,No,57.5,Not Placed
STU09663,Female,Mechanical,3.9,79.2,7.3,5.2,11.0,,No,46.1,Not Placed
STU04959,Male,IT,5.1,73.8,6.0,2.3,11.0,66.9,No,72.5,Placed
STU08574,Male,IT,2.6,74.4,7.4,9.0,9.0,52.8,Yes,50.0,Not Placed
STU05237,Female,Civil,0.0,60.8,8.6,8.2,8.0,58.0,Yes,37.3,Not Placed
STU00873,Male,IT,2.6,82.0,6.9,5.5,18.0,65.5,No,66.5,Placed
STU00936,Female,Mechanical,3.8,89.1,7.5,7.9,17.0,80.0,Yes,64.7,Placed
STU06455,Male,CSE,1.7,64.5,,5.4,8.0,66.6,No,48.5,Placed
STU07223,Male,Civil,3.6,71.0,7.0,2.8,17.0,75.2,No,76.5,Placed
STU07955,Male,ECE,2.9,74.9,6.9,7.2,13.0,60.8,Yes,56.8,Placed
STU02746,Female,IT,3.9,91.7,6.9,5.2,20.0,62.0,Yes,74.8,Placed
STU08719,Male,CSE,5.2,96.9,7.6,5.2,17.0,83.8,No,80.4,Placed
STU01934,Female,Commerce,5.7,87.4,7.5,0.6,17.0,,No,84.0,Placed
STU08190,Male,Civil,1.4,86.1,5.8,4.8,9.0,67.6,No,48.9,Not Placed
STU07392,Female,Mechanical,2.4,77.8,4.7,4.2,12.0,63.7,Yes,57.6,Placed
STU06475,Female,ECE,3.1,68.1,8.4,5.4,4.0,34.0,Yes,43.6,Not Placed
STU06951,Male,IT,4.1,77.0,6.5,4.5,20.0,78.0,No,75.6,Placed
STU08141,Male,Mechanical,4.5,91.3,5.9,1.6,16.0,78.7,No,78.0,Placed
STU00929,Male,ECE,1.7,,6.1,2.4,16.0,56.5,Yes,56.5,Not Placed
STU08562,Female,Mechanical,4.3,89.3,7.2,4.1,18.0,82.9,Yes,71.0,Placed
STU06010,Female,ECE,3.9,88.4,4.8,5.6,12.0,69.2,No,59.1,Not Placed
STU03863,Female,IT,4.8,,8.9,6.7,6.0,62.3,No,65.7,Not Placed
STU04378,Female,mechanical,1.7,62.5,7.9,4.1,13.0,68.8,No,53.7,Not Placed
STU09208,Male,Commerce,4.4,79.3,6.2,2.9,13.0,66.5,Yes,59.7,Placed
STU03002,Male,IT,4.5,77.1,5.8,2.5,16.0,71.5,No,77.0,Placed
STU05870,Female,Mechanical,5.7,87.3,5.8,4.0,19.0,93.2,No,95.8,Placed
STU05946,Male,CSE,1.0,57.8,4.9,4.1,6.0,40.6,Yes,30.8,Not Placed
STU07671,Female,ECE,2.6,70.0,6.9,3.7,11.0,69.9,Yes,60.3,Placed
STU01579,Male,ECE,2.2,45.5,5.7,4.4,4.0,40.4,Yes,32.7,Not Placed
STU04436,Male,Civil,4.4,96.6,8.2,5.5,16.0,72.8,Yes,70.7,Placed
STU02510,Male,Commerce,1.1,67.3,8.4,2.5,12.0,59.5,No,50.6,Placed
STU00898,Female,Civil,7.0,66.6,8.6,6.7,7.0,45.0,No,47.8,Not Placed
STU07843,Female,ECE,0.6,64.6,7.6,3.9,9.0,46.1,Yes,42.9,Not Placed
STU03957,Male,CSE,0.6,72.1,7.2,6.9,9.0,44.2,Yes,42.6,Not Placed
STU04492,Male,CSE,2.1,69.0,4.5,5.1,8.0,55.4,No,48.6,Not Placed
STU04275,Female,Civil,4.4,76.5,6.2,3.6,15.0,66.1,No,63.9,Not Placed
STU08743,Female,ECE,5.4,84.9,7.4,4.0,9.0,48.9,No,57.5,Not Placed
STU07115,Male,CSE,2.8,64.7,6.9,4.8,6.0,65.4,No,60.9,Not Placed
STU03019,Female,IT,1.9,80.8,7.2,7.0,14.0,72.1,Yes,65.1,Placed
STU05164,Male,CSE,2.0,66.7,6.3,4.1,12.0,51.7,No,44.0,Not Placed
STU00803,Male,CSE,2.9,70.5,7.0,4.1,13.0,63.3,No,63.2,Placed
STU01919,Male,IT,5.3,73.7,6.6,2.8,10.0,49.7,Yes,51.3,Not Placed
STU08399,Male,IT,3.1,60.9,4.9,7.0,10.0,48.8,Yes,46.6,Not Placed
STU07426,Male,IT,3.0,68.3,8.1,6.3,10.0,38.4,No,46.1,Not Placed
STU00207,Female,IT,4.1,74.4,8.1,3.8,,45.4,Yes,46.9,Not Placed
STU03100,Male,IT,3.8,84.6,8.0,6.4,20.0,68.6,No,68.2,Placed
STU04548,Male,Civil,4.0,83.7,7.3,2.2,16.0,71.1,Yes,78.6,Placed
STU09172,Male,Commerce,3.4,82.8,5.7,6.1,13.0,61.2,Yes,56.0,Placed
STU02988,Male,IT,4.9,97.4,6.6,6.2,17.0,76.5,Yes,71.0,Placed
STU00070,Male,Commerce,2.3,61.0,6.4,4.3,,64.2,No,49.7,Not Placed
STU02386,Male,IT,0.0,53.9,7.5,4.6,8.0,53.9,No,40.5,Not Placed
STU09152,Male,Mechanical,,83.1,7.8,4.3,14.0,61.5,Yes,73.8,Placed
STU07624,Female,Commerce,2.9,67.6,6.0,5.6,,68.5,Yes,59.4,Not Placed
STU00993,Male,Mechanical,4.7,83.4,6.2,5.0,19.0,95.6,No,90.8,Placed
STU03320,Male,Civil,5.0,92.4,6.6,4.5,15.0,78.0,No,87.1,Placed
STU03374,Female,IT,3.0,76.1,6.4,5.1,7.0,73.3,No,52.3,Not Placed
STU06100,Male,Commerce,4.6,79.5,6.5,2.7,15.0,63.5,Yes,64.0,Not Placed
STU03665,Female,CSE,4.2,78.5,4.5,0.6,11.0,67.7,No,63.7,Placed
STU09079,Female,IT,3.4,,6.4,6.2,14.0,50.6,No,50.1,Placed
STU06716,Male,IT,0.2,,8.4,4.4,4.0,,No,42.6,Not Placed
STU02167,Female,Civil,6.7,99.1,6.0,1.8,20.0,87.0,Yes,94.7,Placed
STU05316,Male,ECE,3.8,68.3,5.1,5.4,20.0,,No,65.2,Placed
STU04031,Male,ECE,3.5,63.1,6.4,5.6,7.0,55.6,No,37.3,Not Placed
STU00859,Female,CSE,,70.9,5.1,7.2,6.0,44.2,Yes,38.0,Not Placed
STU00466,Male,ECE,4.0,73.7,6.3,5.9,12.0,56.4,No,60.8,Not Placed
STU09894,Female,Mechanical,3.0,70.9,7.0,4.5,14.0,64.1,Yes,58.7,Placed
STU06134,Female,ECE,2.6,70.6,6.8,6.4,9.0,46.9,No,41.9,Not Placed
STU00297,Female,IT,4.6,74.0,6.8,4.0,14.0,65.5,Yes,76.7,Placed
STU05694,Female,Mechanical,6.1,85.3,6.7,4.9,14.0,70.7,No,75.7,Not Placed
STU09502,Male,IT,3.0,79.0,6.5,4.0,11.0,61.5,No,62.7,Not Placed
STU01359,Male,COMMERCE,1.0,70.4,7.2,4.5,8.0,52.7,Yes,43.2,Not Placed
STU08223,Male,CSE,3.6,67.5,7.6,3.7,9.0,52.4,No,51.5,Not Placed
STU06265,Male,Mechanical,5.1,84.4,5.3,1.7,17.0,68.0,No,67.8,Placed
STU09882,Female,ECE,3.2,84.3,7.7,7.2,16.0,44.4,Yes,55.2,Placed
STU06896,Male,ECE,4.5,75.8,4.7,4.1,11.0,42.1,Yes,56.4,Not Placed
STU07718,Male,commerce,3.5,70.9,6.6,5.4,16.0,92.9,Yes,77.9,Placed
STU04676,Male,CSE,2.1,88.6,6.2,3.9,18.0,77.7,No,62.0,Placed
STU09818,Female,CSE,0.9,62.4,5.8,,11.0,68.3,No,50.3,Not Placed
STU06338,Male,Commerce,1.9,69.1,6.1,7.4,10.0,53.9,No,48.9,Not Placed
STU02571,Female,Mechanical,3.3,90.7,7.5,3.1,20.0,88.6,Yes,91.3,Placed
STU03903,Male,CSE,2.9,62.1,6.4,4.5,6.0,44.8,No,43.2,Not Placed
STU02544,Female,IT,3.6,70.1,6.3,3.3,10.0,73.2,No,64.3,Not Placed
STU07075,Male,Civil,3.1,83.3,8.2,3.8,13.0,72.5,Yes,67.5,Placed
STU02091,Female,IT,2.4,67.8,6.3,6.6,15.0,56.9,Yes,50.4,Not Placed
STU08997,Female,ECE,0.9,45.0,6.8,4.7,9.0,42.3,Yes,40.2,Not Placed
STU07371,M,ECE,6.0,81.9,7.9,4.9,17.0,82.2,No,79.6,Placed
STU01256,Female,CSE,2.5,65.3,6.7,5.0,11.0,54.2,No,47.4,Not Placed
STU02155,Female,CSE,0.5,54.6,5.5,5.9,11.0,62.2,Yes,47.9,Placed
STU01288,Male,ECE,2.2,63.0,7.0,5.2,8.0,62.7,No,50.5,Not Placed
STU02873,Male,Civil,4.3,73.7,5.1,7.2,5.0,43.8,No,44.6,Not Placed
STU08025,Male,IT,3.6,69.3,6.4,4.7,9.0,40.8,No,47.8,Not Placed
STU06417,Male,ECE,4.9,93.1,5.7,3.6,20.0,77.0,No,78.8,Placed
STU08600,Male,IT,2.2,61.9,5.8,7.6,9.0,63.1,Yes,40.7,Placed
STU01519,Male,CSE,4.0,65.7,8.5,3.6,8.0,55.4,No,64.4,Not Placed
STU02184,Male,Mechanical,2.2,81.4,6.0,5.8,9.0,44.1,Yes,47.1,Not Placed
STU03026,Female,CSE,0.7,69.7,6.0,6.2,15.0,50.2,Yes,48.2,Placed
STU08182,Male,CSE,2.1,58.0,7.4,4.9,5.0,53.8,Yes,41.1,Placed
STU09550,Female,CSE,0.7,64.0,7.8,3.7,16.0,68.3,No,58.8,Placed
STU06762,Female,Mechanical,4.0,68.7,7.3,5.8,13.0,47.4,Yes,56.6,Placed
STU05909,Male,Civil,5.6,87.1,6.5,5.6,19.0,76.3,No,83.2,Placed
STU09240,Female,Mechanical,6.9,89.4,6.5,0.2,14.0,57.0,No,75.0,Placed
STU07948,Male,Mechanical,4.5,85.9,8.9,3.3,16.0,64.3,No,64.0,Not Placed
STU09221,Female,CSE,6.0,88.5,6.4,4.7,13.0,52.8,Yes,65.4,Placed
STU08560,Female,CSE,3.8,67.0,8.5,3.8,10.0,52.8,No,52.9,Not Placed
STU04036,Male,ECE,4.5,78.8,6.1,6.8,13.0,58.2,Yes,69.0,Placed
STU07175,Female,CSE,2.6,85.0,5.9,4.8,19.0,70.5,No,67.9,Placed
STU07852,Male,Commerce,,90.0,3.5,5.6,18.0,75.1,No,75.7,Placed
STU02803,Female,IT,3.1,86.3,5.9,5.9,16.0,86.1,Yes,69.0,Placed
STU09612,Male,ece,4.9,87.0,8.5,6.4,20.0,68.0,Yes,75.3,Placed
STU03896,Female,IT,2.6,56.9,5.3,4.7,12.0,50.4,No,53.0,Not Placed
STU07120,Male,Commerce,2.7,61.5,6.7,6.9,6.0,48.3,Yes,47.8,Not Placed
STU00837,Male,Commerce,3.1,74.3,14.0,6.5,10.0,58.2,Yes,55.9,Not Placed
STU05867,Female,CSE,3.1,71.2,6.4,5.0,15.0,65.6,Yes,62.9,Placed
STU05476,Female,ECE,1.9,,6.0,5.4,,,No,51.1,Not Placed
STU00546,Female,IT,3.3,60.1,6.8,3.6,10.0,61.6,No,57.2,Placed
STU04612,Female,Civil,4.9,95.9,7.3,3.9,20.0,81.3,No,88.1,Placed
STU02410,Male,CSE,4.9,69.0,5.3,5.5,11.0,50.0,Yes,46.3,Not Placed
STU03210,Male,Mechanical,4.4,88.9,6.5,1.8,12.0,49.3,Yes,60.7,Not Placed
STU07703,Female,commerce,1.8,54.2,6.6,6.4,1.0,40.0,No,33.2,Not Placed
STU08470,Male,CSE,4.6,78.4,6.7,4.8,16.0,59.2,No,72.7,Placed
STU00430,Male,Commerce,4.7,74.7,6.7,4.9,12.0,74.3,No,68.7,Placed
STU04900,Female,ECE,1.3,74.5,6.8,3.1,12.0,56.7,Yes,53.5,Placed
STU09445,Male,CSE,2.5,84.5,6.3,3.6,19.0,76.1,Yes,77.2,Placed
STU07344,Female,IT,2.8,77.4,8.0,4.6,10.0,62.9,No,53.3,Not Placed
STU09541,Male,Civil,,77.0,7.1,5.9,9.0,54.9,No,54.1,Not Placed
STU01980,Female,IT,4.0,84.8,7.5,4.4,17.0,65.6,Yes,65.1,Placed
STU08408,Male,CSE,1.4,61.9,7.3,6.4,9.0,44.2,No,48.4,Not Placed
STU07917,Male,IT,2.5,67.7,6.7,4.5,8.0,58.5,No,58.9,Not Placed
STU02217,Female,CSE,3.4,83.3,5.4,4.7,14.0,74.6,Yes,61.6,Placed
STU00269,Female,CSE,2.9,81.1,8.0,4.9,15.0,53.7,No,58.9,Not Placed
STU03932,Male,Mechanical,2.8,77.9,3.8,5.1,13.0,53.5,Yes,42.2,Not Placed
STU09641,Male,CSE,2.8,70.4,3.4,5.3,16.0,48.7,No,57.2,Not Placed
STU00018,Female,IT,4.5,73.6,8.3,,13.0,47.8,No,54.3,Not Placed
STU06718,Male,CSE,4.5,73.1,6.7,3.8,15.0,69.9,Yes,66.5,Not Placed
STU01152,Male,CSE,6.7,95.4,6.5,3.3,15.0,80.5,No,77.5,Placed
STU04875,Female,Mechanical,2.1,70.7,6.8,4.8,10.0,55.7,Yes,41.1,Not Placed
STU07959,Female,IT,4.7,82.5,6.8,5.6,18.0,75.9,Yes,60.5,Placed
STU06372,Male,Commerce,5.0,97.9,7.0,2.2,18.0,73.6,No,78.8,Placed
STU00253,Male,Commerce,5.5,,7.5,4.5,17.0,75.6,No,86.1,Placed
STU04740,Male,IT,,71.9,6.8,6.4,13.0,55.9,No,59.6,Not Placed
STU01505,Female,Commerce,3.9,,6.1,5.2,12.0,,No,43.2,Not Placed
STU03470,M,IT,3.7,87.9,6.6,3.9,16.0,73.6,Yes,84.2,Placed
STU04193,Male,cse,1.4,78.5,7.1,5.7,20.0,72.6,No,68.0,Placed
STU06122,female,CSE,3.3,85.8,4.9,4.6,16.0,59.2,Yes,54.1,Not Placed
STU08380,Male,ECE,5.0,97.2,8.4,4.4,20.0,94.3,No,84.3,Placed
STU06367,Male,Civil,2.8,95.5,7.8,3.4,20.0,84.6,No,76.9,Placed
STU07387,Male,ECE,3.3,70.6,6.3,3.5,16.0,72.3,Yes,72.9,Placed
STU05299,Female,IT,4.4,75.9,5.8,4.7,18.0,66.4,No,63.9,Placed
STU03536,Male,IT,3.2,82.8,5.9,4.3,15.0,56.4,No,57.8,Not Placed
STU02161,Female,IT,2.3,76.7,6.3,4.4,,61.7,No,54.4,Not Placed
STU08516,Male,CSE,1.8,59.2,5.7,4.9,4.0,39.8,No,38.6,Not Placed
STU06146,Male,CSE,2.8,69.8,7.2,4.3,8.0,49.1,Yes,48.6,Not Placed
STU05608,Female,CSE,4.3,85.3,5.9,5.4,13.0,61.1,No,51.0,Not Placed
STU06824,Male,ECE,1.7,60.6,7.6,3.6,18.0,80.5,Yes,74.1,Placed
STU09674,Female,IT,4.6,100.0,6.2,3.7,20.0,92.7,No,85.7,Placed
STU01553,Female,Civil,4.3,69.9,5.6,6.6,10.0,55.6,Yes,50.1,Placed
STU00077,Female,Commerce,3.4,70.4,6.2,4.7,12.0,61.1,Yes,56.1,Placed
STU09084,Male,CSE,6.1,99.7,6.3,2.6,17.0,92.4,No,83.7,Placed
STU04985,Male,CSE,0.9,69.4,4.6,5.6,9.0,37.4,Yes,32.9,Not Placed
STU09341,Female,ECE,1.9,82.6,6.8,5.9,12.0,56.3,Yes,55.2,Placed
STU08429,Male,Mechanical,3.9,82.9,6.7,4.8,20.0,83.4,Yes,80.0,Placed
STU06837,Female,Civil,5.2,75.5,6.3,4.9,15.0,70.5,Yes,72.9,Placed
STU06680,Male,CSE,3.2,92.6,7.1,5.2,20.0,81.3,No,78.3,Placed
STU03093,Female,CSE,4.7,94.9,6.6,4.4,14.0,74.3,No,69.6,Placed
STU03958,Male,Commerce,4.0,87.0,6.8,4.1,17.0,66.4,No,61.8,Placed
STU09122,Male,Mechanical,0.6,68.8,5.3,7.9,,35.8,Yes,29.4,Not Placed
STU08288,Female,CSE,4.4,92.0,5.9,4.3,14.0,68.3,No,56.9,Placed
STU05486,Male,CSE,4.6,84.4,6.8,5.5,18.0,74.5,No,75.6,Placed
STU03500,Female,CSE,3.9,92.6,,2.3,16.0,70.1,Yes,71.6,Placed
STU01080,Male,CSE,5.5,79.7,5.8,0.6,16.0,84.5,Yes,76.1,Placed
STU03915,Female,IT,0.0,53.1,6.4,6.6,2.0,25.1,No,13.6,Not Placed
STU04944,Male,CSE,3.1,58.2,6.7,4.1,10.0,52.8,No,52.8,Not Placed
STU09759,Male,Mechanical,5.8,100.0,10.0,2.6,20.0,83.5,No,86.2,Placed
STU06673,M,IT,1.8,68.2,9.4,4.1,8.0,46.0,Yes,45.1,Not Placed
STU09424,Female,IT,3.8,74.4,6.5,3.4,10.0,72.8,Yes,67.0,Not Placed
STU00561,Female,Mechanical,2.7,68.4,7.3,3.2,11.0,63.8,Yes,56.2,Not Placed
STU09672,Male,IT,1.2,71.9,6.7,4.0,8.0,51.7,No,45.5,Not Placed
STU08928,Male,CSE,5.5,86.4,6.9,0.7,13.0,50.4,No,73.2,Placed
STU01482,Female,IT,3.2,64.3,5.5,0.9,16.0,63.9,No,68.4,Not Placed
STU03514,Male,Commerce,6.2,89.2,7.1,3.0,19.0,72.6,Yes,81.5,Placed
STU04118,Female,Mechanical,3.0,84.0,5.2,6.8,14.0,77.6,No,57.7,Placed
STU04539,Female,Mechanical,4.3,65.6,7.5,5.5,9.0,59.8,Yes,58.1,Not Placed
STU02123,M,Mechanical,2.5,72.7,7.0,3.5,10.0,47.6,Yes,49.0,Not Placed
STU06768,Female,ECE,3.0,79.4,8.3,5.7,14.0,57.5,No,63.2,Placed
STU08648,Female,CSE,5.1,85.5,6.5,3.9,19.0,70.7,Yes,75.2,Placed
STU08433,Male,Commerce,1.5,,7.6,6.0,9.0,,Yes,49.4,Not Placed
STU09770,Female,IT,0.0,56.6,6.6,5.9,5.0,46.4,Yes,39.7,Not Placed
STU00908,Male,IT,0.2,52.6,7.6,8.3,8.0,,Yes,44.4,Not Placed
STU01977,Male,ECE,2.2,61.7,,5.9,9.0,43.5,No,45.6,Not Placed
STU03825,Female,ECE,3.7,72.4,9.8,3.9,11.0,60.1,No,57.9,Not Placed
STU04331,Female,CSE,5.6,98.3,7.7,3.5,20.0,75.9,No,87.3,Placed
STU02198,Male,IT,3.4,65.3,6.5,3.6,11.0,65.6,No,62.6,Placed
STU03968,Male,IT,3.2,68.4,5.4,3.7,10.0,55.2,No,44.3,Not Placed
STU02229,Female,CSE,5.0,92.4,9.6,2.1,20.0,83.7,Yes,85.9,Placed
STU08045,Male,,5.5,78.8,4.0,3.9,10.0,45.2,Yes,56.4,Placed
STU06423,Female,ECE,2.9,67.9,7.1,6.9,1.0,49.7,Yes,43.7,Not Placed
STU09138,Male,Commerce,4.1,73.5,7.2,4.1,8.0,43.8,No,59.9,Not Placed
STU03280,Male,IT,3.6,71.2,6.5,6.1,12.0,52.1,Yes,58.5,Placed
STU08776,Male,CSE,4.0,61.1,6.4,6.4,7.0,52.0,Yes,52.3,Not Placed
STU07627,Female,CSE,2.7,71.4,7.5,3.9,12.0,68.4,No,61.9,Placed
STU09632,Male,Mechanical,4.9,94.9,6.5,2.5,20.0,89.4,No,91.9,Placed
STU06727,Male,Commerce,2.9,,6.4,5.8,,70.2,No,60.0,Placed
STU03860,Female,ECE,4.6,82.0,7.3,4.1,15.0,67.1,No,76.8,Placed
STU08809,Female,CSE,3.6,75.1,6.0,4.4,13.0,58.5,No,63.4,Not Placed
STU07042,Male,IT,3.7,76.9,5.1,0.8,18.0,66.0,No,65.2,Placed
STU08543,Female,Commerce,3.8,86.4,6.1,1.2,11.0,55.6,Yes,56.0,Placed
STU03559,Female,ECE,3.6,81.2,7.1,6.5,13.0,73.8,No,63.6,Placed
STU01636,Male,ECE,2.5,80.0,6.9,1.0,15.0,79.9,No,76.8,Placed
STU02062,Female,Commerce,6.2,96.9,7.8,3.1,20.0,82.1,Yes,80.1,Placed
STU08043,Male,Mechanical,2.0,78.0,4.2,3.6,19.0,60.3,No,49.7,Not Placed
STU04154,Female,Mechanical,4.8,78.3,8.0,3.6,11.0,51.5,Yes,61.1,Placed
STU03761,Male,ECE,1.5,62.2,6.1,6.0,8.0,60.3,No,54.9,Not Placed
STU07910,Male,ECE,1.9,86.0,5.7,6.9,10.0,42.7,No,48.1,Not Placed
STU02193,Male,Commerce,4.1,81.2,6.3,5.3,10.0,48.7,No,55.6,Not Placed
STU01473,Male,ECE,5.0,78.2,6.1,2.8,11.0,81.6,No,74.5,Not Placed
STU08836,Male,IT,0.5,68.6,4.6,3.9,7.0,53.2,No,35.1,Not Placed
STU01204,Female,ECE,3.2,71.7,,3.6,15.0,49.9,Yes,60.3,Placed
STU01455,Female,Commerce,6.1,91.7,6.7,3.2,17.0,71.3,Yes,85.0,Placed
STU00647,Female,Mechanical,6.4,93.2,7.5,3.2,17.0,63.5,No,82.7,Placed
STU09533,Female,Commerce,1.0,67.6,5.9,7.1,9.0,59.8,No,45.6,Not Placed
STU06883,Male,Commerce,4.9,84.7,6.3,2.9,19.0,79.9,No,76.4,Placed
STU09760,Male,Mechanical,2.8,69.6,7.9,5.1,10.0,60.0,No,54.8,Not Placed
STU05665,Female,IT,2.6,86.1,8.4,2.9,20.0,82.9,No,80.6,Placed
STU03076,Female,Civil,0.0,60.7,7.3,7.1,8.0,45.7,Yes,39.6,Not Placed
STU04562,Female,CSE,3.0,75.9,8.9,6.2,11.0,60.1,No,55.3,Not Placed
STU03072,Male,ECE,2.7,75.7,6.8,3.7,12.0,68.6,Yes,62.3,Not Placed
STU05686,Female,ECE,0.9,47.8,5.9,7.2,4.0,46.7,No,40.6,Not Placed
STU03603,Female,Commerce,4.1,73.0,7.2,4.5,9.0,45.5,No,44.7,Not Placed
STU05105,Female,ECE,3.3,,,3.3,15.0,52.2,Yes,57.7,Placed
STU09618,Female,CSE,3.5,63.8,6.9,4.0,9.0,63.8,No,57.8,Not Placed
STU01580,Male,IT,3.0,78.5,5.4,6.1,13.0,73.1,Yes,54.4,Not Placed
STU01305,M,CSE,2.4,65.1,5.7,1.8,16.0,65.5,No,71.4,Not Placed
STU09812,Female,Civil,3.1,68.2,7.2,3.7,11.0,40.3,No,48.7,Not Placed
STU05392,M,CSE,1.6,62.9,8.4,2.9,10.0,53.6,No,55.6,Not Placed
STU00347,Female,IT,1.9,71.2,8.5,4.7,15.0,55.0,No,55.1,Placed
STU04599,Female,CSE,1.9,80.5,6.6,1.5,15.0,74.7,Yes,67.4,Placed
STU05329,Female,CSE,3.2,80.6,7.7,3.8,11.0,65.1,No,65.1,Not Placed
STU01644,Male,IT,4.2,78.2,7.4,3.4,15.0,60.7,No,61.9,Placed
STU02991,Male,Mechanical,4.8,70.4,6.2,3.3,15.0,68.3,No,74.8,Placed
STU00834,Male,IT,3.0,69.9,5.6,1.3,13.0,60.2,Yes,56.8,Placed
STU07911,Male,CSE,6.4,78.8,6.9,3.6,20.0,60.8,No,73.0,Placed
STU06237,Female,ECE,2.7,74.8,6.6,6.0,12.0,68.9,Yes,55.6,Placed
STU07882,Female,Civil,5.4,81.8,8.8,1.0,16.0,56.1,Yes,75.7,Not Placed
STU08950,Female,Commerce,2.2,76.0,6.8,5.8,18.0,78.3,No,75.4,Placed
STU01165,Male,Mechanical,2.2,65.2,6.4,6.2,12.0,,No,46.5,Not Placed
STU08589,Male,ECE,4.1,84.1,4.9,3.5,19.0,73.9,No,65.1,Placed
STU03596,Female,CSE,5.9,90.0,5.5,3.5,20.0,85.1,No,83.1,Placed
STU01293,Male,CSE,2.6,69.3,7.0,6.0,9.0,58.3,No,55.8,Not Placed
STU05522,Male,Civil,3.6,98.2,7.2,3.3,19.0,69.3,No,73.8,Not Placed
STU04639,Male,CSE,4.8,74.8,6.9,6.0,6.0,51.7,Yes,45.7,Not Placed
STU01492,Male,IT,2.2,77.0,5.6,3.9,13.0,60.5,No,48.7,Not Placed
STU08350,Female,CSE,2.5,68.5,5.0,6.7,7.0,52.0,Yes,43.4,Not Placed
STU08999,Male,IT,3.7,71.6,5.2,1.8,20.0,71.7,Yes,80.0,Placed
STU08586,Female,IT,2.9,91.9,6.6,2.6,20.0,65.6,No,77.6,Placed
STU07678,Female,CSE,1.8,65.4,8.1,4.4,12.0,51.4,Yes,53.8,Not Placed
STU03051,Female,,4.1,96.1,5.9,4.4,17.0,83.1,No,84.2,Not Placed
STU09778,Male,ECE,7.5,83.6,5.9,3.0,18.0,78.1,Yes,85.1,Placed
STU09460,Male,Commerce,4.9,95.5,,1.4,17.0,80.8,No,76.4,Placed
STU04662,Male,Mechanical,5.2,84.5,6.1,6.1,15.0,59.3,No,71.5,Placed
STU00264,Male,Commerce,3.4,71.8,6.8,5.6,10.0,48.7,No,54.3,Not Placed
STU09478,Female,CSE,4.3,74.1,7.4,6.6,13.0,67.7,Yes,60.6,Placed
STU05421,Female,IT,5.6,83.4,5.8,4.1,16.0,62.7,Yes,82.5,Placed
STU00382,Male,IT,2.1,73.0,8.4,4.0,16.0,83.0,No,75.0,Placed
STU04500,Female,Civil,2.4,61.2,5.9,2.4,11.0,,No,58.8,Not Placed
STU00614,Male,CSE,4.9,81.9,6.4,1.4,17.0,60.2,No,66.8,Placed
STU04135,Female,IT,2.3,64.8,5.2,5.4,11.0,60.7,No,44.8,Not Placed
STU00216,Female,CSE,2.7,84.5,5.2,6.8,18.0,77.1,Yes,72.1,Placed
STU08449,Female,CSE,3.6,,6.7,4.7,14.0,,No,55.1,Not Placed
STU09391,Female,ECE,0.5,73.9,6.2,4.6,15.0,53.5,No,58.3,Placed
STU05199,Female,Commerce,0.8,72.7,8.1,3.8,10.0,50.9,No,40.3,Not Placed
STU06075,Female,ECE,1.7,80.5,6.4,,13.0,60.6,No,59.2,Not Placed
STU07980,Female,ECE,3.8,79.6,5.9,2.8,16.0,64.5,No,62.3,Placed
STU03427,Female,IT,2.8,75.8,6.8,5.0,15.0,64.3,No,66.2,Placed
STU02866,Male,Mechanical,2.2,57.9,5.4,4.9,6.0,46.6,No,36.4,Not Placed
STU03387,Male,ECE,0.0,75.8,8.7,6.6,11.0,51.6,No,45.9,Not Placed
STU01113,Female,Commerce,4.6,67.4,6.8,4.5,9.0,60.6,No,62.9,Not Placed
STU08720,Female,Civil,3.3,89.9,5.9,6.3,14.0,68.0,No,65.0,Not Placed
STU07012,Female,IT,5.6,71.2,8.6,3.4,11.0,60.3,Yes,59.3,Placed
STU03404,Female,,6.0,91.4,5.7,4.3,18.0,78.7,Yes,77.8,Placed
STU08974,Female,IT,2.9,64.5,5.3,6.6,3.0,55.6,Yes,44.5,Not Placed
STU07822,Female,Civil,5.7,86.5,5.6,3.9,16.0,59.9,Yes,70.0,Placed
STU01694,Male,CSE,3.4,71.2,7.1,4.3,7.0,46.7,No,44.4,Not Placed
STU05714,Male,Civil,5.1,93.8,7.3,2.7,20.0,88.2,No,83.4,Placed
STU09647,Female,Mechanical,0.4,53.4,7.6,6.3,2.0,56.1,No,39.9,Not Placed
STU06284,Female,CSE,3.8,66.0,7.6,6.3,8.0,48.0,No,49.7,Not Placed
STU03056,Male,Commerce,2.3,64.5,8.0,6.8,11.0,67.2,Yes,45.4,Not Placed
STU00033,female,CSE,2.3,67.1,7.3,4.5,13.0,47.1,Yes,52.3,Not Placed
STU05902,Female,CSE,2.4,70.8,6.8,7.2,12.0,55.8,Yes,50.3,Placed
STU00115,Female,CSE,5.2,74.7,6.1,2.5,15.0,64.9,No,67.7,Not Placed
STU04812,Female,CSE,,74.4,8.5,4.4,11.0,68.4,No,58.3,Placed
STU01028,Female,it,3.6,78.1,7.2,10.3,10.0,,Yes,45.8,Not Placed
STU06385,Female,Commerce,2.0,71.1,5.7,6.7,15.0,67.2,Yes,47.1,Placed
STU04917,Female,it,3.1,63.9,7.6,6.2,6.0,41.6,Yes,36.4,Not Placed
STU08981,Female,Commerce,4.4,87.2,6.7,2.3,17.0,55.5,No,66.5,Placed
STU08793,Male,ECE,7.2,90.5,6.3,,15.0,62.8,No,79.5,Placed
STU03272,Female,IT,2.2,82.6,5.5,3.8,18.0,69.8,No,72.2,Placed
STU00587,Male,CSE,3.4,66.5,8.5,4.4,8.0,43.8,No,42.3,Not Placed
STU01348,Male,Civil,3.7,78.3,6.0,2.7,9.0,48.0,No,47.4,Not Placed
STU07476,Male, CSE ,4.3,83.5,7.9,6.3,16.0,56.2,Yes,66.2,Placed
STU01099,Male,IT,2.8,83.3,5.7,4.2,16.0,58.5,No,63.7,Placed
STU05460,Male,ECE,3.7,76.5,5.3,,15.0,66.6,No,70.7,Not Placed
STU00394,Male,CSE,4.9,79.8,7.2,3.1,13.0,71.1,Yes,76.7,Placed
STU08403,Male,CSE,5.0,80.7,7.2,5.0,13.0,51.4,No,68.1,Not Placed
STU08363,Male,Mechanical,2.5,66.8,6.5,1.3,14.0,72.8,No,60.3,Not Placed
STU00725,Female,CSE,2.3,70.2,6.7,4.4,10.0,44.3,No,49.5,Not Placed
STU07151,Male,CSE,1.9,62.0,5.3,4.0,8.0,48.6,No,40.1,Not Placed
STU02446,Female,Civil,6.5,100.0,7.1,0.2,20.0,100.0,Yes,100.0,Placed
STU05948,Female,Mechanical,5.0,68.8,8.7,4.9,12.0,54.6,Yes,60.7,Not Placed
STU03478,Female,CSE,2.6,71.0,8.0,5.8,12.0,68.5,Yes,46.1,Placed
STU05619,Male,ECE,2.9,81.3,7.7,3.6,14.0,63.5,Yes,61.2,Placed
STU02329,Male,ECE,2.1,72.8,,6.7,14.0,65.0,No,54.6,Not Placed
STU04314,Male,Commerce,4.6,82.0,7.4,2.8,15.0,68.6,Yes,76.6,Placed
STU00305,Female,IT,3.2,69.8,7.5,6.2,12.0,54.8,No,53.0,Not Placed
STU01710,Female,Mechanical,5.1,72.2,6.6,5.8,11.0,53.7,Yes,55.0,Not Placed
STU00984,Female,IT,,87.1,10.0,4.5,,76.5,No,76.4,Placed
STU04286,Female,Civil,4.9,93.2,8.2,1.8,20.0,78.6,No,89.0,Placed
STU09462,Female,Mechanical,1.4,88.8,7.7,4.7,17.0,69.6,Yes,62.0,Placed
STU09158,Female,CSE,3.0,79.5,8.9,3.5,20.0,82.8,Yes,83.3,Placed
STU05718,Male,IT,2.8,62.3,7.3,4.1,13.0,65.8,No,58.2,Placed
STU00554,Male,IT,2.7,92.1,6.4,7.3,20.0,95.1,Yes,74.4,Placed
STU00544,Female,Mechanical,2.1,73.0,5.9,6.5,9.0,64.5,No,51.7,Not Placed
STU08353,Male,IT,3.0,77.7,7.2,3.0,15.0,69.3,Yes,68.7,Placed
STU03308,Female,CSE,2.5,61.6,5.5,4.6,19.0,72.1,No,74.1,Placed
STU01409,Female,CSE,4.1,73.8,6.4,3.7,9.0,,No,58.9,Not Placed
STU05477,Female,Civil,2.0,70.4,7.6,4.0,10.0,43.6,No,52.9,Not Placed
STU08270,Female,IT,4.3,83.9,6.1,3.3,18.0,62.7,No,72.2,Not Placed
STU01254,Male,Mechanical,2.6,70.0,5.4,5.3,12.0,68.0,Yes,51.0,Placed
STU04787,Female,CSE,,55.4,7.3,4.4,4.0,46.7,No,47.3,Not Placed
STU09803,Female,ECE,6.1,90.9,7.4,2.2,13.0,63.6,Yes,79.2,Placed
STU04946,Male,ECE,5.4,,5.8,1.0,20.0,100.0,Yes,100.0,Placed
STU00999,Female,IT,6.0,89.1,8.4,4.4,11.0,70.9,No,77.6,Placed
STU03129,Male,IT,3.0,,5.9,6.9,11.0,48.4,No,48.8,Not Placed
STU02788,Male,CSE,1.5,59.0,7.7,5.4,12.0,75.3,No,55.3,Placed
STU09136,Male,Commerce,2.6,86.6,6.0,5.2,12.0,46.6,Yes,51.4,Not Placed
STU08394,Male,ECE,0.0,54.7,7.9,4.2,1.0,45.6,Yes,30.6,Not Placed
STU04501,Male,IT,0.9,54.0,5.3,4.0,5.0,49.6,Yes,27.2,Not Placed
STU05880,Male,Commerce,4.8,89.5,6.8,2.6,19.0,76.4,No,83.9,Placed
STU00667,Male,CSE,1.7,80.2,8.9,5.3,12.0,48.1,Yes,42.9,Not Placed
STU07841,Female,Mechanical,2.2,71.7,5.5,5.9,11.0,62.7,Yes,41.2,Not Placed
STU02680,Male,Mechanical,3.6,94.9,8.8,4.0,16.0,61.3,Yes,67.9,Placed
STU01414,Male,ECE,5.2,91.0,6.5,2.2,19.0,68.1,No,83.7,Placed
STU07813,Female,Mechanical,2.6,51.7,6.7,4.8,13.0,52.4,No,49.9,Not Placed
STU00529,Male,IT,5.0,79.2,8.3,4.6,15.0,54.0,No,73.8,Placed
STU09809,Female,Commerce,3.2,,7.3,5.1,16.0,70.0,Yes,60.8,Not Placed
STU09394,Female,IT,1.5,65.8,5.9,3.2,15.0,67.1,No,57.9,Placed
STU08958,Female,CSE,3.0,75.3,7.7,5.9,,73.8,Yes,65.5,Placed
STU04444,Female,IT,1.4,68.4,7.5,4.8,9.0,47.7,No,41.4,Not Placed
STU02061,Female,CSE,2.5,77.0,4.8,3.4,12.0,50.9,No,59.1,Placed
STU00486,Male,ECE,2.5,69.0,5.9,5.3,12.0,59.2,Yes,49.9,Not Placed
STU03592,Male,CSE,5.5,85.4,5.5,3.3,18.0,85.4,No,77.3,Placed
STU08667,Male,IT,,79.3,10.0,4.3,12.0,,Yes,54.0,Placed
STU03852,Female,IT,4.4,73.8,6.7,2.3,6.0,44.0,Yes,49.1,Not Placed
STU07263,Male,Commerce,1.7,69.0,5.9,5.3,17.0,77.4,Yes,66.0,Placed
STU03858,Female,Mechanical,1.2,75.4,6.0,4.7,12.0,61.5,No,56.9,Placed
STU00712,Female,Mechanical,4.9,95.8,7.1,5.7,15.0,71.0,No,78.9,Placed
STU09304,Female,Mechanical,3.3,74.2,4.7,3.9,12.0,63.2,No,48.8,Not Placed
STU00862,female,Mechanical,0.7,66.6,6.8,1.9,10.0,29.8,Yes,44.3,Not Placed
STU06779,Male,Commerce,1.0,64.2,6.9,5.2,13.0,49.9,No,56.1,Placed
STU02782,Female,CSE,0.8,61.7,8.0,,7.0,65.1,No,54.6,Not Placed
STU04200,Male,CSE,2.4,68.3,6.7,5.9,12.0,76.9,No,73.1,Placed
STU03864,Female,Civil,5.4,100.0,7.5,5.4,20.0,75.3,Yes,78.5,Placed
STU02918,Male,Commerce,6.5,86.4,4.2,2.2,20.0,84.4,Yes,78.8,Placed
STU09174,Male,CSE,2.4,81.9,5.8,4.7,9.0,55.2,No,48.3,Not Placed
STU09078,Female,MECHANICAL,2.6,69.1,8.1,2.3,10.0,53.9,No,54.6,Placed
STU09822,Male,ECE,1.9,,7.2,5.7,5.0,47.6,Yes,27.4,Not Placed
STU01549,Female,ECE,4.5,80.1,7.0,1.6,17.0,78.1,Yes,87.6,Placed
STU06299,Female,IT,2.6,68.6,5.9,5.3,12.0,69.6,Yes,46.4,Placed
STU01598,Female,Civil,5.1,91.1,4.4,4.3,15.0,62.0,Yes,71.7,Placed
STU07143,Female,CSE,1.6,57.9,9.2,6.2,11.0,45.0,Yes,40.9,Not Placed
STU09192,Male,IT,2.0,62.6,4.4,5.5,7.0,40.5,No,38.2,Not Placed
STU04255,Male,CSE,4.2,71.9,6.3,3.9,10.0,56.6,No,53.2,Not Placed
STU08735,Male,CSE,3.1,67.6,6.9,5.1,13.0,60.1,No,58.0,Placed
STU01468,Female,IT,5.1,71.2,6.5,4.7,6.0,42.1,Yes,56.6,Not Placed
STU00338,Female,Commerce,5.0,82.3,7.1,6.9,15.0,64.3,No,67.8,Not Placed
STU03289,Male,Mechanical,1.8,73.6,7.7,8.4,10.0,63.9,No,55.1,Not Placed
STU05574,Male,CSE,4.9,81.7,6.5,5.0,18.0,72.4,Yes,74.3,Placed
STU07117,Male,ECE,2.6,64.1,7.4,3.8,15.0,58.3,Yes,62.4,Placed
STU07853,Female,Mechanical,5.6,86.3,5.9,4.2,20.0,83.7,No,84.3,Placed
STU01526,Female,Civil,6.0,89.3,6.6,0.2,15.0,59.4,No,80.1,Placed
STU07536,Male,CSE,3.3,69.2,6.0,6.2,12.0,75.4,Yes,65.1,Placed
STU08684,Female,Mechanical,3.8,71.2,9.2,5.0,12.0,,No,65.5,Placed
STU01124,Female,Commerce,3.6,71.6,6.4,6.6,8.0,71.9,Yes,48.7,Not Placed
STU09469,Female,CSE,1.5,69.7,5.5,5.1,6.0,53.6,No,32.8,Not Placed
STU00227,Male,CSE,5.0,,8.0,2.7,,91.5,Yes,80.4,Placed
STU06477,Male,CSE,1.2,72.3,8.1,6.6,15.0,64.8,Yes,51.8,Not Placed
STU01029,Male,IT,6.2,86.4,5.0,3.7,15.0,61.6,No,74.0,Placed
STU03670,Male,ECE,5.8,83.2,6.7,4.9,14.0,51.9,No,59.2,Placed
STU03904,Male,Civil,0.6,56.6,,7.0,8.0,67.8,Yes,40.4,Not Placed
STU07751,Male,Mechanical,2.7,79.5,7.9,4.2,9.0,55.5,Yes,55.3,Placed
STU09368,Male,Mechanical,4.2,96.6,6.3,2.8,17.0,74.7,Yes,76.3,Placed
STU00556,Male,ECE,3.0,87.9,6.1,3.8,11.0,69.7,No,63.3,Not Placed
STU02138,Male,CSE,2.3,71.2,6.5,5.2,19.0,68.1,No,67.0,Placed
STU07759,Male,ECE,3.7,,8.5,5.7,12.0,52.8,No,58.2,Not Placed
STU01341,Female,ECE,4.0,69.7,6.7,3.8,13.0,52.8,No,60.6,Not Placed
STU07202,Male,it,4.0,90.9,5.9,4.6,18.0,,No,68.0,Placed
STU08610,Female,CSE,1.1,58.0,5.5,6.1,6.0,43.6,No,39.8,Not Placed
STU09826,Male,Commerce,7.6,100.0,8.5,3.5,20.0,85.5,No,93.1,Placed
STU07017,Female,IT,4.6,100.0,6.6,4.2,19.0,85.3,No,87.7,Placed
STU03687,Male,ECE,2.2,58.0,8.0,6.6,9.0,46.1,No,34.0,Not Placed
STU07781,Male,ECE,5.3,74.3,7.6,3.6,15.0,71.3,No,79.1,Placed
STU02880,Female,Mechanical,3.2,75.8,6.4,,12.0,74.7,No,73.0,Placed
STU06442,Female,Civil,4.3,77.6,7.6,5.7,15.0,56.5,Yes,69.1,Placed
STU07537,Female,IT,7.7,100.0,6.2,3.0,20.0,90.5,No,94.0,Placed
STU08237,Female,Mechanical,2.0,72.2,6.7,6.8,13.0,56.5,No,54.9,Not Placed
STU08842,Male,Mechanical,0.0,51.4,5.8,5.1,6.0,43.2,No,37.1,Not Placed
STU00708,Male,CSE,2.7,72.4,5.3,2.0,13.0,63.6,No,63.0,Not Placed
STU09182,Female,CSE,3.8,75.4,7.4,3.3,9.0,71.4,No,62.3,Not Placed
STU09666,Female,ECE,2.3,84.8,5.6,4.6,17.0,62.4,No,68.0,Placed
STU00490,Female,MECHANICAL,3.5,90.1,6.6,4.9,16.0,67.1,Yes,71.8,Placed
STU03729,Female,Civil,3.1,83.5,7.5,,15.0,72.5,No,72.1,Placed
STU04416,Female,Commerce,2.5,70.1,7.3,6.2,12.0,43.2,Yes,36.6,Not Placed
STU03659,Female,ECE,3.9,74.2,7.6,7.7,4.0,45.8,Yes,51.8,Not Placed
STU00292,Male,Mechanical,5.3,76.0,6.9,4.4,11.0,62.9,Yes,68.5,Placed
STU03833,Male,ECE,1.1,,8.3,5.5,14.0,65.8,No,71.4,Not Placed
STU01172,Male,CSE,1.1,62.7,,4.4,0.0,34.2,Yes,24.9,Not Placed
STU03277,Male,Civil,5.9,90.4,6.7,4.9,15.0,83.5,Yes,90.5,Placed
STU05552,Female,IT,4.7,64.0,6.9,4.7,13.0,69.6,No,60.7,Not Placed
STU02777,Male,ECE,2.9,74.3,7.3,3.3,15.0,74.8,No,66.5,Placed
STU09763,Female,ECE,2.9,71.5,6.7,7.4,14.0,60.9,No,55.4,Not Placed
STU01656,Male,COMMERCE,3.1,70.9,5.9,7.0,7.0,33.5,No,31.6,Not Placed
STU05507,Male,ECE,3.5,75.7,5.7,2.8,11.0,53.8,No,44.6,Not Placed
STU02677,Female,Commerce,,82.8,8.0,3.3,20.0,83.1,Yes,83.3,Placed
STU08539,Female,ECE,6.8,84.3,6.9,5.9,17.0,76.4,Yes,84.9,Placed
STU00022,Female,Civil,5.2,83.4,4.5,2.8,17.0,,Yes,71.2,Placed
STU04423,Male,CSE,4.7,61.6,8.0,5.3,10.0,36.7,No,54.3,Not Placed
STU07352,Female,Commerce,4.4,75.6,8.0,2.0,11.0,59.4,No,57.8,Not Placed
STU00477,Male,Mechanical,2.5,69.9,6.1,2.4,18.0,86.0,Yes,76.1,Placed
STU07971,Male,CSE,0.4,60.1,6.6,3.8,12.0,62.6,No,62.0,Not Placed
STU09023,Male,CSE,4.1,85.8,7.4,2.7,20.0,89.7,Yes,86.4,Placed
STU07966,Female,Commerce,0.0,65.5,,3.8,8.0,59.5,Yes,46.7,Not Placed
STU02513,Female,Civil,1.9,75.0,7.1,3.3,17.0,67.5,Yes,79.5,Placed
STU02066,Male,Civil,0.7,65.5,6.9,5.3,11.0,60.5,No,45.6,Not Placed
STU00104,Female,Commerce,3.6,72.4,6.3,4.6,15.0,79.3,Yes,71.4,Placed
STU08221,Male,CSE,3.9,67.5,6.2,6.1,13.0,49.2,No,54.7,Not Placed
STU09119,Female,Mechanical,6.5,86.7,4.2,,11.0,59.3,Yes,60.0,Placed
STU04632,Male,CSE,3.2,77.2,6.1,5.4,9.0,38.8,No,47.2,Not Placed
STU07893,Male,ECE,5.2,91.8,8.1,1.5,13.0,56.4,No,68.5,Placed
STU04635,Female, ECE ,2.5,74.2,7.3,3.3,14.0,73.2,No,68.0,Not Placed
STU00524,Female,IT,2.6,68.7,6.0,6.0,11.0,67.9,No,45.5,Not Placed
STU05089,Male,IT,1.2,58.8,6.6,6.1,8.0,51.1,No,44.6,Not Placed
STU06348,Male,ECE,,84.1,8.4,5.1,14.0,51.6,No,57.6,Not Placed
STU05927,Female,IT,4.8,76.5,7.6,1.8,9.0,65.5,No,62.6,Placed
STU05703,Female,ECE,,100.0,,3.2,16.0,67.3,No,77.2,Placed
STU08879,Male,Civil,2.6,73.6,6.2,0.7,10.0,66.7,No,60.4,Not Placed
STU04827,Male,CSE,2.8,63.2,6.7,6.1,10.0,45.5,Yes,49.3,Not Placed
STU00067,Female,IT,3.8,74.1,7.0,3.4,12.0,59.3,Yes,66.4,Placed
STU08597,Female,CSE,1.0,78.5,8.6,3.6,11.0,66.2,Yes,50.8,Not Placed
STU08741,Male, CSE ,4.5,61.9,8.0,5.3,13.0,65.8,Yes,63.1,Placed
STU03046,Female,Civil,4.6,77.2,8.4,1.9,12.0,60.7,No,73.7,Not Placed
STU04336,Female,Mechanical,3.2,65.5,5.9,5.4,13.0,51.7,No,55.5,Not Placed
STU03900,Male,ECE,3.3,85.0,7.1,6.4,13.0,67.3,No,63.0,Not Placed
STU06397,Female,Civil,4.3,88.9,8.3,2.5,17.0,76.0,No,72.5,Placed
STU06245,Male,Mechanical,5.8,96.6,7.0,2.8,20.0,78.9,No,89.3,Placed
STU01940,Female,Mechanical,1.3,63.4,7.9,3.9,7.0,50.7,No,46.0,Not Placed
STU02667,Female,CSE,4.7,85.2,7.4,3.8,15.0,51.0,No,54.9,Not Placed
STU01397,Male,Commerce,5.8,79.7,7.8,5.3,17.0,61.1,No,67.9,Placed
STU02869,Male,CSE,3.1,63.3,6.5,4.5,11.0,60.8,No,57.6,Not Placed
STU00752,Male,IT,2.1,76.7,4.9,4.3,15.0,56.1,No,45.0,Placed
STU08626,Female,ECE,2.3,73.1,5.9,4.3,12.0,56.6,No,57.0,Not Placed
STU08781,Male,CSE,3.2,82.8,5.4,4.8,17.0,52.1,Yes,59.6,Placed
STU04585,Male,ECE,3.5,78.1,6.9,2.4,16.0,61.0,Yes,67.1,Not Placed
STU04066,Male,,0.4,83.4,7.5,6.3,17.0,83.0,No,62.0,Placed
STU08088,Female,CSE,5.4,88.5,6.7,1.4,15.0,65.5,Yes,70.2,Placed
STU05113,Male,Civil,3.5,77.3,6.8,4.3,12.0,61.4,Yes,59.2,Placed
STU02107,Female,IT,4.5,94.6,6.5,3.9,20.0,80.3,No,76.1,Placed
STU02234,Male,CSE,4.6,77.8,6.8,1.1,19.0,78.6,Yes,87.9,Placed
STU08310,Female,Commerce,4.2,78.6,7.2,3.5,15.0,50.2,Yes,63.2,Placed
STU09685,Female,CSE,1.8,69.7,7.5,,8.0,61.9,No,65.1,Placed
STU09707,Female,CSE,2.2,86.6,6.7,3.5,16.0,70.4,Yes,60.7,Placed
STU09630,Male,CSE,5.9,100.0,6.7,2.5,20.0,82.0,No,86.5,Placed
STU06416,Female,Civil,4.1,83.9,7.2,4.4,9.0,54.3,No,59.9,Placed
STU02004,Male,CSE,2.5,68.4,6.9,2.5,15.0,54.0,No,62.4,Placed
STU06347,Female,ECE,4.3,89.2,5.3,4.2,16.0,64.3,No,66.4,Placed
STU08407,Male,CSE,1.7,67.8,7.3,6.0,,40.1,Yes,31.7,Not Placed
STU03556,Female,ECE,3.1,75.5,,7.4,8.0,64.0,Yes,44.5,Not Placed
STU00703,Female,Civil,1.9,62.1,6.2,,10.0,68.4,Yes,55.9,Placed
STU08947,Male,Mechanical,1.9,60.3,4.5,5.1,4.0,42.4,Yes,26.2,Not Placed
STU05821,Male,,2.0,75.8,9.3,4.6,14.0,64.4,No,48.6,Placed
STU00011,Male,CSE,7.0,90.2,7.6,1.5,14.0,67.0,No,77.6,Not Placed
STU07602,Male,Civil,1.8,70.3,7.4,7.8,12.0,50.9,Yes,53.3,Not Placed
STU02201,Female,ECE,3.2,85.5,,4.0,16.0,46.5,Yes,60.5,Placed
STU02098,Female,IT,1.7,79.3,7.6,5.6,11.0,55.6,Yes,57.7,Not Placed
STU05075,Male,Commerce,5.9,91.0,7.5,5.5,18.0,64.2,No,77.9,Placed
STU02273,Male,Civil,4.2,81.7,5.7,4.9,17.0,57.7,Yes,60.9,Placed
STU08452,Female,ECE,2.9,47.5,6.9,4.7,10.0,63.1,No,59.2,Not Placed
STU00775,Male,CSE,3.4,68.4,8.0,3.6,12.0,57.9,Yes,60.9,Not Placed
STU00760,Male,Civil,2.9,70.3,6.1,5.6,17.0,61.2,Yes,59.3,Placed
STU07176,Female,CSE,3.6,89.0,7.6,3.0,20.0,87.5,Yes,81.8,Placed
STU05708,Female,Mechanical,2.8,92.5,7.9,5.6,15.0,62.3,No,58.6,Not Placed
STU05033,Male,Civil,5.4,90.1,7.4,0.2,20.0,73.5,Yes,84.0,Placed
STU06317,Female,ECE,4.4,78.9,7.8,3.4,13.0,59.9,No,58.4,Not Placed
STU08929,Female,CSE,2.7,72.4,5.8,4.4,11.0,60.5,Yes,41.4,Not Placed
STU06172,Male,ECE,0.0,55.0,6.6,3.9,3.0,24.5,Yes,29.6,Not Placed
STU02966,Male,IT,3.5,62.4,6.4,4.8,6.0,46.7,No,43.2,Not Placed
STU04207,Female,Commerce,4.2,86.3,7.2,6.0,20.0,52.3,Yes,63.3,Placed
STU01607,Female,IT,3.5,68.9,7.7,2.9,16.0,64.9,Yes,70.0,Placed
STU04948,Male,CSE,3.8,85.6,6.6,5.2,,71.1,No,68.7,Not Placed
STU09032,Female,CSE,5.0,88.8,6.6,3.1,20.0,100.0,No,86.2,Placed
STU07089,Male,ECE,6.1,89.4,,4.5,17.0,66.8,No,66.1,Placed
STU00491,F,ECE,4.7,76.8,6.4,,14.0,71.7,Yes,61.1,Placed
STU01191,Male,IT,6.7,89.8,6.8,3.9,20.0,80.2,Yes,97.5,Placed
STU04003,Male,CSE,3.2,62.9,6.2,7.7,15.0,62.5,No,55.7,Not Placed
STU01090,Male,Commerce,2.4,74.0,5.8,5.0,10.0,63.5,Yes,57.6,Not Placed
STU04243,Male,CSE,3.3,59.3,5.8,5.5,7.0,54.9,No,51.4,Not Placed
STU01480,Male,CSE,4.1,81.7,6.0,5.7,17.0,82.5,Yes,73.9,Placed
STU05896,Male,CSE,3.7,80.2,7.8,1.8,,45.5,No,67.9,Placed
STU03202,Male,IT,2.9,87.3,7.7,4.0,18.0,78.0,No,65.1,Placed
STU06164,Female,IT,3.0,70.8,7.3,1.2,9.0,59.5,Yes,59.5,Placed
STU06003,Female,IT,4.4,87.6,5.8,3.2,17.0,72.2,Yes,80.2,Placed
STU09384,Male,CSE,4.4,85.1,6.6,4.6,12.0,66.7,Yes,66.9,Placed
STU07144,Male,CSE,3.7,87.5,7.4,7.2,18.0,60.0,No,65.9,Placed
STU05395,Female,CSE,4.7,85.1,6.9,4.9,16.0,59.7,No,73.0,Placed
STU02073,Female,IT,1.4,51.0,7.0,8.2,8.0,34.4,Yes,36.9,Not Placed
STU06840,Female,Mechanical,4.5,80.7,7.1,1.2,13.0,50.2,No,60.9,Not Placed
STU05663,Male,IT,2.2,72.4,6.3,4.0,11.0,51.8,No,46.9,Not Placed
STU00072,Male,Civil,2.4,71.6,9.2,5.2,8.0,44.1,No,46.1,Not Placed
STU08717,Female,CSE,1.7,72.6,7.6,3.5,14.0,53.6,No,64.2,Not Placed
STU06705,Male,IT,0.1,63.1,8.0,7.2,9.0,44.8,No,38.9,Not Placed
STU06127,Female,ECE,2.2,76.8,7.0,5.1,14.0,57.6,Yes,65.7,Placed
STU05239,Female, CSE ,4.1,55.7,8.3,4.2,7.0,63.0,No,60.5,Not Placed
STU01853,Male,CSE,5.6,,6.9,4.9,14.0,53.1,No,56.0,Not Placed
STU02728,Male,Commerce,4.9,81.0,6.5,3.0,11.0,56.1,No,54.8,Not Placed
STU06039,Male,Commerce,3.2,74.8,8.9,5.0,8.0,,No,43.6,Not Placed
STU09866,Female,CSE,3.3,73.4,7.4,3.9,15.0,61.2,No,58.4,Placed
STU07667,Male,CSE,,85.4,7.1,5.6,13.0,61.1,No,69.9,Not Placed
STU07184,Male,Commerce,3.5,71.9,6.2,5.3,13.0,59.3,Yes,55.6,Placed
STU04281,Female,Civil,6.0,91.7,7.8,3.4,20.0,76.5,No,91.9,Placed
STU03849,Male,ECE,4.2,83.5,6.2,1.5,15.0,64.3,No,70.6,Placed
STU07110,Male,CSE,4.1,81.9,6.3,3.7,16.0,83.9,Yes,78.8,Placed
STU00825,Male,IT,3.8,59.0,6.5,,6.0,,No,43.9,Not Placed
STU00387,Female,Commerce,3.1,68.3,8.3,4.9,12.0,70.8,Yes,62.4,Placed
STU05816,Male, CSE ,3.9,82.0,7.0,2.8,11.0,61.0,Yes,64.3,Not Placed
STU00348,Male,IT,3.1,78.5,6.1,5.3,18.0,62.9,No,56.8,Not Placed
STU03673,female,Civil,6.5,91.1,5.9,2.6,17.0,59.6,No,71.7,Not Placed
STU06153,Male,IT,1.7,58.1,3.9,6.0,7.0,31.4,Yes,24.6,Not Placed
STU02808,Male,CSE,2.7,63.0,6.6,,7.0,34.3,No,39.3,Not Placed
STU06866,Male,Commerce,4.3,75.4,8.6,4.4,11.0,70.7,No,63.4,Not Placed
STU08537,Female,CSE,3.2,89.8,4.3,5.9,13.0,65.1,No,46.3,Not Placed
STU08681,Female,ECE,4.2,79.2,8.2,2.9,12.0,65.8,Yes,60.9,Not Placed
STU00469,Female,CSE,4.6,83.6,7.5,4.4,17.0,82.8,No,92.1,Placed
STU01419,Male,Commerce,1.5,71.7,6.7,3.9,13.0,71.5,No,64.9,Not Placed
STU08387,Female,Commerce,4.8,79.8,8.3,2.2,17.0,62.4,No,64.8,Placed
STU04633,Female,IT,2.5,84.9,6.5,6.0,12.0,46.8,No,46.7,Not Placed
STU04846,Female,Civil,2.5,87.4,5.9,4.6,15.0,74.5,No,59.9,Placed
STU00342,Male,Mechanical,1.8,79.7,6.7,5.8,14.0,62.5,Yes,57.9,Not Placed
STU07778,Female,ECE,2.2,67.1,6.5,5.7,8.0,53.0,No,45.6,Not Placed
STU01300,Female,CSE,,73.2,4.8,2.8,10.0,53.6,No,49.5,Not Placed
STU08904,Female,CSE,4.0,85.0,,1.5,16.0,57.2,No,71.9,Not Placed
STU06092,Male,CSE,2.5,64.9,5.3,5.6,5.0,42.4,No,37.9,Not Placed
STU02228,Female,Commerce,3.7,100.0,7.5,5.3,12.0,74.8,No,62.8,Placed
STU01620,Female,CSE,3.9,70.7,6.6,5.3,10.0,46.8,Yes,55.3,Not Placed
STU05083,Male,ECE,4.8,72.4,5.6,3.6,16.0,68.6,No,67.2,Not Placed
STU07837,Female,CSE,2.1,63.6,7.3,3.8,,37.6,Yes,37.5,Not Placed
STU02491,Male,CSE,4.9,67.3,6.9,3.1,13.0,66.1,Yes,63.2,Not Placed
STU09891,Male,CSE,2.8,82.1,6.1,8.2,14.0,66.0,No,52.1,Not Placed
STU03176,Male,ECE,1.9,59.1,7.0,6.7,3.0,39.8,No,33.9,Not Placed
STU07416,Male,ECE,2.7,67.5,7.0,7.1,,51.6,No,43.2,Not Placed
STU09892,Female,Commerce,2.9,83.2,4.5,4.9,14.0,73.0,Yes,54.6,Placed
STU01928,Male,IT,2.1,52.9,5.5,3.4,4.0,45.0,No,36.4,Not Placed
STU09678,Male,IT,4.6,94.1,8.0,3.8,15.0,69.1,Yes,71.5,Placed
STU00720,Male,Mechanical,3.6,60.0,5.9,6.0,11.0,40.9,No,39.2,Not Placed
STU02834,Male,ECE,0.5,66.3,3.3,6.2,13.0,53.6,Yes,35.5,Placed
STU05180,Female,CSE,6.1,89.1,6.7,5.2,11.0,61.5,No,67.1,Not Placed
STU07636,Male,CSE,2.9,57.7,6.9,4.2,10.0,69.3,No,66.0,Placed
STU06862,Female,Commerce,1.5,51.6,7.5,3.6,8.0,50.4,No,42.5,Not Placed
STU04013,Male,IT,4.0,70.7,7.2,2.5,17.0,70.7,Yes,66.0,Placed
STU03181,Male,Civil,1.8,72.0,6.3,5.5,7.0,49.0,Yes,38.3,Not Placed
STU08015,Female,CSE,2.6,73.0,8.2,3.4,7.0,58.8,Yes,51.0,Not Placed
STU01654,Female,IT,0.8,68.7,6.7,3.8,14.0,58.0,No,53.5,Not Placed
STU00750,Male,CSE,5.0,77.4,5.9,5.2,13.0,66.7,No,51.2,Not Placed
STU00689,Female,Mechanical,1.6,68.7,8.4,5.8,12.0,56.4,Yes,51.9,Placed
STU08783,Female,CSE,4.0,84.0,6.9,5.1,15.0,60.6,No,59.7,Placed
STU02862,Female,IT,2.8,89.7,7.8,2.1,19.0,73.2,Yes,66.5,Placed
STU08153,Male,Mechanical,3.5,74.7,8.6,6.4,11.0,65.8,No,60.1,Not Placed
STU07113,Male,CSE,2.8,79.6,5.1,4.3,15.0,68.7,Yes,71.2,Placed
STU03373,Female,Mechanical,3.1,57.3,6.8,3.3,11.0,36.8,Yes,44.8,Not Placed
STU03097,Male,CSE,6.2,85.8,6.6,3.2,18.0,55.6,Yes,78.2,Placed
STU01559,Female,Civil,4.8,,7.7,3.7,16.0,74.7,No,77.2,Placed
STU01082,Male,Mechanical,5.1,92.0,9.4,6.5,18.0,61.0,No,70.0,Not Placed
STU05017,Male,CSE,1.4,63.8,8.0,4.4,5.0,49.3,No,41.4,Not Placed
STU03472,Male,CSE,4.8,73.1,5.3,3.4,14.0,59.9,No,62.6,Not Placed
STU09522,Female,Mechanical,3.4,70.1,6.5,4.9,10.0,53.7,No,54.1,Not Placed
STU01854,Female,CSE,2.7,84.1,7.3,5.3,17.0,73.6,No,68.8,Placed
STU04958,Female,CSE,3.4,65.0,6.3,3.9,9.0,38.0,No,44.9,Not Placed
STU05311,Male,ECE,2.7,62.4,5.5,2.1,6.0,55.3,No,51.1,Not Placed
STU06879,Female,IT,4.1,66.5,7.7,4.4,11.0,68.5,No,66.1,Not Placed
STU04945,Male,Commerce,3.8,81.3,5.9,3.7,13.0,71.0,Yes,63.6,Placed
STU02433,Female,IT,3.2,68.8,6.5,4.7,12.0,49.6,No,59.9,Not Placed
STU04272,Male,CSE,1.2,58.4,7.9,3.7,10.0,50.7,Yes,46.9,Placed
STU07137,Male,IT,3.1,72.2,7.5,3.8,12.0,41.6,Yes,51.1,Not Placed
STU09779,Female,CSE,3.7,71.7,5.7,5.1,7.0,49.0,No,45.4,Not Placed
STU07415,Male,IT,2.5,89.3,5.8,5.7,8.0,35.6,Yes,39.7,Not Placed
STU05613,Male,Civil,1.9,58.2,6.1,6.7,11.0,50.9,Yes,40.7,Not Placed
STU09381,Male,CSE,1.8,73.8,7.3,5.7,14.0,69.3,Yes,60.9,Placed
STU09132,Male,Civil,2.1,69.7,,5.3,8.0,65.3,No,49.4,Not Placed
STU09468,Male,IT,0.0,53.3,6.6,5.5,7.0,68.3,No,45.9,Placed
STU09827,Male,CSE,2.1,65.3,7.4,4.5,10.0,41.6,Yes,53.9,Placed
STU05123,Male,CSE,4.1,68.7,7.4,4.4,11.0,54.1,Yes,54.7,Placed
STU02660,Male,ECE,4.5,,9.8,4.4,15.0,76.3,No,64.6,Placed
STU09854,Male,IT,1.7,76.1,5.4,6.7,16.0,,No,40.8,Not Placed
STU05391,Male,CSE,4.2,98.9,6.6,2.9,20.0,72.7,Yes,76.8,Placed
STU02190,Male,CSE,4.0,75.3,7.7,4.6,16.0,70.4,No,69.8,Placed
STU03990,Female,Commerce,3.3,75.0,6.3,4.2,9.0,,No,56.3,Not Placed
STU01532,Female,CSE,3.6,75.7,7.4,6.5,13.0,64.8,Yes,70.6,Placed
STU00383,Male,CSE,0.0,66.1,8.4,4.8,7.0,38.0,No,39.0,Not Placed
STU02661,Male,CSE,2.1,60.6,6.0,5.4,10.0,,No,45.4,Not Placed
STU05484,Female,Commerce,1.3,83.8,6.6,6.6,18.0,76.7,No,71.5,Placed
STU00339,Male,IT,5.7,88.3,7.6,3.3,20.0,65.9,No,85.3,Placed
STU06818,Male,CSE,0.8,70.6,8.9,6.5,10.0,52.9,Yes,41.7,Not Placed
STU02348,Female,IT,0.6,74.3,6.4,4.3,11.0,37.1,Yes,36.6,Not Placed
STU07782,Female,Civil,2.3,58.8,6.0,5.7,,71.4,No,52.8,Not Placed
STU01252,Female,CSE,6.8,88.9,5.2,5.8,17.0,65.0,No,67.0,Not Placed
STU01893,Male,IT,1.0,62.2,5.0,6.9,10.0,53.4,No,43.6,Not Placed
STU04053,Female,Commerce,2.8,70.8,7.2,2.8,12.0,61.7,No,49.4,Not Placed
STU03671,Male,IT,4.2,69.5,6.4,3.8,15.0,74.4,No,61.2,Placed
STU00569,Female,ECE,1.7,74.7,4.3,3.3,12.0,66.4,No,44.4,Not Placed
STU08318,Female,CSE,1.3,66.7,7.4,6.4,6.0,41.4,Yes,27.0,Not Placed
STU03454,Male,ECE,5.3,,8.0,2.8,14.0,63.7,No,66.0,Not Placed
STU08502,Male,Commerce,4.7,83.2,6.6,3.2,16.0,70.0,No,77.5,Placed
STU08500,Male,Mechanical,6.1,89.0,7.6,2.1,18.0,74.9,No,84.7,Placed
STU00437,Male,ECE,4.5,79.3,4.8,3.4,11.0,61.7,Yes,61.5,Not Placed
STU01560,Male,Civil,4.9,82.6,6.3,5.7,13.0,50.8,Yes,57.9,Placed
STU08425,Female,Commerce,3.3,59.8,6.3,7.3,12.0,47.5,Yes,48.2,Placed
STU00656,Female,IT,3.4,89.5,6.4,2.4,17.0,67.7,Yes,75.5,Placed
STU00555,Female,Mechanical,2.6,79.5,6.5,3.9,12.0,61.7,Yes,57.8,Placed
STU04877,Male,CSE,6.4,88.7,5.5,1.6,16.0,78.5,Yes,74.7,Placed
STU07757,Female,IT,3.1,75.3,5.8,3.1,14.0,75.2,No,68.4,Placed
STU08256,Male,CSE,3.0,74.7,7.7,5.1,12.0,62.3,Yes,61.1,Not Placed
STU02043,Male,Civil,4.7,81.1,5.0,1.5,17.0,91.1,No,70.9,Placed
STU06629,female,Commerce,3.1,77.3,6.4,,5.0,57.9,Yes,54.7,Not Placed
STU05294,Female,IT,5.0,100.0,6.6,4.0,20.0,70.5,No,81.3,Placed
STU08048,Male,CSE,1.3,70.9,7.1,7.2,10.0,60.5,Yes,49.4,Not Placed
STU08526,Female,Civil,1.9,72.4,7.1,5.6,11.0,58.0,No,40.6,Not Placed
STU07721,Female,Mechanical,2.7,66.6,8.2,3.0,6.0,46.6,Yes,52.1,Not Placed
STU06084,Male,Civil,3.1,75.5,7.0,5.1,10.0,60.5,Yes,57.7,Not Placed
STU04942,Female,ECE,3.7,61.6,8.2,8.6,10.0,51.3,No,45.1,Not Placed
STU00603,Female,Mechanical,2.9,96.7,,2.1,16.0,74.8,Yes,69.7,Placed
STU06974,Female,CSE,2.2,77.1,6.1,5.5,13.0,,No,48.7,Not Placed
STU00612,Female,Commerce,4.9,83.4,5.3,,16.0,62.4,Yes,66.8,Placed
STU09283,Male,Civil,4.7,84.9,7.1,3.3,16.0,72.4,Yes,72.8,Placed
STU02358,Female,CSE,3.9,80.2,6.2,0.9,12.0,56.2,No,55.2,Not Placed
STU04205,Male,Civil,5.0,84.1,5.2,1.4,15.0,80.7,No,71.8,Placed
STU07336,Female,Mechanical,4.3,76.9,6.4,2.9,16.0,80.3,No,67.0,Placed
STU04327,Female,Mechanical,5.0,74.6,6.6,5.9,18.0,77.4,Yes,68.0,Placed
STU04040,Female,CSE,4.7,78.1,7.0,4.7,11.0,47.4,Yes,59.6,Placed
STU07114,Male,IT,3.6,80.5,6.4,4.3,13.0,55.2,No,49.7,Not Placed
STU02472,Male,ECE,0.9,62.6,5.7,5.4,5.0,47.0,No,33.4,Not Placed
STU01734,Female,Mechanical,0.0,67.7,8.0,6.1,,39.3,Yes,33.3,Not Placed
STU09755,Male,Mechanical,1.4,49.5,5.5,4.1,5.0,46.6,No,36.9,Not Placed
STU08058,Male,ECE,5.9,88.1,6.2,2.3,14.0,68.3,No,73.3,Placed
STU05399,Female,CSE,4.8,60.8,6.2,6.0,7.0,29.8,Yes,43.7,Not Placed
STU04925,Male,CSE,2.3,49.9,5.6,5.3,2.0,49.5,No,39.0,Not Placed
STU00152,Female,IT,2.2,68.0,7.4,8.5,8.0,45.3,Yes,41.8,Not Placed
STU09250,Male,IT,6.9,100.0,5.9,1.2,20.0,95.2,No,97.4,Placed
STU04934,Female,CSE,4.1,92.9,7.3,2.1,14.0,58.6,No,73.6,Placed
STU08177,Female,IT,2.0,64.8,6.5,5.5,10.0,62.4,No,48.6,Not Placed
STU05514,Male,IT,3.2,67.1,5.8,6.2,,48.6,No,37.0,Not Placed
STU04266,Female,Mechanical,5.2,75.5,8.1,2.6,9.0,83.8,Yes,69.3,Placed
STU05962,Male,ECE,1.9,78.2,6.1,7.1,8.0,45.8,No,42.9,Not Placed
STU06181,Male,ECE,3.2,80.9,6.4,4.1,9.0,66.0,No,62.2,Not Placed
STU02074,Male,Mechanical,4.4,79.5,7.1,6.9,10.0,71.6,Yes,72.3,Not Placed
STU00783,Male,Civil,4.8,86.4,7.0,4.8,17.0,82.0,Yes,69.6,Placed
STU04494,Female, IT ,3.0,67.5,6.2,2.8,12.0,39.2,Yes,41.1,Not Placed
STU03054,Female,Civil,3.3,79.9,4.7,6.9,16.0,63.5,No,54.8,Not Placed
STU00167,Male,Commerce,4.9,89.4,6.6,4.1,18.0,70.9,No,76.5,Not Placed
STU03790,Male,IT,5.9,84.5,8.4,2.8,19.0,55.8,Yes,76.0,Placed
STU07074,Male,IT,4.0,79.3,7.5,3.0,7.0,63.9,No,61.8,Not Placed
STU08659,Male,ECE,2.7,65.7,7.5,4.4,17.0,72.3,No,62.5,Placed
STU03459,Male,CSE,0.9,71.1,7.2,2.7,14.0,72.0,Yes,68.5,Placed
STU09143,Female,IT,3.3,71.5,8.0,4.4,6.0,27.0,No,34.1,Not Placed
STU06106,Male,ECE,3.6,78.6,7.4,5.1,9.0,69.0,No,56.4,Not Placed
STU05322,Female,Mechanical,1.7,60.0,7.2,5.7,9.0,38.6,Yes,45.1,Not Placed
STU05893,Male,ECE,4.0,83.5,7.3,3.4,20.0,,No,74.8,Placed
STU02490,Female,CSE,,71.8,5.8,2.6,10.0,75.8,No,66.4,Not Placed
STU05739,Male,CSE,2.0,71.3,4.8,4.2,9.0,40.7,No,48.6,Not Placed
STU08570,Male,Mechanical,3.1,67.1,7.2,4.2,15.0,,No,61.0,Not Placed
STU00143,Male,IT,3.0,62.2,5.5,8.8,4.0,26.4,No,29.9,Not Placed
STU05337,Male,Commerce,5.7,85.5,7.9,5.5,15.0,72.1,No,69.2,Placed
STU01987,Male,ECE,5.6,81.5,8.3,4.9,15.0,74.4,No,77.9,Placed
STU09487,Male,CSE,0.7,61.4,7.5,6.3,11.0,54.3,No,46.3,Not Placed
STU06549,F,Civil,2.0,48.7,7.9,7.0,2.0,28.4,No,37.8,Not Placed
STU02500,Male,IT,3.9,,4.4,4.0,11.0,81.7,No,65.9,Placed
STU09186,Female,CSE,2.3,69.6,6.0,7.1,13.0,48.0,No,51.6,Not Placed
STU04060,Male,Commerce,3.9,80.3,6.6,3.8,11.0,69.5,No,58.5,Not Placed
STU03444,Male,CSE,5.1,82.5,6.9,2.5,10.0,54.7,No,53.6,Not Placed
STU03982,Male,Civil,2.5,80.7,5.6,4.4,10.0,59.5,Yes,59.0,Not Placed
STU06558,Female,CSE,4.3,78.1,7.8,,10.0,65.1,No,58.9,Not Placed
STU02694,Male,CSE,3.7,88.3,4.9,2.6,13.0,62.7,No,66.8,Placed
STU06320,Female,CSE,4.8,83.1,7.1,2.5,15.0,77.9,No,79.2,Placed
STU04334,Male,Commerce,3.2,85.0,5.5,3.1,16.0,75.6,Yes,72.6,Placed
STU00990,Female,ECE,0.5,73.7,6.6,6.8,11.0,44.0,Yes,39.0,Not Placed
STU03423,Male,Mechanical,2.9,70.0,7.4,3.2,17.0,77.1,No,71.9,Placed
STU09295,Male,Commerce,3.4,60.8,,2.4,11.0,41.4,No,42.7,Not Placed
STU01759,Male,,2.6,79.2,6.5,6.0,7.0,46.2,No,43.4,Not Placed
STU02370,Male,Mechanical,6.1,78.9,6.5,4.3,14.0,81.8,No,85.1,Placed
STU01022,Male,CSE,4.1,75.9,6.0,4.7,11.0,68.0,No,60.8,Placed
STU09095,Female,Civil,2.6,64.8,8.2,5.1,13.0,59.2,No,53.4,Placed
STU07191,Male,Commerce,1.9,65.9,7.3,5.3,8.0,54.0,Yes,49.5,Not Placed
STU00867,Male,IT,3.1,64.2,7.0,,8.0,45.0,No,54.8,Not Placed
STU03021,Male,Civil,3.7,67.1,7.6,6.5,6.0,45.8,Yes,47.1,Not Placed
STU09508,Female,ECE,2.1,72.7,7.4,5.9,10.0,56.3,Yes,52.6,Not Placed
STU09745,female,ECE,3.5,64.7,8.5,6.5,5.0,38.2,Yes,33.0,Not Placed
STU07545,Female,IT,4.0,69.1,6.3,4.0,7.0,49.0,No,55.2,Not Placed
STU05416,Female,ECE,2.3,53.1,7.2,,9.0,42.2,No,38.9,Not Placed
STU08949,Female,CSE,5.5,84.7,6.2,5.7,13.0,58.7,Yes,61.9,Placed
STU01698,Female,Commerce,5.8,100.0,7.2,5.4,,90.1,No,92.1,Placed
STU09285,Female,CSE,,95.7,7.7,1.9,19.0,86.2,No,87.4,Placed
STU06314,Female,Mechanical,6.2,92.6,7.1,4.7,14.0,78.5,Yes,83.0,Placed
STU07057,Male,CSE,8.5,100.0,6.1,1.3,20.0,95.4,Yes,100.0,Placed
STU00328,Female,ECE,4.6,74.5,5.3,3.8,15.0,55.1,Yes,54.6,Placed
STU01446,female,CSE,4.3,75.2,6.1,3.7,17.0,60.4,No,57.8,Placed
STU05897,Male,ECE,5.4,86.1,6.3,6.3,16.0,66.1,No,71.4,Placed
STU05679,Male,ECE,4.9,82.4,6.1,2.8,13.0,67.9,Yes,64.3,Placed
STU00804,Female,Commerce,3.5,81.9,7.8,5.4,11.0,69.8,Yes,63.5,Placed
STU08442,Male,Mechanical,5.8,100.0,5.7,6.1,19.0,71.5,No,79.9,Placed
STU03109,Female,Mechanical,2.6,64.6,5.9,6.9,6.0,40.4,Yes,34.2,Not Placed
STU05323,Female,Civil,4.0,83.3,7.8,7.0,13.0,44.4,No,49.1,Not Placed
STU05300,Male,Mechanical,3.3,89.6,5.8,4.6,16.0,72.6,No,67.7,Placed
STU01805,Female,CSE,4.5,,6.3,5.9,13.0,59.4,No,60.8,Placed
STU06984,Male,Civil,2.3,62.4,7.2,5.8,5.0,45.5,No,51.3,Not Placed
STU02904,Male,Mechanical,3.6,84.0,7.8,4.7,12.0,52.5,No,55.0,Not Placed
STU08491,Female,ECE,,79.1,7.5,5.7,11.0,66.8,No,58.3,Not Placed
STU08298,Male,ECE,0.9,67.7,6.9,6.8,13.0,60.3,No,55.7,Not Placed
STU08118,Male,Civil,3.8,74.4,7.6,6.5,9.0,58.5,No,53.2,Placed
STU04162,Male,ECE,2.5,76.2,,5.1,8.0,44.5,Yes,40.7,Not Placed
STU06489,Male,Commerce,3.4,77.9,7.0,6.4,14.0,56.6,No,61.9,Not Placed
STU06204,Male,ECE,1.0,57.6,10.0,5.8,10.0,55.2,No,41.3,Not Placed
STU08216,Male,IT,5.6,84.9,8.2,3.8,15.0,62.1,Yes,66.1,Placed
STU00402,Female,IT,5.5,81.9,6.0,2.3,11.0,58.9,Yes,60.1,Placed
STU05984,Female,CSE,4.1,78.3,7.9,4.6,16.0,71.4,Yes,76.1,Placed
STU03414,Female,Mechanical,3.5,79.8,,,8.0,55.1,No,51.4,Not Placed
STU01347,Female,Mechanical,2.9,83.9,4.8,1.7,10.0,70.4,Yes,66.4,Placed
STU02392,Male,ECE,4.1,75.2,6.3,2.4,11.0,63.9,No,63.2,Not Placed
STU01268,Female,ECE,3.7,83.5,7.7,2.8,12.0,76.4,No,71.0,Not Placed
STU04902,Female,Mechanical,4.3,82.3,7.7,7.2,18.0,72.3,No,71.1,Placed
STU01444,Female,Mechanical,4.9,91.7,4.4,4.4,19.0,67.5,No,75.6,Not Placed
STU05056,Male,CSE,5.0,84.4,7.3,4.8,13.0,53.5,No,67.7,Placed
STU01393,Male,IT,1.9,66.8,5.3,5.5,9.0,,Yes,46.8,Placed
STU00186,Female,CSE,3.5,82.4,6.6,,,83.1,No,79.5,Placed
STU08230,Male,CSE,3.8,73.7,7.9,6.2,12.0,55.4,Yes,55.3,Placed
STU05848,Female,ECE,3.6,88.9,7.0,7.9,16.0,,No,68.0,Placed
STU02086,Male,IT,2.0,90.3,4.4,0.4,17.0,67.6,Yes,59.3,Placed
STU08703,Female,Mechanical,,74.6,8.1,2.4,11.0,68.6,Yes,66.1,Not Placed
STU00097,Female,CSE,2.6,62.6,7.3,4.7,6.0,52.7,Yes,43.6,Not Placed
STU09064,Female,IT,5.4,90.2,5.2,2.8,17.0,75.2,No,85.0,Placed
STU02011,Male,Commerce,2.1,52.2,8.9,3.6,10.0,33.8,No,28.2,Not Placed
STU02120,Male,Civil,5.1,87.3,6.3,3.5,18.0,75.4,Yes,73.8,Placed
STU09149,Female,IT,3.6,67.4,7.3,5.0,11.0,60.0,Yes,56.0,Not Placed
STU07024,Male,CSE,3.5,83.9,6.6,2.6,13.0,68.6,Yes,72.1,Placed
STU07943,Male,Mechanical,3.4,95.3,7.1,3.9,17.0,67.8,No,77.2,Placed
STU08824,Female,ECE,3.2,79.9,7.1,5.6,15.0,61.9,No,58.2,Not Placed
STU00002,Male,CSE,3.8,73.0,6.2,4.7,9.0,51.2,Yes,54.5,Not Placed
STU04766,Male,Mechanical,5.1,85.7,7.0,4.1,20.0,60.6,No,71.2,Placed
STU01753,Female,Commerce,2.5,68.6,5.3,4.6,,56.0,Yes,62.5,Not Placed
STU00470,Male,Commerce,2.2,63.1,,3.7,7.0,47.3,No,40.1,Not Placed
STU07838,Female,Mechanical,5.4,97.2,7.5,4.9,20.0,,No,82.7,Placed
STU04673,Female,ECE,5.6,70.9,6.6,4.9,16.0,61.9,Yes,64.8,Placed
STU01660,Female,Commerce,4.1,80.1,7.9,4.9,13.0,72.6,No,67.5,Placed
STU03763,female,Commerce,,74.5,8.6,3.2,11.0,50.6,Yes,53.4,Placed
STU03239,Female,IT,4.2,87.8,7.9,3.1,15.0,70.5,No,73.7,Placed
STU07522,Male,IT,4.4,88.8,6.9,4.9,15.0,76.2,Yes,74.7,Placed
STU03826,Female,CSE,1.8,73.1,6.5,5.2,12.0,62.4,No,55.3,Not Placed
STU01477,Female,CSE,6.0,88.4,6.7,2.9,20.0,79.1,No,85.3,Placed
STU00261,Female,Commerce,,69.9,6.0,3.7,14.0,62.3,No,100.0,Not Placed
STU03159,Male, Civil ,2.3,73.8,7.3,5.5,9.0,42.7,Yes,46.0,Not Placed
STU04026,Male,Civil,5.8,69.8,5.7,4.0,13.0,47.0,Yes,54.5,Placed
STU08140,Male,Mechanical,4.3,71.6,1.0,3.9,15.0,81.9,No,74.5,Placed
STU09873,Female,CSE,5.1,75.8,5.0,4.7,17.0,74.5,Yes,70.8,Placed
STU01378,Female,ECE,3.5,81.4,6.9,5.6,15.0,62.4,Yes,59.4,Placed
STU06636,Female,Commerce,4.6,81.5,6.1,5.0,11.0,71.1,Yes,65.8,Placed
STU03042,Male,Commerce,3.3,72.8,8.2,5.7,12.0,67.9,No,58.7,Not Placed
STU05720,Female,Civil,3.6,55.9,6.8,5.4,13.0,63.5,Yes,60.2,Not Placed
STU08201,Female,Mechanical,2.9,84.7,7.0,3.5,14.0,52.0,No,60.7,Not Placed
STU07307,Female,ECE,2.4,79.9,,2.6,,58.8,No,62.2,Not Placed
STU01222,Male,CSE,4.0,90.8,6.1,3.8,20.0,82.1,No,85.6,Placed
STU07934,Male,Commerce,,60.4,6.3,5.7,12.0,55.3,No,49.2,Not Placed
STU08710,Male,CSE,4.3,72.5,6.8,6.2,12.0,63.4,Yes,67.0,Placed
STU00536,Female,IT,2.3,,4.7,3.0,14.0,67.3,Yes,67.5,Placed
STU05511,Female,IT,5.2,79.3,7.8,3.3,11.0,67.7,Yes,77.8,Placed
STU06519,Male,Commerce,4.7,72.0,7.7,5.1,12.0,72.1,No,61.6,Not Placed
STU02213,Male,Mechanical,5.4,86.8,7.4,4.8,20.0,81.2,No,81.0,Placed
STU06278,Female,IT,7.6,98.0,6.3,0.2,20.0,80.7,No,92.5,Placed
STU04058,Male,CSE,5.7,100.0,6.2,3.3,15.0,64.7,Yes,70.6,Placed
STU08618,Male,Mechanical,1.0,54.5,7.0,9.5,4.0,23.0,No,19.9,Not Placed
STU00944,Male,CSE,4.7,92.3,6.0,1.8,,69.8,Yes,85.9,Placed
STU06410,Male,IT,2.7,60.6,5.3,5.0,8.0,44.2,No,38.3,Not Placed
STU04503,Male,IT,2.2,61.8,6.2,7.2,7.0,50.0,No,41.4,Not Placed
STU00242,Male,IT,3.2,76.1,7.2,3.2,10.0,66.0,Yes,55.9,Not Placed
STU05886,Male,CSE,4.5,88.8,7.6,3.7,20.0,75.7,No,78.5,Placed
STU01927,Male,IT,1.2,65.2,6.3,4.8,11.0,45.4,No,45.5,Not Placed
STU07174,Female,CSE,1.9,61.7,7.8,4.9,9.0,52.8,Yes,46.8,Not Placed
STU02604,Female,CSE,3.4,78.1,5.9,5.6,14.0,61.0,No,55.7,Placed
STU00527,Female,IT,5.0,79.9,6.9,3.6,17.0,79.1,No,81.5,Placed
STU03786,Female,ECE,1.8,62.1,6.3,8.6,8.0,44.1,Yes,28.2,Not Placed
STU05749,Male,CSE,0.0,61.3,7.7,4.2,10.0,53.9,No,39.5,Not Placed
STU01160,Male,CSE,2.9,73.1,8.1,7.7,7.0,45.7,Yes,39.0,Not Placed
STU08644,Male,IT,1.0,54.2,,7.0,11.0,47.2,Yes,35.2,Placed
STU09226,Female,Commerce,2.0,74.0,6.4,7.2,13.0,67.2,No,56.5,Placed
STU06608,Female,Civil,6.5,94.0,6.1,3.3,12.0,66.1,No,71.3,Placed
STU02961,Male,CSE,1.7,57.4,8.1,3.9,5.0,44.7,Yes,36.2,Not Placed
STU02253,Male,ECE,3.0,84.9,5.6,5.5,16.0,61.8,No,61.2,Placed
STU02089,Male,CSE,1.4,72.6,6.9,6.4,,61.3,Yes,50.0,Not Placed
STU06642,Female,CSE,4.4,70.4,6.1,6.1,12.0,72.0,Yes,68.0,Not Placed
STU06233,Male,ECE,4.3,74.6,6.5,2.1,14.0,60.8,No,66.8,Not Placed
STU06228,Female,ECE,3.0,76.9,7.4,7.2,14.0,73.8,No,67.9,Placed
STU04526,Female,CSE,3.6,75.8,5.9,5.0,11.0,52.1,Yes,42.6,Not Placed
STU04294,Female,,4.2,91.7,6.7,4.9,20.0,71.8,Yes,67.8,Placed
STU06163,Male, Commerce ,3.8,72.7,5.9,2.1,11.0,64.8,No,57.7,Not Placed
STU02326,Female,Commerce,4.5,80.9,7.9,1.9,20.0,62.1,No,67.2,Placed
STU08882,Female,IT,3.2,77.3,6.1,6.5,13.0,36.9,No,47.1,Placed
STU09046,Male,ECE,4.4,72.5,9.1,3.2,11.0,67.9,Yes,59.7,Not Placed
STU07432,Female,Mechanical,,79.5,10.0,1.2,18.0,82.7,No,78.7,Placed
STU06904,Male,IT,3.8,83.0,7.8,2.7,14.0,71.7,No,66.8,Placed
STU09118,Female,ECE,,41.1,5.4,4.4,6.0,23.8,No,30.5,Not Placed
STU01479,Male,ECE,4.2,82.3,7.0,1.7,11.0,48.3,No,56.2,Not Placed
STU04435,Male,CSE,3.1,76.5,6.9,2.6,,92.7,No,88.6,Placed
STU06171,Female,CSE,5.2,96.7,5.7,5.4,15.0,76.3,No,74.2,Not Placed
STU03989,Female,CSE,5.9,94.0,6.7,1.8,18.0,74.7,Yes,81.2,Placed
STU06108,Male,Commerce,4.1,93.5,7.2,1.7,20.0,87.5,No,91.7,Placed
STU06771,Female,CSE,4.8,91.8,6.1,3.2,16.0,75.7,Yes,72.5,Placed
STU09801,Female,CSE,3.1,81.0,7.5,4.5,14.0,65.1,No,55.9,Not Placed
STU04350,male,IT,3.5,76.6,5.6,5.4,12.0,62.0,No,62.4,Not Placed
STU07318,Female,Mechanical,4.2,80.0,5.4,2.7,11.0,55.0,No,65.0,Placed
STU00321,Female,CSE,4.9,81.2,8.4,7.6,14.0,66.8,No,63.4,Placed
STU06145,Male,Mechanical,3.9,92.5,5.5,5.5,15.0,82.4,No,63.7,Placed
STU08066,Male,ECE,3.3,83.6,6.8,4.7,11.0,57.0,No,56.6,Not Placed
STU05043,Male,ECE,2.6,76.3,7.4,5.5,13.0,62.2,No,70.2,Not Placed
STU04216,Female,IT,6.3,80.2,4.9,3.4,18.0,75.7,Yes,81.9,Placed
STU06552,Female,IT,3.9,69.0,7.3,4.1,9.0,41.6,Yes,50.2,Not Placed
STU01085,Male,Civil,3.7,79.8,7.8,4.0,15.0,61.9,No,68.1,Not Placed
STU07991,Male,cse,3.1,66.5,8.4,4.5,14.0,61.3,No,58.3,Placed
STU07429,Male,ECE,3.6,73.3,8.8,,9.0,62.5,No,56.2,Placed
STU03653,Female,ECE,4.1,85.4,8.2,4.2,18.0,68.3,Yes,73.8,Placed
STU01192,Male,Civil,,91.2,9.3,6.6,15.0,74.3,No,57.8,Placed
STU03828,Male,ECE,2.9,70.9,6.6,3.0,15.0,48.9,No,56.8,Placed
STU00621,Female,ECE,4.5,76.1,8.9,6.6,15.0,51.9,Yes,65.0,Placed
STU02099,Female,Civil,2.1,53.6,8.2,6.2,,28.3,No,31.5,Not Placed
STU04847,Female,IT,4.2,84.5,,1.2,18.0,76.1,Yes,75.5,Placed
STU07090,Female,ECE,0.5,68.8,6.5,7.5,15.0,66.9,No,52.9,Not Placed
STU08483,Male,CSE,4.3,68.1,5.7,5.8,14.0,57.6,Yes,57.1,Not Placed
STU02804,Male, CSE ,0.3,49.0,6.2,5.8,5.0,42.7,No,31.1,Not Placed
STU05894,Male,CSE,5.8,86.3,8.4,4.4,19.0,79.0,Yes,87.2,Placed
STU01865,Female,ECE,3.7,76.2,6.1,6.4,17.0,62.8,No,59.5,Not Placed
STU09859,Female,IT,4.7,,7.3,3.5,14.0,53.2,Yes,55.0,Placed
STU06055,Male,IT,3.2,68.2,5.6,2.9,9.0,52.8,No,54.6,Not Placed
STU02296,Male,Civil,3.8,60.3,9.0,4.8,14.0,53.5,Yes,48.4,Placed
STU01960,Male,IT,4.2,68.0,5.3,4.6,10.0,58.7,No,53.2,Not Placed
STU05874,Female,CSE,2.5,78.1,6.7,4.1,12.0,69.1,No,60.2,Not Placed
STU08086,Female,Mechanical,7.0,84.0,7.6,5.0,11.0,75.6,Yes,78.1,Not Placed
STU00578,Female,IT,7.5,91.8,6.4,2.6,17.0,78.7,Yes,82.9,Placed
STU09748,Female,CSE,3.5,67.3,,2.0,10.0,55.8,Yes,68.7,Placed
STU05764,Male,Commerce,3.6,94.8,8.1,4.1,20.0,76.9,Yes,82.6,Placed
STU01396,Female,ECE,5.1,83.8,7.1,5.1,17.0,86.1,No,79.0,Placed
STU08229,Female,CSE,3.2,73.4,6.9,4.4,12.0,59.3,No,60.7,Not Placed
STU06280,Male,Commerce,4.8,71.6,5.8,7.8,6.0,49.0,No,52.1,Not Placed
STU02755,Female,Civil,5.7,,8.1,1.8,17.0,74.4,No,76.3,Placed
STU01806,Female,ECE,2.9,67.7,8.4,4.3,3.0,38.3,No,35.5,Not Placed
STU02855,Male,IT,2.5,63.7,6.7,7.2,12.0,52.9,No,45.3,Not Placed
STU09288,Female,IT,0.1,67.0,7.3,6.1,11.0,56.2,Yes,41.8,Not Placed
STU03913,Female,Commerce,3.9,85.5,7.5,5.9,12.0,62.3,No,61.8,Placed
STU04367,Male,Mechanical,4.2,70.0,6.0,3.6,20.0,58.8,Yes,70.8,Placed
STU00171,Male,Mechanical,4.0,83.6,6.1,,13.0,42.6,Yes,46.4,Not Placed
STU02042,Male,CSE,3.0,76.0,6.9,5.4,20.0,73.6,No,72.1,Placed
STU04441,Female,CSE,6.9,77.5,6.6,4.0,17.0,70.8,No,76.7,Placed
STU01234,Male,IT,3.5,77.6,6.1,5.7,15.0,54.6,Yes,50.1,Placed
STU05912,Male,ECE,3.5,69.6,8.0,3.1,15.0,58.6,No,63.1,Placed
STU08756,Female,IT,5.0,88.9,6.9,5.2,14.0,50.7,No,61.2,Not Placed
STU09131,Male,ECE,3.3,72.0,7.0,5.0,10.0,63.8,No,55.5,Placed
STU05170,Female,CSE,5.1,100.0,7.6,2.8,20.0,81.9,Yes,90.0,Placed
STU07388,Male,IT,,,8.9,5.1,14.0,55.7,Yes,45.2,Not Placed
STU06819,Male,Civil,2.5,79.5,7.6,3.2,18.0,72.5,No,71.6,Placed
STU09297,Female,CSE,3.8,68.4,7.4,1.7,13.0,54.4,No,67.1,Placed
STU09068,Male,Commerce,3.9,92.1,5.3,3.7,19.0,74.7,No,68.4,Not Placed
STU03820,Male,Commerce,2.9,66.8,7.3,5.8,9.0,68.2,Yes,57.2,Not Placed
STU08732,Male,ECE,2.9,93.1,6.2,7.5,16.0,73.7,No,66.1,Placed
STU05593,Male,CSE,4.6,82.5,5.5,4.1,13.0,53.3,No,60.7,Not Placed
STU02068,Male,Commerce,4.5,80.1,5.8,2.5,9.0,51.9,No,56.2,Not Placed
STU01276,Male,ECE,4.8,81.7,6.8,5.5,16.0,64.1,Yes,74.6,Placed
STU08895,Male,IT,4.2,86.2,6.6,3.3,14.0,62.2,Yes,81.5,Placed
STU09701,Male,Civil,4.8,65.3,6.2,3.4,15.0,64.9,No,66.0,Placed
STU03119,Female,CSE,3.1,74.3,6.2,4.0,8.0,52.5,Yes,56.9,Placed
STU04396,Male,Commerce,3.2,71.4,6.5,5.6,19.0,71.2,Yes,63.2,Placed
STU02950,Male,,3.4,81.8,7.2,4.3,17.0,79.6,No,69.2,Placed
STU09846,Male,CSE,1.7,69.7,8.4,4.5,14.0,64.7,No,52.0,Not Placed
STU01891,Female,Mechanical,5.0,84.5,5.3,4.1,19.0,66.9,Yes,70.7,Placed
STU00678,Female,Commerce,3.4,89.0,7.5,6.6,9.0,67.9,No,61.2,Not Placed
STU03098,Male,Mechanical,3.3,76.5,5.1,5.2,13.0,65.1,Yes,50.9,Placed
STU06267,Female,Civil,5.5,85.8,7.1,4.7,18.0,57.7,No,75.9,Placed
STU07765,Male,ECE,4.9,76.4,6.7,4.3,17.0,82.0,No,77.4,Placed
STU06398,Female,IT,3.1,67.8,,5.1,8.0,49.6,No,46.4,Not Placed
STU07752,Male,ECE,3.3,74.5,5.7,2.6,10.0,49.7,No,46.5,Not Placed
STU08377,Male,ECE,1.9,65.1,7.8,5.9,9.0,43.3,No,49.8,Not Placed
STU06830,Female,ECE,3.1,64.2,4.7,4.7,,35.1,No,34.7,Not Placed
STU07940,Male,CSE,3.3,88.0,5.3,4.1,20.0,74.0,Yes,69.3,Placed
STU01297,Female,Mechanical,3.3,77.7,5.8,5.6,10.0,42.8,Yes,43.7,Not Placed
STU07629,Male,Commerce,1.3,73.7,7.5,5.4,13.0,69.9,Yes,60.9,Not Placed
STU04392,Male,ECE,4.7,79.0,6.1,4.2,13.0,75.1,No,65.1,Not Placed
STU05167,Male,Mechanical,0.5,,7.0,4.3,5.0,41.0,Yes,32.0,Not Placed
STU04150,Male,CSE,2.9,69.4,6.2,5.4,5.0,49.9,No,43.4,Not Placed
STU09587,Male,Mechanical,4.4,84.2,5.4,4.9,16.0,,No,68.9,Placed
STU03401,Female,Commerce,4.2,88.6,4.9,3.4,14.0,61.3,Yes,56.0,Not Placed
STU02935,Female,CSE,2.0,69.9,6.2,2.2,11.0,51.3,No,50.5,Placed
STU02240,Male,IT,1.0,64.3,5.9,6.6,6.0,42.3,Yes,31.9,Not Placed
STU03901,Female,ECE,5.5,82.8,6.9,3.4,17.0,65.8,No,67.4,Not Placed
STU05649,Female,CSE,0.7,65.5,7.1,4.8,,38.3,Yes,36.7,Not Placed
STU08170,Male,CSE,1.7,72.6,6.0,6.1,7.0,55.5,Yes,39.4,Placed
STU03343,Female,CSE,4.3,90.7,7.8,0.7,18.0,80.9,Yes,92.3,Placed
STU06103,Male,CSE,2.4,73.1,6.2,7.6,14.0,51.9,No,45.2,Not Placed
STU00302,Female,ECE,0.6,55.6,6.9,7.9,3.0,44.9,No,29.3,Not Placed
STU00366,Female,CSE,5.6,91.1,8.5,5.4,20.0,,No,81.0,Placed
STU07920,Male,Mechanical,7.1,99.6,7.9,3.3,20.0,93.7,No,91.9,Placed
STU04199,Female,Commerce,0.8,71.1,7.0,7.3,0.0,49.6,Yes,33.5,Not Placed
STU06436,Female,CSE,2.7,72.8,6.2,3.9,11.0,67.9,No,57.4,Not Placed
STU06889,Male,Commerce,4.3,75.5,7.6,3.9,15.0,63.7,No,74.2,Placed
STU01046,Female,Civil,4.2,79.4,8.3,1.7,14.0,55.5,No,63.6,Not Placed
STU02796,Female,ECE,3.3,85.5,5.4,4.6,,70.2,No,67.1,Placed
STU05144,Male,Commerce,4.4,84.0,5.4,2.2,16.0,78.1,Yes,84.8,Placed
STU06828,Male,IT,2.0,50.1,8.0,5.2,4.0,41.0,No,49.0,Not Placed
STU03695,Female,IT,3.9,84.9,6.0,3.1,18.0,69.5,No,77.6,Placed
STU07431,Male,IT,3.4,60.4,9.3,5.6,12.0,58.8,No,55.0,Not Placed
STU00858,Male,Commerce,3.0,87.1,6.7,5.2,14.0,76.8,Yes,63.7,Placed
STU04406,Male,Mechanical,5.7,95.8,6.9,7.1,18.0,76.9,Yes,81.1,Placed
STU03006,Female,CSE,3.9,82.0,5.2,4.5,12.0,51.0,No,54.6,Placed
STU01216,Female,CSE,2.7,70.4,7.5,1.6,10.0,49.0,Yes,57.4,Not Placed
STU05584,Female,ECE,3.2,65.8,7.2,7.1,11.0,55.5,No,51.3,Placed
STU08373,Female,CSE,4.0,85.3,7.4,3.4,16.0,59.3,Yes,64.3,Placed
STU03255,Male,IT,0.5,57.2,5.7,4.6,11.0,52.5,No,50.7,Not Placed
STU04471,Male,CSE,3.6,81.0,7.2,5.7,18.0,68.7,No,68.6,Placed
STU05310,Male,IT,5.9,87.8,5.3,3.5,13.0,,No,73.5,Placed
STU00545,Female,ECE,2.6,79.4,7.2,2.5,11.0,71.9,Yes,57.7,Not Placed
STU05448,Female,,3.3,75.1,8.9,3.8,12.0,79.2,No,64.7,Placed
STU04388,Male,IT,4.8,92.0,7.0,4.9,17.0,72.0,Yes,78.3,Placed
STU08578,Male,CSE,3.2,72.4,7.1,5.0,10.0,67.7,No,60.6,Not Placed
STU03689,Female,IT,3.8,93.1,6.6,4.7,20.0,89.3,No,84.9,Placed
STU04486,Male,IT,3.2,68.4,6.6,6.9,13.0,46.2,Yes,45.1,Placed
STU02870,Male, CSE ,3.0,86.0,6.8,4.4,17.0,74.7,No,68.7,Placed
STU04947,Female,IT,6.6,91.5,6.5,3.8,14.0,79.2,Yes,84.0,Placed
STU07884,Male,CSE,5.4,99.7,5.8,3.2,19.0,86.9,Yes,86.7,Placed
STU01871,Female,Mechanical,4.5,77.2,6.8,3.2,17.0,68.9,No,76.0,Placed
STU05957,Female,CSE,2.9,60.9,6.4,4.0,7.0,58.9,No,46.4,Not Placed
STU09772,Female,CSE,,82.4,5.8,6.2,17.0,81.5,Yes,79.8,Placed
STU05259,Female,CSE,3.1,70.6,6.9,6.5,8.0,57.8,No,55.8,Not Placed
STU03232,Male,Civil,6.4,81.9,8.1,4.4,18.0,79.0,Yes,85.0,Placed
STU06261,Male,mechanical,5.2,86.7,5.7,4.4,12.0,70.6,No,59.5,Not Placed
STU05016,Female,IT,2.5,71.8,8.3,7.0,13.0,40.6,No,52.4,Not Placed
STU08751,Female,IT,0.1,52.5,8.2,4.5,6.0,32.3,No,27.0,Not Placed
STU06359,Male,CSE,4.7,75.1,6.7,3.6,13.0,,No,78.1,Placed
STU07161,Male,ECE,3.0,70.0,6.7,3.4,12.0,74.5,Yes,55.2,Not Placed
STU07031,Male,CSE,0.6,67.7,6.8,5.6,9.0,57.1,No,46.3,Not Placed
STU04507,Female,IT,6.8,89.7,5.5,3.3,19.0,74.5,No,80.8,Placed
STU09841,Female,CSE,4.8,78.2,7.4,3.4,16.0,61.3,No,62.3,Not Placed
STU05142,Male,Mechanical,1.0,63.2,6.3,7.8,3.0,37.6,No,30.5,Not Placed
STU01895,Male, Civil ,6.6,76.8,5.0,5.1,10.0,59.2,No,59.5,Not Placed
STU01185,Female,Mechanical,2.7,73.5,7.3,1.9,11.0,68.9,Yes,69.7,Placed
STU03408,Female,,3.4,86.5,7.8,4.6,19.0,95.5,Yes,80.0,Placed
STU03005,Male,CSE,1.1,76.2,6.3,5.2,12.0,52.5,No,50.0,Not Placed
STU01899,Male, Commerce ,1.6,64.1,6.7,5.9,14.0,54.4,No,47.7,Placed
STU00833,Male,ECE,,48.1,6.3,4.6,6.0,53.7,Yes,42.3,Not Placed
STU06324,Male,ECE,0.0,57.1,6.6,7.3,13.0,59.0,Yes,32.0,Not Placed
STU05900,Female,Mechanical,4.3,81.7,6.7,0.9,13.0,71.7,No,70.1,Placed
STU00691,Female,ECE,0.9,90.6,6.5,3.4,19.0,50.3,Yes,59.8,Not Placed
STU09072,Male,CSE,2.2,61.1,6.6,4.8,1.0,30.8,No,32.0,Not Placed
STU06615,Male,CSE,3.0,85.9,7.2,3.0,20.0,80.4,No,79.0,Placed
STU06849,Female,CSE,1.9,50.8,8.0,5.1,0.0,25.3,No,25.7,Not Placed
STU06456,Male,Commerce,3.7,75.4,7.5,6.6,9.0,50.1,Yes,47.6,Not Placed
STU03777,F,Commerce,3.8,71.1,8.4,6.5,9.0,51.5,Yes,46.4,Not Placed
STU01513,Female, Civil ,2.6,75.6,6.3,1.0,12.0,75.0,No,67.0,Not Placed
STU06363,Male,Civil,2.2,74.0,7.6,7.2,13.0,55.0,Yes,61.8,Placed
STU07771,Female,IT,4.2,90.9,6.1,3.9,19.0,84.8,Yes,72.5,Placed
STU09886,Male,ECE,1.2,60.5,6.0,3.2,7.0,35.2,No,42.1,Not Placed
STU09403,Male,Mechanical,3.2,73.1,5.7,6.1,5.0,66.3,Yes,42.7,Not Placed
STU03883,Female,Civil,3.1,88.5,6.9,3.7,11.0,60.3,Yes,58.6,Not Placed
STU01076,Male,CSE,4.0,79.2,7.2,4.9,17.0,63.0,Yes,60.9,Placed
STU09839,Male,CSE,4.2,78.7,6.8,3.8,14.0,56.2,No,62.7,Placed
STU07587,Female,Civil,6.2,100.0,5.1,2.1,19.0,79.8,Yes,80.7,Placed
STU02203,Male,IT,3.7,85.3,8.1,4.4,16.0,56.9,Yes,67.3,Placed
STU06454,Female,CSE,,75.7,6.8,4.9,15.0,48.1,Yes,54.5,Placed
STU06536,Male,IT,4.0,91.8,6.0,5.1,17.0,81.9,No,79.3,Placed
STU02112,Female,CSE,3.9,76.6,7.0,4.7,18.0,78.9,Yes,81.2,Placed
STU04866,Female, Mechanical ,3.5,67.2,9.0,3.6,11.0,71.2,No,68.3,Placed
STU08564,Male,Civil,4.0,,7.3,5.0,15.0,55.7,No,67.9,Not Placed
STU06469,Female,,5.9,100.0,7.4,1.1,20.0,93.8,Yes,99.9,Placed
STU09509,Female,IT,0.8,81.5,5.3,3.4,13.0,61.9,Yes,50.6,Not Placed
STU09687,Male,CSE,4.3,90.3,6.1,3.3,14.0,55.2,Yes,64.2,Placed
STU07063,Male,ECE,5.3,79.7,6.9,4.1,15.0,72.4,No,77.1,Placed
STU02603,Female,CSE,4.6,77.9,6.8,,11.0,57.4,Yes,59.9,Placed
STU01947,Male,Mechanical,3.6,83.0,6.3,4.6,8.0,53.2,Yes,49.7,Not Placed
STU04651,Female,Mechanical,3.5,62.5,5.7,5.1,10.0,51.0,No,56.2,Not Placed
STU07379,Female,Commerce,5.0,,,8.5,10.0,49.8,No,43.3,Not Placed
STU03986,Female,Civil,2.2,66.9,6.3,4.1,12.0,66.9,No,61.9,Placed
STU00753,Female,ECE,1.6,55.1,7.1,6.3,10.0,44.0,No,39.9,Not Placed
STU07212,Female,Civil,2.3,57.5,4.8,4.2,8.0,54.9,No,43.1,Not Placed
STU01362,Female,CSE,1.8,72.6,5.4,4.7,15.0,65.6,No,56.2,Placed
STU07899,Female,ECE,3.1,,7.9,5.3,9.0,65.2,No,53.8,Not Placed
STU02683,Male,CSE,5.6,80.7,6.9,3.4,18.0,68.2,Yes,80.8,Placed
STU05138,Female,IT,2.7,72.5,7.0,4.4,13.0,65.6,No,52.6,Not Placed
STU03285,Male,CSE,2.3,64.4,5.4,,9.0,55.8,Yes,43.2,Placed
STU01836,Male,CSE,3.2,79.7,7.1,4.0,16.0,57.4,No,51.1,Not Placed
STU09323,Female,ECE,0.6,55.3,6.8,6.1,5.0,47.0,Yes,26.3,Not Placed
STU00364,Male,Mechanical,2.5,73.6,7.2,3.6,4.0,52.1,No,57.3,Not Placed
STU05253,Male,Mechanical,3.7,86.5,7.6,3.1,20.0,84.8,No,85.7,Placed
STU02765,Male,CSE,1.1,65.7,8.7,6.8,12.0,60.1,Yes,47.3,Not Placed
STU01136,Male,IT,3.8,99.8,7.8,5.7,19.0,82.3,No,78.5,Placed
STU03213,Male,CSE,7.9,100.0,7.3,3.3,20.0,75.1,Yes,88.1,Placed
STU06916,Female,IT,1.8,52.1,3.7,4.5,3.0,49.3,Yes,34.0,Not Placed
STU07508,Male,Civil,3.1,78.9,6.0,6.7,9.0,57.2,Yes,49.0,Placed
STU03808,Male,Civil,2.0,81.1,7.4,4.1,15.0,52.7,Yes,60.6,Not Placed
STU06524,Male,Commerce,3.0,65.8,7.0,5.4,15.0,51.6,Yes,59.4,Not Placed
STU01680,Female,Mechanical,1.5,,8.2,4.2,14.0,60.8,No,55.8,Not Placed
STU04647,Male,ECE,3.9,83.3,7.4,6.9,12.0,65.6,Yes,64.3,Not Placed
STU03590,Female,ECE,4.9,75.3,7.1,3.3,,53.8,No,54.9,Not Placed
STU02357,Male,Mechanical,3.4,81.7,6.4,2.2,10.0,58.0,No,54.9,Not Placed
STU09697,Male,CSE,2.5,67.4,7.1,5.9,,62.7,No,64.1,Not Placed
STU08261,Female,Mechanical,,61.3,5.7,5.9,10.0,53.7,No,51.8,Not Placed
STU01623,Female,Commerce,5.8,92.3,7.4,5.1,18.0,,No,79.6,Placed
STU06617,Male,Civil,2.3,65.2,6.7,4.5,12.0,62.1,No,57.9,Not Placed
STU06868,Male,IT,2.9,67.2,3.6,5.4,15.0,51.7,No,46.8,Not Placed
STU09620,Female,Civil,5.8,80.2,,3.3,18.0,48.8,No,61.3,Not Placed
STU04335,Male,IT,2.9,74.1,7.5,3.1,13.0,61.6,No,59.5,Placed
STU04098,Male,IT,5.6,79.5,5.9,0.2,12.0,76.4,Yes,81.3,Placed
STU03015,Male,Mechanical,6.2,95.4,4.0,2.3,15.0,74.9,No,76.7,Placed
STU04811,Female,IT,7.3,89.1,7.4,1.6,13.0,44.7,Yes,62.9,Placed
STU09021,Male,ECE,1.6,62.5,6.8,4.4,13.0,54.6,No,60.8,Not Placed
STU04939,Male,CSE,2.6,63.7,4.6,5.7,14.0,85.7,No,60.4,Placed
STU06592,Female,IT,5.9,87.5,6.7,6.0,20.0,67.7,No,82.4,Placed
STU02069,Female,CSE,4.5,76.8,,6.3,15.0,70.9,No,70.4,Placed
STU04390,male,Commerce,5.8,84.8,8.2,1.0,18.0,88.2,No,89.1,Placed
STU00880,Male,CSE,3.4,76.8,5.7,,15.0,63.8,No,60.0,Placed
STU08654,Male,ECE,1.8,68.5,7.6,3.2,5.0,,No,51.1,Not Placed
STU06910,Male,ECE,6.6,90.1,6.2,2.4,20.0,78.8,No,81.0,Placed
STU09492,Male,CSE,5.9,80.1,6.5,3.5,17.0,,No,77.5,Not Placed
STU05906,Male,Commerce,5.7,80.9,6.5,6.5,14.0,55.2,Yes,64.8,Placed
STU03798,Male,ECE,1.7,62.8,7.0,4.0,7.0,45.3,No,43.3,Not Placed
STU04960,Male,CSE,4.4,76.6,6.5,8.8,12.0,64.4,Yes,58.0,Placed
STU00759,Male,CSE,2.6,72.5,7.2,5.3,14.0,56.3,No,54.2,Placed
STU03122,Male,Mechanical,4.0,71.9,6.7,6.8,11.0,56.5,Yes,48.6,Not Placed
STU06352,Male,CSE,2.3,70.0,6.8,5.0,8.0,50.9,Yes,53.4,Not Placed
STU02403,Male,Mechanical,2.4,86.7,7.0,3.1,9.0,60.3,No,64.3,Not Placed
STU07096,Male, CSE ,5.5,85.9,7.2,7.4,18.0,75.9,Yes,73.2,Placed
STU02060,Female,CSE,3.9,68.5,6.4,5.1,7.0,55.1,No,45.8,Not Placed
STU09758,Female,Commerce,7.2,91.0,6.7,,17.0,91.7,Yes,90.6,Placed
STU04479,Female,CSE,4.2,75.4,8.7,4.2,15.0,70.5,No,74.2,Placed
STU09388,Female,Civil,5.1,75.7,6.1,4.6,6.0,57.9,Yes,49.1,Not Placed
STU02578,Female,Commerce,3.5,79.3,9.2,4.8,11.0,46.9,Yes,56.0,Placed
STU01912,Male,CSE,4.2,78.3,7.4,5.4,14.0,64.0,No,64.4,Not Placed
STU06742,Female,Mechanical,2.4,69.3,4.5,3.9,15.0,71.6,No,62.3,Placed
STU08187,Female,Mechanical,5.2,90.5,6.4,4.6,20.0,85.1,No,93.1,Placed
STU01021,Male,ECE,2.7,62.2,6.6,5.8,13.0,,No,58.2,Not Placed
STU01074,Male,Mechanical,2.0,64.7,6.5,4.9,7.0,46.0,No,37.2,Not Placed
STU05850,male,ECE,2.6,81.0,6.8,5.4,12.0,61.4,Yes,61.3,Placed
STU05256,Female,Commerce,5.2,73.4,6.7,4.4,7.0,,Yes,48.5,Not Placed
STU00059,Male,Mechanical,3.3,70.2,7.0,2.1,14.0,58.6,No,68.1,Not Placed
STU05423,Male,Mechanical,2.9,88.8,4.8,5.7,16.0,70.4,Yes,68.1,Placed
STU09225,Female,Mechanical,4.9,96.9,4.7,4.1,16.0,61.1,Yes,62.0,Placed
STU02295,Female,ECE,2.6,83.5,7.2,4.7,17.0,81.1,Yes,77.0,Placed
STU08345,Female,Civil,1.4,75.6,6.6,5.9,8.0,53.6,No,50.2,Not Placed
STU08217,Female,ECE,,57.6,5.6,6.0,9.0,52.1,Yes,43.9,Not Placed
STU05335,Male,CSE,7.8,94.9,7.6,1.0,17.0,80.4,No,94.8,Placed
STU08936,Male,IT,3.3,81.7,6.0,5.1,17.0,77.5,No,82.7,Placed
STU07297,Male,IT,3.8,66.4,6.0,2.4,12.0,57.0,No,56.2,Placed
STU02399,Female,Mechanical,2.7,69.0,7.2,6.8,10.0,54.3,No,54.7,Not Placed
STU07600,Female,,4.9,86.0,4.4,3.3,15.0,79.7,No,67.4,Placed
STU06790,Male,Civil,4.4,76.8,6.7,4.4,7.0,52.1,No,59.3,Not Placed
STU07558,Female,commerce,,93.4,6.2,3.8,17.0,71.9,Yes,81.4,Placed
STU03134,Male,ECE,1.2,55.6,6.8,5.3,6.0,,No,57.7,Not Placed
STU01069,Male,Civil,5.9,79.1,5.9,4.3,17.0,85.0,Yes,76.6,Placed
STU02530,Male,IT,0.7,74.4,9.0,5.6,12.0,,Yes,48.2,Placed
STU01774,Male,ECE,3.8,84.5,6.8,1.4,20.0,90.3,Yes,87.1,Placed
STU01478,Male,CSE,1.4,61.4,6.5,4.1,11.0,62.6,No,54.1,Not Placed
STU01514,Female,CSE,1.2,51.6,3.8,6.2,5.0,40.0,No,24.8,Not Placed
STU06293,Female,MECHANICAL,4.8,79.2,6.9,4.4,13.0,50.3,No,64.1,Placed
STU06708,Male,IT,2.5,82.0,7.1,6.0,12.0,47.2,No,49.7,Placed
STU03286,Male,Mechanical,4.8,88.6,8.1,3.0,20.0,72.1,Yes,72.8,Placed
STU04452,Female,Commerce,,77.0,6.4,5.1,,56.4,Yes,69.7,Placed
STU03069,Male,CSE,7.0,93.5,6.0,1.5,20.0,86.1,Yes,85.5,Placed
STU05361,Female,CSE,2.2,67.1,7.7,5.4,10.0,64.7,No,58.3,Not Placed
STU05165,Male,CSE,5.4,75.5,5.3,6.0,9.0,52.8,Yes,59.7,Placed
STU09497,Male,CSE,2.4,70.7,4.2,7.6,10.0,57.9,No,39.4,Not Placed
STU06292,Female,ECE,4.1,100.0,6.3,3.2,20.0,94.6,No,87.6,Placed
STU08915,Male,Civil,5.7,80.6,7.3,3.8,16.0,75.2,No,79.8,Placed
STU09501,Male,ECE,0.5,70.0,6.6,6.4,5.0,43.9,Yes,34.7,Not Placed
STU04613,male,CSE,4.0,80.0,5.8,5.2,13.0,65.1,No,73.1,Placed
STU09689,Female,Civil,4.0,77.1,7.9,2.1,,52.6,No,63.8,Not Placed
STU03290,Male,ECE,2.8,69.0,7.0,6.9,10.0,36.4,No,32.6,Not Placed
STU01800,Male,CSE,3.0,62.6,7.4,4.8,10.0,55.7,Yes,52.4,Not Placed
STU08966,Male,IT,3.9,81.3,7.7,2.3,14.0,68.8,No,65.6,Not Placed
STU07879,Female,Mechanical,2.5,69.4,5.4,,9.0,51.5,Yes,44.3,Not Placed
STU08762,Female,ECE,4.3,62.6,8.9,4.7,14.0,64.9,No,55.5,Not Placed
STU02010,Male,CSE,3.6,83.0,6.8,4.7,14.0,61.7,Yes,58.3,Placed
STU02501,Male,ECE,4.6,80.5,7.0,5.6,14.0,63.0,Yes,80.3,Placed
STU09649,Female,Commerce,3.8,65.2,7.9,3.3,7.0,44.4,No,44.9,Not Placed
STU07243,Male,IT,3.7,73.7,6.9,3.0,10.0,66.6,Yes,64.5,Placed
STU02192,Male,Commerce,3.1,75.2,7.0,3.2,11.0,37.5,No,55.1,Not Placed
STU00915,Male,CSE,3.3,73.6,7.5,3.2,18.0,63.5,No,65.4,Placed
STU04289,Male,IT,0.4,61.4,6.6,4.2,11.0,56.3,Yes,49.7,Not Placed
STU03796,Female,IT,2.9,71.9,6.4,3.9,8.0,60.2,No,60.0,Not Placed
STU03722,Female,IT,2.6,73.7,5.3,4.5,18.0,65.7,Yes,59.9,Not Placed
STU01337,Male,IT,2.8,87.7,5.9,2.4,11.0,66.8,Yes,62.9,Placed
STU07561,Male,ECE,3.8,69.3,7.1,6.0,13.0,76.2,No,69.4,Placed
STU04086,Female,Mechanical,6.1,,8.1,3.4,12.0,62.0,No,73.7,Placed
STU05135,Male,Mechanical,3.6,77.1,8.2,4.6,12.0,68.6,Yes,53.0,Not Placed
STU06275,Female,Mechanical,3.3,79.7,6.9,6.4,14.0,60.2,No,54.2,Not Placed
STU06056,Female,commerce,4.0,82.2,7.9,4.4,17.0,66.6,Yes,78.8,Placed
STU07092,Female,CSE,3.8,68.1,6.5,5.4,7.0,43.5,Yes,43.5,Not Placed
STU07201,Male,Civil,4.1,70.2,7.3,3.2,15.0,61.8,No,70.7,Not Placed
STU08212,Female,CSE,5.8,87.8,6.7,5.7,10.0,50.8,No,60.7,Not Placed
STU05314,Male,IT,1.9,58.0,5.3,4.1,12.0,60.6,Yes,52.1,Placed
STU02682,Female,ECE,2.8,59.3,6.1,6.8,8.0,62.2,No,50.5,Not Placed
STU05615,Male,CSE,3.4,73.6,8.4,,17.0,55.6,No,59.9,Not Placed
STU02506,F,Civil,2.1,88.7,7.1,6.2,15.0,81.1,Yes,71.1,Placed
STU01304,Female,CSE,3.1,73.5,7.6,3.1,11.0,81.0,No,67.4,Placed
STU04723,Female,Mechanical,1.9,66.2,7.8,5.4,13.0,60.0,No,48.4,Not Placed
STU03806,M,IT,1.3,55.9,8.2,4.0,6.0,32.7,Yes,36.4,Not Placed
STU01174,Female,IT,0.9,42.8,7.0,4.3,10.0,39.5,No,48.5,Not Placed
STU01433,Male,ECE,1.8,72.2,7.5,5.8,10.0,52.7,No,50.7,Not Placed
STU01100,Male,IT,7.0,91.0,,2.4,16.0,86.9,No,91.2,Placed
STU09511,Female,Mechanical,6.4,79.4,7.2,3.9,14.0,71.4,No,73.0,Placed
STU01909,Male,IT,1.3,59.0,7.9,6.2,12.0,47.7,No,47.2,Not Placed
STU07108,Male,CSE,5.4,71.0,6.2,4.0,15.0,60.8,No,70.4,Placed
STU03023,Male,CSE,3.4,80.7,6.7,6.4,15.0,70.1,Yes,59.7,Placed
STU09377,Male,CSE,0.6,70.0,6.9,7.1,8.0,,Yes,44.8,Placed
STU09277,Male,CSE,3.2,59.9,5.3,2.8,11.0,56.7,Yes,50.5,Placed
STU09782,Female,IT,1.9,63.8,7.4,7.3,15.0,59.2,No,55.5,Placed
STU01406,Male,CSE,2.5,90.2,6.9,4.7,19.0,58.4,No,74.5,Placed
STU06007,Male,CSE,0.5,51.3,8.2,5.1,12.0,48.7,No,35.4,Not Placed
STU06295,Female,IT,2.3,71.5,7.6,2.0,12.0,56.7,No,54.5,Not Placed
STU09420,Female,ECE,3.9,85.1,5.8,1.6,15.0,52.6,Yes,60.5,Placed
STU08592,Male,ECE,4.4,75.0,7.9,1.2,10.0,43.1,Yes,55.3,Not Placed
STU09901,Female,CSE,1.5,76.9,7.1,6.9,14.0,49.0,No,44.5,Not Placed
STU02814,Male,ECE,3.1,75.9,7.3,5.2,12.0,64.6,Yes,52.4,Not Placed
STU00310,Male,ECE,3.5,89.0,6.4,2.9,20.0,74.5,No,76.5,Placed
STU05509,Male,CSE,2.5,72.9,5.0,6.8,13.0,62.1,No,48.2,Not Placed
STU04091,Male,Mechanical,7.0,87.8,7.1,1.2,20.0,80.1,No,90.7,Placed
STU00776,Female,Mechanical,3.3,72.7,7.2,4.4,14.0,,No,56.2,Not Placed
STU04581,Male,Mechanical,4.1,82.1,6.7,2.1,16.0,49.0,No,65.5,Not Placed
STU05671,Female,ECE,2.3,76.5,8.2,3.6,12.0,50.8,No,53.1,Not Placed
STU00368,Male,CSE,0.7,68.0,6.5,4.0,9.0,61.5,Yes,50.2,Placed
STU00571,Female,Mechanical,0.3,60.5,6.6,7.2,7.0,26.4,No,20.3,Not Placed
STU04100,Female,Mechanical,3.7,86.8,6.4,8.2,10.0,56.4,No,100.0,Not Placed
STU04746,M,CSE,3.6,90.1,5.2,3.5,12.0,64.7,Yes,61.5,Placed
STU09634,Male,Mechanical,1.0,74.3,8.0,1.3,12.0,70.4,No,66.6,Not Placed
STU07612,Male,IT,6.3,80.9,5.6,4.9,14.0,54.4,Yes,71.8,Placed
STU04538,Male,CIVIL,5.9,89.1,8.7,5.2,14.0,79.0,No,76.7,Placed
STU01594,Male,Commerce,1.8,63.8,8.9,5.7,13.0,51.5,No,49.6,Not Placed
STU02264,Female,Civil,1.9,70.5,7.9,4.0,14.0,69.9,No,59.6,Placed
STU09734,Female,CSE,2.4,68.6,5.7,2.7,10.0,64.9,Yes,53.9,Not Placed
STU08914,Male,Mechanical,3.1,78.5,7.1,1.7,13.0,54.8,No,60.3,Not Placed
STU01542,Male,Commerce,4.2,,5.4,2.8,16.0,66.6,No,73.5,Not Placed
STU09753,Male,CSE,3.3,83.9,7.9,5.2,15.0,64.6,Yes,66.6,Placed
STU08679,Female,CSE,3.0,65.6,5.4,3.6,5.0,54.3,Yes,49.9,Not Placed
STU09798,Male,CSE,5.1,83.1,5.4,6.4,14.0,65.5,Yes,71.3,Placed
STU09589,Male,CSE,3.3,88.4,,5.8,12.0,63.8,Yes,56.9,Placed
STU04645,Male,ECE,4.0,82.2,7.0,3.3,14.0,56.7,Yes,66.9,Placed
STU09471,Male,IT,5.5,91.6,5.7,3.8,,77.5,No,74.8,Placed
STU05366,Female,Civil,5.1,82.9,8.7,1.8,19.0,74.2,No,82.0,Placed
STU01841,Female,Civil,1.6,70.7,7.3,4.0,10.0,47.9,No,53.0,Placed
STU08311,Male,CSE,3.0,60.1,7.4,6.1,6.0,30.7,Yes,37.8,Not Placed
STU06128,Female,Mechanical,4.4,83.9,5.5,7.5,16.0,70.2,No,70.8,Placed
STU05042,Male,ECE,5.4,71.6,7.9,4.3,10.0,56.1,No,64.4,Not Placed
STU05786,Female,CSE,4.7,96.7,6.9,3.0,20.0,90.0,Yes,85.2,Placed
STU09643,Female,Civil,2.7,67.6,7.8,6.2,9.0,43.8,No,44.8,Not Placed
STU00073,Female,Commerce,1.2,64.9,6.9,5.2,10.0,49.2,Yes,43.0,Not Placed
STU07071,Female,Commerce,3.3,74.7,5.3,8.1,13.0,68.4,No,51.7,Not Placed
STU04830,Female,ECE,2.9,53.3,7.1,4.4,9.0,43.6,No,41.8,Not Placed
STU08919,Female,CSE,3.2,67.9,5.6,6.7,7.0,71.9,Yes,50.4,Not Placed
STU05091,Female,Civil,5.7,94.0,5.5,3.1,13.0,69.8,No,67.9,Placed
STU04859,Male,IT,4.0,75.6,3.4,5.5,11.0,66.5,No,46.7,Not Placed
STU07864,Female,IT,4.0,86.8,6.0,4.7,12.0,65.0,Yes,58.3,Placed
STU06234,Female,ECE,2.6,83.4,8.2,3.7,17.0,95.6,Yes,82.2,Placed
STU02836,Male,IT,3.7,62.3,7.3,2.9,9.0,61.2,No,54.5,Placed
STU04270,Female,Mechanical,4.4,81.7,5.5,6.8,13.0,52.8,No,55.2,Not Placed
STU06162,Male,Mechanical,3.0,70.4,5.4,6.0,11.0,62.3,No,55.2,Placed
STU06953,Female,Commerce,5.2,83.3,8.4,4.0,15.0,69.6,Yes,83.1,Placed
STU05831,Female,Mechanical,2.9,70.5,5.9,4.6,7.0,49.9,Yes,44.3,Not Placed
STU09477,Male,CSE,2.9,71.4,6.1,,9.0,49.4,No,47.8,Not Placed
STU03737,Female,ECE,2.0,,8.7,4.6,10.0,59.0,No,47.6,Not Placed
STU08971,Female,Commerce,3.7,85.4,7.7,2.5,20.0,54.8,No,69.5,Placed
STU06949,Female,IT,4.7,70.1,,3.4,15.0,84.3,No,76.2,Placed
STU02512,Female,Commerce,5.3,80.3,6.5,3.6,17.0,89.0,No,79.2,Placed
STU07055,Male,CSE,5.6,84.4,5.3,3.8,16.0,67.6,Yes,75.4,Placed
STU07284,Male,IT,3.2,,8.3,3.7,8.0,47.8,Yes,51.0,Not Placed
STU07272,Female,ECE,4.6,94.1,7.8,4.5,16.0,73.1,No,77.1,Placed
STU01781,Male,CSE,5.5,87.4,5.5,1.6,17.0,78.6,Yes,70.2,Placed
STU06448,Male,ECE,3.3,80.6,6.9,5.4,13.0,65.6,No,58.1,Not Placed
STU01776,Male,CSE,0.7,63.1,5.7,3.2,15.0,56.4,No,52.9,Placed
STU01535,female,CSE,7.2,83.4,6.0,3.9,20.0,84.5,Yes,92.4,Placed
STU04935,Male,commerce,3.9,71.9,6.5,4.4,11.0,64.4,No,58.3,Not Placed
STU03106,Female,Mechanical,2.3,71.8,7.2,4.3,9.0,68.4,Yes,62.8,Placed
STU03766,Male,CSE,3.5,,6.8,3.2,18.0,71.2,Yes,65.3,Placed
STU03335,Male,,6.3,84.4,5.4,6.4,16.0,57.4,Yes,59.2,Placed
STU03597,Male,IT,4.4,74.2,6.0,6.1,14.0,46.9,No,44.0,Not Placed
STU04961,Male,Mechanical,4.9,65.9,6.7,6.1,7.0,51.2,No,50.1,Not Placed
STU03331,Male,IT,4.7,78.1,6.6,4.1,13.0,59.4,No,61.7,Placed
STU08077,Female,IT,4.1,73.5,5.4,5.1,9.0,70.7,No,59.4,Not Placed
STU08604,Male,ECE,3.2,75.7,7.9,4.2,15.0,65.1,No,60.8,Not Placed
STU04913,Female,CSE,6.0,73.5,7.5,4.9,15.0,57.8,No,61.5,Not Placed
STU07773,Female,COMMERCE,4.6,71.6,6.3,6.1,10.0,70.9,No,61.5,Placed
STU06000,Male,Mechanical,3.0,66.5,7.9,5.7,8.0,45.9,No,51.1,Not Placed
STU04395,Male,IT,0.0,62.5,6.4,5.0,11.0,46.8,No,41.3,Not Placed
STU04468,Male,CSE,1.9,63.3,7.2,5.8,,59.2,No,53.7,Not Placed
STU05996,Female,IT,2.9,73.0,6.6,5.9,8.0,58.6,No,48.2,Not Placed
STU05390,Female,ECE,4.9,81.2,5.9,6.7,13.0,61.3,No,52.9,Not Placed
STU04363,Male,CSE,5.9,91.6,5.0,3.8,13.0,62.6,No,68.9,Placed
STU03963,Male,Commerce,4.7,87.2,5.7,,16.0,58.3,Yes,68.9,Placed
STU04257,Male,IT,1.8,68.5,7.9,6.1,5.0,43.7,Yes,37.6,Not Placed
STU01785,Male,CSE,3.6,75.5,6.8,3.7,17.0,71.1,No,66.0,Placed
STU09034,Female,Commerce,4.4,82.1,6.4,5.1,,69.0,Yes,69.4,Placed
STU07206,Female,CSE,2.5,71.4,7.8,6.8,9.0,53.7,No,44.8,Not Placed
STU01030,Male,CSE,5.5,80.6,6.7,3.9,16.0,75.8,No,74.3,Placed
STU00520,Female,Mechanical,4.0,74.5,8.0,2.4,20.0,66.4,Yes,72.5,Placed
STU09305,M,Commerce,2.0,76.8,6.5,5.8,12.0,55.8,Yes,52.8,Placed
STU02447,Male,CSE,3.6,76.3,5.7,7.4,14.0,50.1,No,48.4,Not Placed
STU07211,Female,Commerce,4.2,66.0,7.6,3.8,13.0,52.9,No,63.6,Placed
STU05320,Female,CSE,2.9,89.3,6.1,3.0,15.0,66.8,Yes,71.2,Placed
STU01915,Female,Mechanical,4.0,73.2,5.6,5.5,,53.9,Yes,56.1,Placed
STU08624,Male,CSE,4.3,87.1,6.2,1.8,16.0,72.0,No,76.8,Placed
STU00239,Male,CSE,1.7,69.7,9.1,4.8,5.0,52.6,Yes,46.6,Not Placed
STU07556,Female,ECE,3.0,88.1,7.6,5.2,16.0,66.2,No,76.9,Placed
STU01610,Male,Civil,2.2,65.6,6.2,4.9,16.0,44.7,Yes,46.8,Not Placed
STU08291,Female,ECE,1.5,70.4,6.8,5.2,14.0,53.3,Yes,53.6,Not Placed
STU07020,Male,IT,4.8,88.1,7.0,4.2,13.0,69.0,No,69.0,Placed
STU09059,Female,Mechanical,0.0,53.9,6.6,4.0,7.0,66.3,No,49.2,Not Placed
STU00396,Male,Commerce,4.6,68.4,7.8,4.8,16.0,74.9,No,76.2,Placed
STU04191,Male, IT ,4.7,97.9,8.8,5.9,17.0,64.0,Yes,67.1,Placed
STU08065,Female,Commerce,5.8,92.0,6.1,,16.0,63.5,Yes,58.9,Placed
STU05936,Female,Civil,3.2,,8.2,3.1,11.0,51.6,No,66.2,Not Placed
STU05882,Female,Mechanical,5.8,79.2,6.0,7.2,9.0,64.1,No,70.0,Placed
STU01984,Female,Commerce,0.8,70.5,7.3,5.2,11.0,69.5,No,54.2,Not Placed
STU01937,Male,IT,2.9,71.1,5.6,2.2,,52.2,No,50.2,Not Placed
STU03365,Male,IT,3.1,81.6,8.0,3.8,14.0,74.2,Yes,72.2,Placed
STU09037,Male,ECE,2.3,65.5,8.6,7.1,4.0,42.4,Yes,37.8,Not Placed
STU02619,Male,IT,3.6,70.2,6.9,8.1,10.0,57.3,No,55.9,Not Placed
STU06649,Male,IT,1.5,76.0,6.2,8.0,13.0,,Yes,42.9,Not Placed
STU01034,Male,Civil,4.9,70.3,9.0,6.6,16.0,65.4,Yes,64.6,Placed
STU04181,Male,Mechanical,5.6,95.0,5.9,2.9,16.0,78.5,Yes,81.1,Placed
STU07687,Female,Mechanical,3.9,73.6,7.3,2.8,13.0,68.1,No,56.9,Not Placed
STU09938,Male,CSE,2.5,80.9,7.8,1.2,19.0,75.3,No,79.3,Placed
STU04389,Male,Civil,2.5,63.1,5.8,4.9,6.0,41.6,Yes,37.5,Not Placed
STU05049,Male,CSE,4.8,74.1,7.0,3.2,14.0,63.9,Yes,69.5,Placed
STU00605,Male,Civil,3.0,66.4,8.3,4.3,10.0,60.8,No,55.1,Placed
STU08514,Female,IT,3.8,,7.2,2.7,12.0,63.5,No,71.6,Placed
STU04978,Male,IT,4.0,83.0,4.9,4.9,15.0,75.7,Yes,59.5,Placed
STU03269,Male,CSE,1.7,64.9,9.2,6.3,11.0,61.6,Yes,47.6,Not Placed
STU02805,Female,Mechanical,,,5.7,5.1,9.0,51.6,Yes,47.7,Not Placed
STU01432,Male,ECE,1.8,65.7,7.2,4.2,10.0,46.3,Yes,42.3,Not Placed
STU07998,Male,CSE,3.6,58.7,5.9,4.8,6.0,23.6,Yes,40.7,Not Placed
STU02710,Male,Mechanical,3.0,68.8,5.4,5.0,13.0,57.7,Yes,61.1,Not Placed
STU03651,Female,ECE,2.2,73.3,6.8,4.2,16.0,71.0,Yes,67.2,Placed
STU07384,Male,ECE,4.4,72.7,6.4,4.7,11.0,61.5,No,59.5,Not Placed
STU09461,Male,IT,3.8,93.6,6.5,4.2,18.0,68.8,Yes,64.8,Placed
STU04903,Male,ECE,2.1,78.0,6.2,4.3,12.0,60.2,No,64.5,Placed
STU04209,Male,Commerce,4.3,88.3,7.2,3.6,20.0,70.0,No,74.9,Placed
STU02366,Male,IT,4.5,91.2,5.0,2.6,18.0,73.4,Yes,74.4,Placed
STU01322,Male,Civil,3.8,86.7,5.6,3.5,15.0,56.1,Yes,55.7,Not Placed
STU06168,Male,CSE,2.5,65.4,7.4,5.0,7.0,33.8,Yes,39.8,Not Placed
STU02577,Female,ECE,2.8,74.3,5.5,5.0,8.0,63.7,No,54.4,Placed
STU05044,Female,CSE,0.0,52.3,5.7,6.5,10.0,40.2,Yes,38.9,Not Placed
STU09263,Male,Commerce,6.3,87.6,7.9,3.5,20.0,72.5,No,78.6,Placed
STU05684,Male,Civil,3.5,64.4,7.7,5.3,5.0,54.3,Yes,50.8,Not Placed
STU06915,Female,Commerce,0.7,49.2,6.7,5.7,3.0,47.7,Yes,31.3,Not Placed
STU05274,Male,Commerce,4.9,78.5,7.2,3.3,15.0,61.3,No,71.1,Not Placed
STU02642,Female,IT,1.1,61.5,6.8,7.3,13.0,54.3,Yes,48.8,Not Placed
STU09832,Male,Mechanical,2.9,80.6,8.1,4.0,15.0,,Yes,69.8,Placed
STU06689,Male,IT,5.3,100.0,6.5,4.9,15.0,76.0,No,80.1,Placed
STU08766,Female,Mechanical,3.7,80.0,6.5,4.1,16.0,73.2,No,63.8,Not Placed
STU04727,Male,Mechanical,1.5,63.8,6.4,4.9,12.0,65.4,Yes,47.0,Not Placed
STU03755,Female,Mechanical,2.4,61.0,8.1,3.9,9.0,66.7,Yes,49.3,Not Placed
STU05667,Male,Commerce,7.5,83.7,5.9,3.1,16.0,72.3,No,74.1,Placed
STU07357,Female,Civil,4.7,88.4,7.7,4.0,12.0,66.0,No,73.4,Placed
STU08727,Male,CSE,4.5,98.3,8.7,3.2,18.0,72.7,Yes,84.1,Placed
STU08525,Female,Commerce,2.4,72.5,4.9,3.7,,81.4,Yes,62.5,Placed
STU03433,Male,CSE,,48.6,7.4,,11.0,56.5,No,49.7,Not Placed
STU07688,Female,Commerce,2.6,77.0,6.1,5.2,13.0,63.2,Yes,58.3,Not Placed
STU09434,Male,Commerce,1.7,60.9,6.4,5.2,7.0,61.5,No,47.0,Not Placed
STU02684,Female,ECE,5.0,87.4,7.6,2.9,10.0,,No,66.4,Not Placed
STU03381,Female,CSE,5.0,82.2,6.5,5.4,15.0,55.0,Yes,57.0,Placed
STU05711,Female,Civil,6.7,95.0,5.6,2.8,20.0,68.0,No,78.0,Placed
STU07326,Male,ECE,3.7,87.8,9.0,0.2,16.0,74.4,No,74.3,Placed
STU04319,Male,IT,5.2,68.8,7.2,6.8,11.0,45.6,Yes,62.8,Not Placed
STU04074,Male,Civil,3.1,83.3,6.8,4.8,17.0,82.6,No,82.5,Placed
STU09195,Female,IT,3.2,63.8,6.2,6.3,9.0,26.9,Yes,29.0,Not Placed
STU06253,Male,Mechanical,4.5,88.6,7.3,1.8,15.0,84.6,Yes,84.1,Placed
STU08804,Male,Mechanical,1.7,66.7,6.7,4.3,10.0,61.4,Yes,53.0,Not Placed
STU07091,Male,IT,4.1,80.0,6.8,4.3,14.0,46.4,No,55.2,Not Placed
STU03933,Female,ECE,5.3,75.8,7.5,3.8,12.0,57.2,No,67.2,Not Placed
STU01743,Male,Mechanical,4.5,77.8,7.4,5.5,16.0,59.8,Yes,73.8,Placed
STU08726,Female,ECE,2.8,82.9,6.7,6.6,16.0,58.2,No,68.6,Placed
STU00203,Female,ECE,1.9,81.4,8.0,4.5,14.0,56.5,Yes,58.1,Placed
STU07457,Female,Mechanical,5.1,100.0,4.2,4.6,18.0,78.4,No,76.0,Placed
STU01878,Female,ECE,1.9,75.3,6.8,4.4,20.0,63.1,No,69.9,Placed
STU08707,Male,Commerce,4.0,88.1,7.0,3.6,12.0,46.4,No,55.3,Not Placed
STU06186,Male,CSE,3.4,79.4,6.6,5.1,13.0,43.0,No,51.4,Not Placed
STU09432,Male,Commerce,3.0,53.1,5.7,5.4,7.0,39.2,No,32.4,Not Placed
STU06259,Male,Commerce,2.0,65.1,6.3,6.5,10.0,55.8,No,50.7,Not Placed
STU08916,Male,Mechanical,3.6,78.1,7.5,4.6,10.0,61.7,Yes,63.4,Placed
STU01924,Male,Civil,6.2,99.3,8.0,1.8,18.0,76.3,No,92.0,Placed
STU09266,Female,CSE,0.0,48.9,8.6,7.4,7.0,36.3,No,21.2,Not Placed
STU02842,Male,Mechanical,5.1,71.2,,4.4,16.0,66.8,No,65.1,Placed
STU04384,Male,Mechanical,,71.3,6.9,3.5,15.0,,No,61.0,Not Placed
STU08327,female,ECE,3.0,,5.3,3.3,11.0,66.5,No,61.9,Placed
STU01925,Male,Mechanical,3.9,79.0,8.5,4.6,14.0,70.9,Yes,61.6,Placed
STU08853,Male,Mechanical,4.1,85.3,6.0,6.7,10.0,45.7,No,47.6,Not Placed
STU04210,Female,Commerce,3.8,70.6,8.3,3.2,13.0,50.0,Yes,54.0,Placed
STU06466,Female,Civil,0.8,75.0,,5.6,9.0,45.1,No,31.7,Not Placed
STU09346,Female,Civil,1.4,63.1,7.0,1.9,12.0,58.5,Yes,58.9,Placed
STU00028,Male,CSE,5.1,84.8,7.6,3.0,13.0,53.4,No,56.7,Not Placed
STU08047,Male,Mechanical,0.0,55.8,5.2,5.0,3.0,,No,18.1,Not Placed
STU08508,Male,CSE,4.4,82.9,6.7,4.2,8.0,33.9,Yes,49.7,Not Placed
STU05206,Male,IT,4.6,76.4,5.2,5.6,11.0,61.1,Yes,50.9,Placed
STU07913,Male,Commerce,1.9,62.1,7.2,4.9,12.0,68.1,Yes,50.5,Placed
STU07276,Male,Commerce,4.4,78.9,5.6,4.7,13.0,51.7,No,62.7,Not Placed
STU03569,Female,ECE,3.9,80.9,6.4,5.5,19.0,74.9,Yes,71.9,Placed
STU07255,Male,,6.2,90.2,6.9,3.2,17.0,66.6,No,77.2,Placed
STU05321,Male, CSE ,6.4,92.6,6.2,1.9,17.0,68.5,No,68.9,Placed
STU07897,Female,IT,4.4,63.0,5.8,2.5,3.0,44.7,No,45.4,Not Placed
STU03432,Male,CSE,3.1,78.6,6.8,4.0,16.0,77.9,No,73.5,Placed
STU07878,Male,ECE,1.8,73.9,5.7,3.5,15.0,62.6,Yes,55.6,Placed
STU08251,Female,IT,1.1,69.1,6.8,7.4,10.0,49.1,No,42.6,Not Placed
STU06493,Female,CSE,2.3,72.9,6.8,4.9,8.0,58.7,No,54.7,Not Placed
STU02177,Male,Mechanical,4.3,87.2,7.5,5.7,15.0,53.0,No,68.4,Not Placed
STU04622,Female,CSE,3.9,87.2,4.8,0.7,17.0,76.5,No,82.5,Placed
STU02522,Female,Mechanical,4.5,81.2,3.8,4.1,19.0,91.0,Yes,79.4,Placed
STU05570,Female,CSE,1.2,58.9,7.0,5.6,11.0,62.3,No,47.1,Not Placed
STU09626,Male,Commerce,3.7,75.8,7.0,4.8,15.0,59.3,No,63.2,Not Placed
STU03880,Male,CSE,2.8,62.2,5.2,5.6,14.0,63.7,No,47.9,Not Placed
STU04603,Female,Mechanical,3.0,78.1,6.3,3.1,12.0,44.1,No,57.8,Not Placed
STU03552,Female,CSE,4.0,66.5,7.1,7.1,5.0,41.3,No,32.0,Not Placed
STU09880,Male,CSE,2.5,72.1,7.4,3.7,18.0,,No,74.5,Placed
STU09677,Male,Mechanical,0.9,65.7,5.0,5.5,18.0,65.8,No,48.4,Not Placed
STU01224,male,Mechanical,4.4,89.5,5.4,2.1,14.0,68.5,Yes,67.3,Placed
STU02445,Male,CSE,3.0,75.1,5.9,3.1,18.0,55.6,Yes,61.4,Placed
STU07605,Female,COMMERCE,2.7,64.3,7.1,4.3,12.0,63.9,Yes,58.4,Not Placed
STU02564,Male,CSE,6.1,92.9,,3.6,16.0,72.8,No,78.6,Placed
STU03313,Male,IT,3.4,77.6,6.3,3.7,10.0,57.3,No,60.5,Placed
STU08232,Male,ECE,5.1,91.8,6.9,4.8,12.0,59.3,No,71.0,Placed
STU05792,Female,CSE,3.4,77.3,6.5,4.5,13.0,64.3,No,63.1,Not Placed
STU09407,Male,Civil,5.8,80.6,6.4,4.6,15.0,,No,67.5,Placed
STU07036,Male,ECE,0.1,63.4,8.3,7.0,9.0,65.0,No,44.0,Not Placed
STU03068,Male,Mechanical,4.7,87.8,4.5,2.1,20.0,63.7,No,77.5,Placed
STU01627,Female,IT,1.2,,7.1,4.7,3.0,31.4,Yes,27.2,Not Placed
STU01265,Female,Commerce,1.3,69.4,5.6,5.6,15.0,62.8,No,59.2,Placed
STU03970,Male,IT,3.3,69.4,7.4,4.3,10.0,49.0,No,49.7,Not Placed
STU01965,Male,Commerce,2.1,60.0,5.9,,7.0,51.0,Yes,41.5,Not Placed
STU08282,Male,CSE,2.6,75.0,8.0,5.7,13.0,58.6,No,53.4,Placed
STU00878,Female,Commerce,4.1,82.9,7.0,7.3,13.0,52.1,Yes,65.0,Placed
STU09309,Male,ECE,2.4,75.4,6.5,4.7,13.0,53.0,Yes,54.0,Not Placed
STU09825,Female,CSE,4.8,91.9,6.5,3.1,16.0,65.7,No,69.8,Not Placed
STU05736,Female,ECE,3.1,66.0,6.2,7.0,7.0,49.2,No,46.9,Not Placed
STU03479,Female,Commerce,6.0,89.3,7.1,0.2,18.0,83.5,No,95.5,Placed
STU04110,Female,CSE,1.8,79.2,7.9,3.3,15.0,57.3,No,61.9,Placed
STU00482,Female,CSE,3.1,89.6,6.9,5.0,20.0,85.7,Yes,73.2,Placed
STU09455,Male,ECE,4.6,80.3,8.4,2.1,20.0,65.9,Yes,68.2,Placed
STU09162,Male,CSE,4.3,80.6,5.5,1.8,18.0,81.9,No,77.7,Placed
STU07890,Male,CSE,3.4,75.9,8.0,4.3,15.0,71.2,Yes,69.5,Placed
STU07314,Female,CSE,4.5,83.8,5.3,4.5,15.0,60.6,No,61.7,Placed
STU09106,Male,ECE,2.4,76.7,6.0,7.1,18.0,79.6,No,61.1,Placed
STU06521,Male,Civil,3.9,80.6,7.2,5.1,17.0,72.7,No,69.9,Placed
STU02553,Male,ECE,3.4,69.3,7.5,4.4,11.0,58.0,No,52.2,Placed
STU08520,Male,CSE,3.8,73.3,4.0,4.4,18.0,68.6,No,63.1,Placed
STU09579,Female,Civil,3.6,67.0,7.3,5.8,11.0,66.5,Yes,66.0,Placed
STU04954,Male,Commerce,1.4,46.4,5.1,5.1,7.0,36.6,No,39.5,Not Placed
STU06648,Female,IT,4.2,85.9,7.3,4.4,14.0,52.0,No,64.6,Not Placed
STU03130,Female,IT,4.5,81.6,7.7,5.2,17.0,65.5,No,77.7,Placed
STU04143,Male,Commerce,6.1,85.0,4.2,2.6,13.0,74.4,No,64.9,Not Placed
STU02919,Male,Civil,5.2,70.9,6.7,6.0,13.0,50.0,No,59.3,Not Placed
STU03872,Male,IT,1.3,61.8,6.2,6.9,11.0,41.3,No,32.9,Not Placed
STU04042,Female,CSE,3.8,71.0,,4.3,13.0,77.4,Yes,72.3,Placed
STU02315,Male,CSE,3.5,76.3,6.7,4.2,14.0,70.6,No,71.7,Placed
STU09750,Male,CSE,3.5,78.7,5.7,5.1,12.0,63.9,No,61.7,Placed
STU06482,Male,CSE,3.2,63.1,6.6,6.2,11.0,51.7,No,55.3,Not Placed
STU04996,Male,Mechanical,3.1,81.4,3.4,5.3,15.0,72.4,No,67.2,Placed
STU05119,Female,Commerce,3.8,73.9,7.7,7.6,,47.9,No,53.6,Not Placed
STU04329,Female,ECE,5.0,89.8,6.2,,15.0,69.3,No,69.8,Placed
STU00942,Male, CSE ,4.4,74.3,6.9,3.9,16.0,67.5,No,82.1,Placed
STU09644,Male,CSE,2.9,74.1,5.9,7.0,18.0,61.5,No,55.2,Not Placed
STU09714,Female,IT,3.0,78.0,6.4,9.3,10.0,60.3,Yes,49.6,Not Placed
STU09858,Male,Commerce,3.9,89.5,6.7,2.8,18.0,71.3,No,75.5,Not Placed
STU06926,Female,Mechanical,4.6,74.3,9.7,6.2,11.0,51.6,No,52.4,Not Placed
STU03238,female,ECE,4.0,77.1,6.2,3.8,13.0,77.6,Yes,70.6,Placed
STU07398,Female,CSE,4.1,90.3,7.7,1.7,17.0,67.7,Yes,74.9,Placed
STU09253,Female,IT,4.7,76.3,6.6,4.9,18.0,68.1,No,66.8,Placed
STU09053,Female,IT,1.5,59.0,4.2,4.2,5.0,49.0,Yes,28.7,Not Placed
STU08352,Male,IT,2.2,63.2,,5.4,9.0,63.0,No,38.0,Not Placed
STU01810,Male,ECE,5.2,85.8,8.4,3.9,15.0,,Yes,80.4,Placed
STU06318,Male,Commerce,3.5,69.7,6.6,5.4,9.0,48.2,No,53.1,Not Placed
STU00205,Male,ECE,2.6,70.3,8.6,4.4,7.0,40.8,Yes,50.2,Not Placed
STU03510,Male,CSE,2.9,51.4,8.3,1.7,9.0,47.5,Yes,51.1,Not Placed
STU01163,Female,IT,2.7,68.2,6.8,6.3,14.0,60.6,No,53.4,Not Placed
STU06775,Female,Commerce,1.7,73.7,7.2,5.0,10.0,47.6,Yes,44.4,Not Placed
STU00087,Female,CSE,2.5,58.6,6.3,4.2,11.0,40.1,Yes,43.6,Not Placed
STU05966,Male,CSE,3.3,82.4,6.7,3.3,18.0,80.7,No,78.8,Placed
STU08409,Male,Commerce,5.8,79.8,7.9,1.4,16.0,77.5,No,89.8,Placed
STU02208,Male,Commerce,3.3,78.5,6.3,4.0,11.0,60.6,Yes,65.5,Placed
STU03047,Male,ECE,4.0,91.1,8.1,4.2,14.0,78.6,Yes,79.1,Placed
STU07748,Male,IT,3.7,75.0,7.5,2.3,11.0,64.5,No,69.8,Placed
STU04718,Male,ECE,1.9,63.2,,5.5,10.0,58.8,Yes,46.8,Placed
STU05910,Male,Commerce,2.2,80.0,6.4,5.3,19.0,76.9,Yes,63.7,Placed
STU08255,Male,Mechanical,1.9,73.2,6.5,1.1,14.0,51.9,No,55.2,Not Placed
STU08675,Male,IT,1.8,69.8,4.6,5.5,14.0,,No,46.3,Not Placed
STU03981,Male,CSE,3.0,75.1,7.4,4.6,15.0,66.4,Yes,59.6,Placed
STU08977,Female,Commerce,5.8,79.8,5.5,2.9,13.0,64.5,No,73.1,Placed
STU03976,Female,CSE,3.4,79.3,7.4,2.5,14.0,60.8,Yes,71.0,Placed
STU07680,Female,ECE,5.8,74.8,6.8,3.0,8.0,63.0,No,58.3,Not Placed
STU09043,Male,CSE,2.1,63.2,7.1,4.8,10.0,59.2,No,43.2,Not Placed
STU01000,Female,ECE,4.3,85.6,4.9,3.0,15.0,80.5,Yes,63.8,Placed
STU03173,Male,ECE,3.0,90.4,6.6,7.4,19.0,72.8,No,72.0,Placed
STU09165,Female,Commerce,2.5,73.8,6.8,2.6,16.0,78.5,No,71.5,Placed
STU05185,Male,Commerce,2.6,79.5,7.1,4.8,9.0,52.9,No,49.5,Not Placed
STU00996,Female,CSE,4.5,80.7,3.0,2.3,12.0,77.3,Yes,56.5,Not Placed
STU02402,Male,IT,3.8,89.7,5.9,3.9,18.0,84.2,No,85.1,Placed
STU09591,Male,IT,4.7,77.2,5.6,3.5,11.0,63.6,No,62.5,Placed
STU08944,Male,Mechanical,3.5,,,4.9,20.0,83.1,Yes,89.2,Placed
STU01045,Female,CSE,3.7,73.5,6.4,4.5,14.0,63.9,Yes,53.3,Placed
STU03822,Female,IT,3.4,95.4,6.5,2.8,18.0,67.5,No,77.5,Not Placed
STU02008,Male,Commerce,1.5,71.7,5.6,5.9,8.0,52.4,No,44.7,Not Placed
STU05289,Female,ECE,2.6,84.4,6.8,3.0,18.0,62.7,No,70.3,Placed
STU08658,Male,Civil,0.1,55.2,5.6,7.1,11.0,47.2,No,25.9,Not Placed
STU04660,Female,Civil,4.9,62.2,6.1,5.9,13.0,47.8,No,53.5,Not Placed
STU08701,Male,Commerce,1.4,59.5,7.9,5.2,10.0,52.3,No,55.6,Not Placed
STU03467,Female,Commerce,5.3,97.3,5.4,4.5,18.0,71.5,No,65.1,Not Placed
STU07215,Female,Commerce,2.1,74.5,5.8,1.9,10.0,49.5,No,44.4,Not Placed
STU08737,Female,Civil,6.3,85.3,6.7,3.2,20.0,72.0,No,79.4,Placed
STU04482,Male,ECE,2.7,81.8,7.8,5.3,10.0,66.1,No,56.3,Placed
STU07493,Female,CSE,3.2,64.2,7.2,5.6,9.0,38.2,No,39.2,Not Placed
STU04619,Male,Mechanical,6.3,97.4,7.8,5.5,20.0,98.5,Yes,89.8,Placed
STU00592,Male,Mechanical,4.3,72.2,7.2,3.2,11.0,63.2,No,61.8,Not Placed
STU08857,Female,ECE,2.5,63.8,4.9,7.4,7.0,49.4,No,35.1,Not Placed
STU02226,Female,ECE,4.6,87.3,6.2,5.0,16.0,69.5,No,74.0,Placed
STU00519,Male,Commerce,4.2,88.2,6.2,5.7,15.0,77.2,No,72.6,Placed
STU07871,Male,Commerce,7.2,94.7,8.1,6.5,19.0,76.9,No,77.7,Placed
STU05685,Male,CSE,4.8,70.7,6.9,8.9,10.0,66.1,Yes,54.2,Placed
STU04692,Female,IT,5.2,77.5,5.7,3.8,15.0,61.3,No,73.3,Not Placed
STU03105,Female,Commerce,2.7,,7.8,,11.0,52.6,Yes,59.7,Placed
STU08317,Male,IT,2.6,62.2,5.3,6.2,11.0,63.9,No,57.3,Placed
STU04063,Female,Commerce,3.7,71.5,7.2,1.3,12.0,57.8,No,55.9,Not Placed
STU06604,Male,Civil,2.7,79.8,7.4,4.2,15.0,58.4,No,58.6,Not Placed
STU05983,Female,Civil,4.2,79.1,4.8,4.6,18.0,58.1,No,56.8,Not Placed
STU01651,Male,Civil,3.4,74.8,7.5,2.0,10.0,62.4,Yes,60.8,Not Placed
STU06057,Female,IT,0.6,64.5,7.1,3.7,9.0,53.0,No,47.2,Not Placed
STU01817,Male,CSE,5.3,90.9,7.6,1.9,16.0,66.9,Yes,70.7,Placed
STU04852,Male,ECE,6.7,91.2,8.0,3.0,11.0,69.5,No,67.3,Not Placed
STU06899,Male,ECE,2.3,74.4,8.2,,8.0,27.3,Yes,41.0,Not Placed
STU02635,Male,IT,3.8,71.6,6.1,4.5,12.0,71.4,No,74.6,Not Placed
STU01328,Female,civil,3.2,64.9,7.1,3.3,7.0,41.4,Yes,47.4,Not Placed
STU04736,Male,CSE,3.1,,10.0,4.8,12.0,70.3,No,54.9,Placed
STU01054,Female,Civil,6.4,90.7,6.5,3.3,20.0,91.1,No,100.0,Placed
STU00044,Male,Civil,3.6,71.4,8.0,4.0,14.0,65.4,No,59.6,Not Placed
STU00008,Male,CSE,3.9,71.6,5.5,6.1,12.0,79.6,No,64.7,Placed
STU07907,Female,CSE,2.8,81.7,7.6,4.7,17.0,71.7,No,69.0,Placed
STU05591,M,Civil,5.4,84.7,7.2,4.2,,57.8,No,67.9,Not Placed
STU00472,Male,ECE,3.7,75.2,6.7,4.6,10.0,59.6,No,56.3,Not Placed
STU02323,Female,CSE,5.3,90.8,7.7,,19.0,70.5,No,72.5,Placed
STU08092,Male,ECE,3.9,97.1,6.4,0.2,20.0,100.0,Yes,91.4,Placed
STU07644,Male,CSE,3.0,85.3,6.6,7.4,9.0,55.6,No,46.7,Not Placed
STU04405,Female,IT,,72.3,5.0,,11.0,56.9,Yes,47.2,Not Placed
STU00465,Male,Civil,1.3,67.0,6.3,4.1,9.0,47.9,No,42.3,Not Placed
STU04564,Male,Commerce,3.8,71.1,6.8,3.5,11.0,55.7,Yes,52.8,Not Placed
STU01692,Male,CSE,3.1,61.4,7.2,3.3,4.0,54.0,No,45.9,Not Placed
STU02231,Female,Mechanical,4.0,78.1,7.4,4.1,17.0,72.1,No,70.3,Placed
STU07580,Male,Commerce,5.2,,6.1,3.8,12.0,63.0,No,56.3,Not Placed
STU09946,Male,CSE,3.2,68.8,6.1,6.8,11.0,61.0,No,64.9,Not Placed
STU08258,Male,IT,2.7,63.0,6.2,4.3,8.0,64.6,Yes,54.7,Placed
STU01349,Male,CSE,3.4,76.8,7.8,,16.0,70.3,No,58.8,Not Placed
STU02481,Male,Civil,6.1,99.1,6.7,1.9,19.0,84.1,No,81.0,Placed
STU05529,Male,Mechanical,2.8,64.6,7.1,6.9,6.0,74.3,Yes,51.9,Not Placed
STU02150,Male,Mechanical,3.3,79.6,8.1,6.1,9.0,66.4,Yes,57.1,Not Placed
STU02097,Male,Mechanical,1.9,72.8,7.9,4.6,14.0,,Yes,69.3,Placed
STU06189,Female,IT,6.0,92.9,6.7,2.9,17.0,,No,78.9,Placed
STU05092,Female,Commerce,1.8,87.7,5.6,5.4,,65.1,No,65.8,Placed
STU06468,Female,Mechanical,4.1,77.3,6.6,6.4,15.0,65.1,No,72.9,Placed
STU08459,Female,Mechanical,1.8,58.9,7.1,4.9,9.0,63.1,No,55.2,Not Placed
STU07234,Female,Commerce,3.2,76.5,7.3,2.9,13.0,68.2,No,64.3,Placed
STU06206,Male,ECE,3.2,58.0,8.1,6.0,3.0,40.6,No,32.2,Not Placed
STU08529,Male,ECE,3.0,68.8,6.5,5.0,14.0,48.2,No,55.7,Not Placed
STU04226,Female,CSE,6.5,84.9,6.3,3.6,14.0,69.6,Yes,73.9,Placed
STU04137,Female,Commerce,3.5,90.5,7.4,2.7,14.0,82.8,No,81.4,Placed
STU00850,Female,ECE,4.5,79.1,6.2,1.8,17.0,74.7,No,69.3,Not Placed
STU01822,Male,ECE,2.4,75.3,,2.2,12.0,77.3,Yes,74.2,Placed
STU00418,Female,ECE,4.6,100.0,5.3,4.7,20.0,67.5,Yes,82.1,Placed
STU03719,Female,IT,3.3,89.1,5.7,4.9,17.0,65.0,No,61.5,Placed
STU08677,Female,CSE,1.9,57.0,7.1,,3.0,37.8,No,41.1,Not Placed
STU08795,Male,ECE,5.0,76.3,6.6,3.9,14.0,62.8,No,60.9,Not Placed
STU04174,Female,Commerce,2.4,68.6,5.7,5.7,10.0,52.3,Yes,46.0,Not Placed
STU01923,Female,Commerce,0.4,54.3,6.8,4.1,8.0,38.4,No,35.2,Not Placed
STU08976,Male,CSE,3.2,84.7,6.8,1.9,17.0,80.9,Yes,73.0,Placed
STU09631,Female,Mechanical,3.8,75.4,5.8,4.3,15.0,68.7,No,68.1,Not Placed
STU05490,Female,CSE,0.0,67.1,5.8,5.7,,60.1,Yes,43.3,Placed
STU03762,Female,ECE,2.7,80.9,5.9,3.4,17.0,61.1,No,57.9,Not Placed
STU02103,Female,Mechanical,3.1,60.2,6.9,6.4,9.0,62.8,No,60.4,Not Placed
STU08817,Male,Mechanical,0.8,62.6,7.5,4.3,15.0,62.2,No,54.1,Placed
STU04156,Male,CSE,2.5,79.1,6.9,7.4,12.0,62.5,Yes,46.5,Not Placed
STU02233,Female,IT,3.0,73.6,6.9,4.2,11.0,51.3,Yes,50.0,Not Placed
STU09448,Female,ece,4.1,71.6,6.3,5.0,9.0,68.9,No,62.3,Not Placed
STU09623,Male,CSE,4.0,79.5,9.9,3.8,14.0,62.3,Yes,62.7,Placed
STU06302,Female,IT,5.0,67.0,7.8,4.7,11.0,50.7,No,49.1,Not Placed
STU04932,Female,ECE,2.9,77.1,8.4,6.1,8.0,47.9,No,44.1,Not Placed
STU00030,Female,Mechanical,0.8,60.2,6.6,4.7,15.0,74.2,No,59.9,Not Placed
STU01824,Female,ECE,4.6,75.9,9.3,1.3,15.0,,No,68.7,Placed
STU06921,Male,IT,4.3,90.1,7.7,3.0,16.0,70.0,Yes,78.3,Placed
STU03698,M,IT,3.0,79.5,9.3,4.8,12.0,60.0,Yes,64.8,Placed
STU09467,Male,IT,1.2,,,5.2,12.0,56.7,No,57.3,Not Placed
STU03685,Male,ECE,3.4,65.2,6.5,5.2,7.0,47.6,Yes,40.3,Not Placed
STU03345,Female,IT,1.6,60.5,8.4,5.4,6.0,46.9,No,39.4,Not Placed
STU05969,Male,IT,3.4,76.7,5.8,,12.0,55.4,No,53.1,Placed
STU07994,Male,IT,3.1,62.3,7.7,6.3,7.0,36.8,Yes,42.7,Not Placed
STU08672,Male,Commerce,2.8,69.3,6.8,4.5,11.0,58.8,Yes,55.9,Placed
STU09075,Female,Mechanical,3.4,,7.5,4.7,11.0,48.8,No,57.3,Not Placed
STU08785,Female,Civil,2.5,58.6,6.8,5.8,10.0,47.5,No,46.4,Not Placed
STU06512,Male,Mechanical,3.0,76.0,6.9,5.3,11.0,57.0,No,57.0,Not Placed
STU03281,Female,Civil,4.3,95.6,,0.2,17.0,86.9,Yes,85.9,Placed
STU06390,Male,Civil,3.7,78.3,7.1,4.7,11.0,62.7,No,62.4,Not Placed
STU02948,Female,IT,3.5,71.2,7.6,0.6,14.0,63.3,No,71.7,Not Placed
STU03168,Female,Commerce,3.2,65.4,6.0,5.9,12.0,50.6,Yes,51.6,Not Placed
STU08290,Male,ECE,3.3,57.4,6.6,4.7,13.0,70.7,No,67.4,Not Placed
STU07005,Male,CSE,1.0,63.8,8.1,8.3,5.0,50.4,Yes,35.9,Not Placed
STU02413,Female,IT,2.5,61.0,6.3,2.7,8.0,34.4,No,42.5,Not Placed
STU06309,Female,Civil,4.2,76.5,6.7,3.3,17.0,81.3,No,69.7,Placed
STU02246,Male,,3.6,84.9,6.0,2.8,13.0,59.9,Yes,67.4,Placed
STU07585,Male,CSE,5.9,92.6,8.7,2.4,19.0,86.8,No,82.4,Placed
STU04607,Female,ECE,3.1,67.9,6.8,5.1,11.0,51.6,No,43.0,Not Placed
STU00448,Male,ECE,1.9,67.7,8.0,5.4,15.0,50.3,No,62.5,Not Placed
STU05773,Female,CSE,5.4,82.0,5.4,4.7,14.0,58.0,No,67.7,Placed
STU05994,Female,IT,0.7,61.3,8.5,3.5,8.0,64.9,No,53.4,Not Placed
STU06965,Male,Commerce,2.7,89.7,5.9,6.6,19.0,76.7,Yes,78.7,Placed
STU00015,Female,CSE,4.2,75.1,6.4,4.8,16.0,70.2,Yes,69.1,Placed
STU04394,Male,ECE,3.3,69.9,,3.2,8.0,48.8,No,52.5,Not Placed
STU00255,Female,IT,5.8,70.9,6.7,4.2,12.0,49.0,No,57.9,Not Placed
STU05664,Male,Commerce,2.0,74.3,9.0,5.7,13.0,70.9,No,58.8,Placed
STU05505,Male,CSE,5.8,87.3,6.5,4.3,12.0,62.9,No,60.9,Not Placed
STU03795,Female,Civil,0.8,49.2,7.2,2.5,5.0,33.6,Yes,30.2,Not Placed
STU06227,Male,IT,2.0,59.8,6.7,,10.0,49.6,No,42.3,Not Placed
STU08171,Male,ECE,5.1,90.9,7.0,3.6,14.0,55.1,No,59.9,Not Placed
STU09567,Male,Civil,4.7,77.6,8.0,5.1,5.0,46.8,No,45.2,Not Placed
STU02343,Female,Mechanical,2.0,61.1,5.7,5.4,4.0,42.2,Yes,39.4,Not Placed
STU00287,Male,ECE,1.5,74.0,6.8,3.9,15.0,68.6,No,56.2,Placed
STU03844,Female,CSE,6.2,100.0,6.4,4.9,20.0,81.0,No,88.5,Placed
STU04219,Female,ECE,5.0,100.0,8.6,2.6,,73.2,No,79.4,Placed
STU02313,Male,IT,5.6,81.7,5.1,3.7,17.0,84.9,No,78.6,Placed
STU05751,Male,Civil,2.1,72.2,5.6,6.0,14.0,60.8,No,57.4,Placed
STU07271,Male,CSE,,74.2,6.0,5.3,17.0,70.5,No,67.2,Placed
STU04020,Female,Civil,2.5,66.4,8.4,5.2,10.0,66.0,Yes,50.7,Placed
STU02053,Female,IT,3.1,90.3,8.5,2.9,16.0,79.2,No,75.8,Placed
STU08544,Male,CSE,5.5,97.7,7.6,1.1,18.0,74.5,No,82.9,Placed
STU06661,Female,CSE,3.3,,8.1,5.3,20.0,78.0,No,81.1,Placed
STU05005,Male,Civil,4.2,89.9,6.6,5.2,14.0,64.4,No,68.7,Placed
STU04447,Male,mechanical,5.3,80.4,7.8,2.5,13.0,59.5,No,66.6,Placed
STU09428,F,ECE,4.2,74.3,3.9,5.8,14.0,70.8,No,61.9,Not Placed
STU00166,Female,CSE,0.9,75.4,7.9,7.5,10.0,53.9,No,43.7,Not Placed
STU08509,Female,Civil,0.9,68.7,7.0,5.0,14.0,53.4,Yes,48.7,Placed
STU06392,Male,CSE,2.1,56.6,6.8,7.6,6.0,49.6,Yes,33.3,Not Placed
STU01340,Male,CSE,3.6,87.1,6.1,3.8,14.0,59.3,No,68.4,Placed
STU07044,Female,CSE,6.0,93.3,7.1,2.7,18.0,74.2,No,81.9,Placed
STU01139,Male,Civil,3.1,,6.0,5.6,12.0,62.6,No,48.6,Not Placed
STU06303,Female,CSE,3.0,72.2,7.2,3.0,12.0,49.2,No,52.8,Not Placed
STU07754,Female,CSE,2.6,73.1,7.2,3.2,11.0,70.0,No,60.7,Not Placed
STU08979,Male,Commerce,3.9,59.1,7.0,4.9,7.0,31.6,No,41.9,Not Placed
STU02189,Male,Civil,5.0,87.9,,2.7,17.0,84.2,No,83.4,Placed
STU03974,Female,IT,3.1,97.7,7.8,4.5,20.0,71.9,No,75.0,Placed
STU05229,Female,CSE,2.2,79.1,4.8,1.2,12.0,64.5,Yes,66.5,Placed
STU00300,Female,Commerce,3.1,77.0,6.6,6.2,13.0,68.9,No,64.2,Not Placed
STU09795,Female,ECE,4.4,85.4,7.3,4.8,12.0,63.0,No,65.6,Placed
STU06542,Male,IT,2.8,,6.9,3.5,15.0,78.5,Yes,70.5,Placed
STU01616,male,ECE,4.0,84.4,7.9,7.5,14.0,63.5,Yes,65.3,Placed
STU05328,Female,Mechanical,3.3,,9.2,8.3,11.0,65.1,Yes,53.8,Not Placed
STU08934,Male,Civil,2.3,69.1,8.0,3.3,10.0,65.8,Yes,48.7,Not Placed
STU05660,Male,CSE,4.6,82.7,7.0,5.8,13.0,69.6,No,65.5,Placed
STU03082,Male,Civil,5.2,72.9,6.6,,10.0,45.0,Yes,55.6,Placed
STU03143,Female,Commerce,3.4,79.6,7.3,5.0,14.0,56.5,No,57.0,Not Placed
STU06067,Male,Civil,2.9,78.1,7.5,3.1,14.0,65.3,Yes,67.5,Placed
STU01428,Female,Civil,4.3,86.5,6.2,5.7,19.0,74.6,Yes,80.6,Placed
STU05244,Female,Commerce,4.9,86.9,6.9,6.4,17.0,63.9,Yes,66.4,Not Placed
STU05625,Male,CSE,2.8,74.3,8.0,3.5,11.0,58.2,Yes,61.6,Placed
STU04149,Male,Civil,3.8,75.7,5.8,5.1,15.0,49.2,No,50.5,Not Placed
STU00847,Male,Commerce,4.8,98.9,6.2,3.2,20.0,89.7,Yes,92.8,Placed
STU03035,Female,CSE,2.8,76.5,5.5,4.5,16.0,73.9,Yes,75.4,Placed
STU09473,Female,IT,4.0,85.4,7.9,6.7,13.0,74.3,Yes,67.5,Placed
STU00032,Female,Civil,3.3,71.5,7.0,,8.0,48.9,Yes,54.9,Not Placed
STU08691,Male,Commerce,5.3,76.8,6.5,4.8,,41.7,Yes,44.9,Not Placed
STU00812,Female,ECE,3.2,66.7,6.8,4.7,11.0,57.3,Yes,56.7,Not Placed
STU09090,Male,Civil,2.3,62.4,5.2,7.5,7.0,56.2,No,41.5,Not Placed
STU01485,Male,Mechanical,1.6,92.8,7.4,4.4,16.0,64.3,Yes,63.3,Placed
STU03460,Male,ECE,6.7,86.9,7.2,3.8,17.0,75.0,No,83.9,Placed
STU05856,Male,IT,3.4,75.0,7.0,3.7,11.0,72.4,No,67.3,Not Placed
STU02145,Male,CSE,6.7,64.0,6.4,2.8,8.0,56.0,Yes,64.4,Placed
STU09518,Female,Commerce,4.5,63.3,8.1,5.4,15.0,55.6,No,58.8,Not Placed
STU06453,Female,ECE,3.5,68.7,6.5,5.6,7.0,59.8,No,60.2,Not Placed
STU03192,Female,IT,0.7,,8.0,5.1,13.0,48.8,No,48.8,Not Placed
STU08609,Female,CSE,1.7,66.3,6.7,6.5,14.0,63.6,Yes,66.5,Placed
STU07811,Male,CSE,4.1,83.3,8.3,6.0,17.0,64.5,No,74.1,Not Placed
STU00331,Female,CSE,5.6,85.0,6.1,2.8,17.0,74.8,No,73.6,Placed
STU03511,Male,ECE,2.6,80.2,7.2,5.7,18.0,63.5,No,56.9,Not Placed
STU09692,Female,CSE,5.5,96.8,6.9,2.5,20.0,79.0,Yes,93.7,Placed
STU05612,Female,Civil,4.5,76.6,,2.9,,47.0,No,57.7,Not Placed
STU06875,Male,Mechanical,3.1,66.6,7.1,4.3,8.0,48.0,Yes,43.9,Not Placed
STU01199,Male,Commerce,21.3,87.9,5.9,2.6,,87.7,No,90.8,Placed
STU05208,Male,CSE,2.8,68.2,5.3,3.6,13.0,49.6,No,51.5,Placed
STU04424,Female,CSE,4.7,80.7,6.0,5.1,10.0,46.2,No,56.6,Placed
STU03952,Male,Mechanical,4.7,93.5,8.5,5.3,20.0,87.5,No,80.8,Placed
STU01089,Female,CSE,5.2,,7.5,3.0,15.0,75.2,Yes,82.2,Placed
STU09014,Female,CSE,2.3,78.4,5.4,4.2,14.0,61.0,Yes,54.7,Placed
STU02516,Female,CSE,3.8,61.7,6.5,8.4,12.0,55.7,No,50.5,Not Placed
STU08196,Female,ECE,2.3,64.2,7.7,5.3,10.0,,Yes,53.4,Not Placed
STU03725,Male,Mechanical,3.6,83.4,8.3,6.3,13.0,66.0,Yes,68.8,Placed
STU04041,Male,CSE,2.0,68.0,6.2,4.1,13.0,63.7,No,48.9,Not Placed
STU07924,Male, ECE ,4.6,64.4,6.9,7.2,10.0,43.8,No,51.4,Not Placed
STU02460,Male,Mechanical,3.1,65.2,6.5,4.8,2.0,34.9,No,34.0,Not Placed
STU00550,Female,civil,2.7,73.3,6.5,4.8,13.0,71.2,Yes,63.6,Placed
STU09223,Female,Commerce,4.7,70.9,6.0,4.3,13.0,74.1,Yes,76.0,Placed
STU05582,Male,CSE,1.9,63.2,8.2,5.9,14.0,50.0,No,53.4,Not Placed
STU02301,Female,IT,3.7,90.2,5.7,6.5,14.0,49.4,No,50.1,Not Placed
STU04361,Male,Mechanical,2.2,95.1,7.8,6.0,13.0,77.7,No,68.7,Placed
STU03096,Female,CSE,2.0,64.6,5.2,2.7,9.0,50.8,Yes,46.7,Not Placed
STU09357,Male,ECE,4.4,86.7,6.4,4.5,9.0,71.3,No,55.6,Not Placed
STU08093,Male,Commerce,,84.4,7.5,2.4,15.0,79.4,No,77.9,Placed
STU00919,Female,Civil,4.4,93.7,7.3,3.0,20.0,79.8,No,82.1,Placed
STU05161,Male,Civil,5.3,77.4,6.9,3.5,13.0,57.0,No,64.2,Not Placed
STU08900,Male, IT ,2.1,66.8,7.1,5.4,6.0,43.2,No,39.5,Not Placed
STU02602,Male,ECE,3.7,99.4,6.2,2.4,20.0,83.2,No,79.6,Placed
STU03634,Female,CSE,5.3,86.9,9.2,7.3,12.0,57.7,No,60.1,Not Placed
STU05098,Male,ECE,5.0,94.2,7.5,3.6,19.0,86.9,No,93.3,Placed
STU04631,Male,IT,3.7,70.9,5.3,5.0,7.0,34.7,Yes,39.8,Not Placed
STU09794,Male,Mechanical,1.6,53.9,5.7,4.3,6.0,31.0,Yes,43.0,Not Placed
STU04171,Female,CSE,5.0,95.5,4.9,5.0,19.0,75.6,Yes,85.6,Placed
STU01889,Male,Commerce,1.8,60.7,6.8,4.6,7.0,45.2,No,42.0,Not Placed
STU08871,Male,Commerce,3.9,90.5,8.0,3.3,18.0,78.4,No,77.4,Placed
STU05806,Male,IT,4.0,66.5,7.8,6.3,10.0,61.0,Yes,64.4,Placed
STU04862,Female,CSE,4.1,72.3,6.2,4.7,17.0,68.1,No,64.5,Placed
STU06121,Female,Civil,5.0,97.7,8.0,6.2,20.0,89.3,No,90.3,Placed
STU08214,Male,IT,2.6,74.3,6.8,6.3,8.0,61.5,No,51.2,Not Placed
STU01205,Male,Civil,2.7,72.4,7.0,5.3,13.0,45.1,No,42.5,Not Placed
STU06525,Female,Commerce,3.6,63.8,6.2,3.1,14.0,63.6,No,70.0,Placed
STU02674,Male,Commerce,,56.1,,3.3,16.0,75.1,No,61.6,Not Placed
STU05626,Male,Commerce,6.8,84.5,5.9,3.2,15.0,53.9,Yes,78.4,Placed
STU07358,Male,CSE,5.3,71.2,5.4,4.8,6.0,58.2,No,57.2,Placed
STU06632,Female,Mechanical,2.3,64.6,5.6,3.9,10.0,44.8,No,39.0,Not Placed
STU03248,Male,Civil,3.4,75.4,5.9,7.2,13.0,51.7,No,54.6,Not Placed
STU09583,Male,CSE,4.2,76.7,6.2,3.4,14.0,70.9,No,69.2,Placed
STU04391,Male,Mechanical,2.1,87.5,6.9,,11.0,59.4,Yes,60.4,Placed
STU06074,Male,Mechanical,6.6,85.7,6.8,4.1,14.0,54.0,No,67.8,Not Placed
STU08521,Male,Civil,2.8,,8.3,5.0,14.0,81.7,No,65.7,Placed
STU00811,Female,Commerce,4.8,73.1,7.4,3.1,11.0,65.9,No,60.8,Placed
STU06786,Female,Commerce,4.0,62.7,7.7,5.3,8.0,40.9,No,51.5,Not Placed
STU09945,Male,Mechanical,2.2,78.9,7.2,4.2,18.0,68.8,No,66.2,Placed
STU01369,Female,Mechanical,5.2,100.0,5.5,3.8,12.0,72.2,No,75.4,Placed
STU01521,Male,CSE,2.3,66.9,6.2,5.0,8.0,54.4,Yes,50.3,Not Placed
STU09669,Male,ECE,4.9,84.1,7.1,4.1,14.0,70.7,Yes,71.9,Placed
STU01206,Male,IT,2.8,67.9,7.4,5.7,7.0,56.1,No,51.3,Not Placed
STU07239,Male,ECE,6.3,75.7,6.0,3.4,17.0,93.1,No,78.3,Placed
STU02333,Male,Civil,2.0,72.6,5.8,4.8,14.0,,Yes,59.4,Placed
STU04035,Female,CSE,0.4,65.6,8.0,4.2,12.0,57.1,Yes,47.6,Not Placed
STU03850,Male,Commerce,3.7,70.3,7.4,4.8,10.0,44.5,Yes,43.7,Not Placed
STU04227,Male,Mechanical,4.7,81.4,6.2,4.4,19.0,61.8,No,68.2,Placed
STU00860,Male,Civil,3.1,82.0,7.5,3.1,12.0,70.4,Yes,67.2,Placed
STU02034,Male,Commerce,3.4,69.5,6.2,4.0,13.0,57.2,No,61.2,Not Placed
STU01316,Male,ECE,1.3,72.2,9.2,4.2,19.0,,Yes,69.2,Placed
STU07123,Male,IT,2.9,61.1,9.7,6.2,0.0,37.8,No,25.4,Not Placed
STU04720,Male,IT,5.4,71.0,6.2,5.4,9.0,56.5,No,65.8,Not Placed
STU07639,Male,CSE,2.8,75.8,5.7,2.5,14.0,62.4,No,62.7,Placed
STU04785,Female,IT,2.6,59.7,6.6,,12.0,62.0,Yes,47.1,Not Placed
STU00056,Male,ECE,2.4,72.0,6.2,5.7,13.0,59.0,No,52.2,Not Placed
STU01367,Male,CSE,1.5,79.4,7.1,3.1,4.0,46.8,No,46.7,Not Placed
STU07294,Female,CSE,1.7,64.0,,2.5,11.0,63.5,Yes,46.9,Not Placed
STU03925,Male,ECE,0.0,61.5,8.0,5.1,10.0,58.5,Yes,47.5,Not Placed
STU07505,Female,,4.9,73.1,9.4,4.1,19.0,63.8,No,71.2,Placed
STU02507,Male,Civil,5.4,77.2,,3.5,17.0,83.2,No,80.7,Placed
STU07200,Female,Commerce,2.0,83.7,6.4,2.6,20.0,63.2,No,68.5,Placed
STU05876,Male,Civil,3.7,77.6,5.8,5.7,14.0,62.9,No,69.6,Not Placed
STU07459,Male,CSE,2.1,71.1,7.3,6.0,10.0,46.0,Yes,46.3,Not Placed
STU01574,Male,Civil,6.5,85.9,6.9,5.0,16.0,69.3,No,79.5,Placed
STU04889,Male,Civil,2.0,80.8,8.1,5.5,14.0,52.9,No,52.2,Not Placed
STU00309,Female,IT,4.2,85.6,6.5,6.2,14.0,68.5,Yes,59.4,Placed
STU06508,Female,Civil,1.1,63.0,7.6,4.8,14.0,68.7,Yes,61.2,Placed
STU00580,Female,Mechanical,3.1,81.9,7.2,3.2,12.0,67.3,No,68.9,Not Placed
STU01706,Male,Commerce,6.8,80.4,8.7,3.3,20.0,90.7,Yes,87.1,Placed
STU07277,Female,IT,,76.8,7.4,4.0,20.0,94.3,Yes,82.2,Placed
STU06652,Male,Mechanical,4.1,76.0,5.8,3.6,11.0,59.2,No,71.1,Not Placed
STU05108,Male,Mechanical,2.8,64.2,7.8,7.2,11.0,56.5,No,49.5,Not Placed
STU08722,Female,IT,8.0,99.4,8.9,1.3,20.0,83.3,No,86.1,Placed
STU02995,Male,CSE,5.2,75.3,6.9,4.8,14.0,51.1,No,68.4,Not Placed
STU07179,Male,Civil,4.2,77.8,7.3,1.4,17.0,73.7,Yes,73.5,Placed
STU05131,Male,IT,1.4,65.8,7.1,6.4,13.0,51.5,Yes,56.0,Not Placed
STU05901,Female,IT,5.9,76.6,7.6,3.8,12.0,62.4,No,73.3,Placed
STU00697,Male,IT,,56.1,6.5,7.1,2.0,,Yes,23.7,Not Placed
STU06478,Female,Civil,2.4,60.4,6.0,5.2,9.0,40.8,Yes,42.9,Not Placed
STU06956,Male,ECE,3.0,67.1,8.4,4.4,12.0,67.4,No,54.2,Not Placed
STU06333,Female,Mechanical,2.2,74.9,4.5,3.7,11.0,58.0,No,46.7,Not Placed
STU08780,Male, CSE ,3.1,71.2,6.1,1.1,15.0,73.2,Yes,64.6,Placed
STU07064,Male,ECE,2.3,67.1,6.4,4.4,14.0,69.9,No,56.6,Not Placed
STU05804,Female,Mechanical,6.9,91.5,7.2,1.8,17.0,62.7,Yes,73.6,Placed
STU00958,Male,Commerce,5.2,90.4,5.5,2.3,20.0,91.8,No,82.9,Placed
STU05915,Male, ECE ,0.0,83.0,8.2,3.6,20.0,74.6,No,72.6,Placed
STU07007,Female,Civil,1.0,53.3,5.9,6.5,7.0,27.7,Yes,27.5,Not Placed
STU05270,Male,Mechanical,5.5,81.1,9.8,4.9,10.0,51.4,No,53.9,Not Placed
STU06072,Male,CSE,,57.5,6.1,3.4,6.0,50.5,Yes,52.3,Not Placed
STU00354,Female,CSE,5.4,74.8,8.1,3.8,13.0,55.5,Yes,64.2,Not Placed
STU04828,Male,IT,5.8,76.4,5.2,4.8,17.0,49.5,Yes,53.9,Placed
STU04799,Female,CSE,2.3,61.3,7.0,4.7,12.0,50.4,No,42.5,Not Placed
STU09598,Female,CSE,3.6,91.3,7.8,5.0,11.0,61.7,Yes,68.6,Placed
STU06759,Male,CSE,5.7,87.6,6.7,6.1,15.0,90.3,Yes,73.3,Placed
STU08755,Male,MECHANICAL,3.0,82.5,6.3,5.4,14.0,72.5,No,66.8,Not Placed
STU08669,Female,CSE,1.2,67.7,8.8,5.5,11.0,64.7,No,59.2,Placed
STU07282,Female,Commerce,4.2,61.5,6.4,4.0,11.0,62.1,No,60.7,Not Placed
STU03247,Female,Mechanical,2.7,67.5,4.3,5.1,8.0,42.0,No,39.9,Not Placed
STU00502,Female,Mechanical,6.2,80.7,7.1,0.2,11.0,73.3,Yes,78.3,Placed
STU09318,Male,Mechanical,0.5,47.8,6.5,2.8,6.0,44.2,No,29.6,Not Placed
STU09653,Female,Civil,6.9,82.9,5.6,4.5,15.0,59.3,No,73.5,Placed
STU01008,Male,Commerce,4.1,74.9,5.3,3.0,12.0,64.1,No,64.9,Not Placed
STU07153,Female,IT,5.6,88.1,5.1,2.3,17.0,60.4,Yes,63.1,Placed
STU02172,Male,IT,3.6,73.1,5.0,5.7,8.0,66.5,Yes,65.4,Placed
STU05384,Female,Commerce,4.3,85.5,5.5,5.1,17.0,58.8,Yes,57.7,Not Placed
STU04465,Female,ECE,0.0,66.1,7.8,4.2,14.0,63.8,No,50.7,Not Placed
STU09606,Male,IT,3.1,77.7,7.0,4.4,17.0,50.6,No,50.9,Placed
STU01319,Male,ECE,2.7,73.2,6.8,5.6,12.0,47.2,No,50.8,Not Placed
STU04590,Male,ECE,0.0,47.4,6.1,6.0,8.0,62.9,No,46.6,Not Placed
STU04430,Male,Civil,4.1,,7.4,5.5,10.0,44.6,No,49.8,Not Placed
STU01476,Female,ECE,4.7,86.9,6.9,3.0,,59.4,Yes,64.3,Placed
STU06933,Male,Civil,2.2,72.7,7.8,6.5,15.0,62.1,Yes,51.0,Placed
STU05318,Female,CSE,5.6,85.7,6.8,1.1,20.0,72.4,No,90.0,Placed
STU08039,Male,Mechanical,3.8,79.0,7.2,7.0,14.0,54.8,No,52.1,Not Placed
STU09086,Male,Commerce,5.2,89.6,7.7,4.3,11.0,71.1,Yes,63.7,Placed
STU05832,Male,Commerce,3.0,86.9,7.5,,16.0,74.5,Yes,73.5,Placed
STU04164,Female,Civil,3.8,68.5,7.2,4.6,8.0,46.7,No,52.9,Not Placed
STU08096,Male,CSE,4.0,66.3,7.6,3.8,12.0,,Yes,64.6,Placed
STU01614,Male,Civil,2.6,69.3,8.1,5.6,14.0,61.7,No,56.9,Placed
STU05269,Female,IT,3.9,86.3,6.3,4.2,20.0,77.4,No,71.9,Placed
STU00426,Female,IT,1.8,69.7,8.1,,10.0,62.0,No,51.1,Not Placed
STU07747,Male,Commerce,4.2,80.3,7.0,6.1,14.0,85.9,No,85.3,Placed
STU08798,Female,Commerce,5.8,85.2,8.1,2.2,15.0,72.8,No,76.4,Placed
STU08392,Male,Civil,3.1,74.8,6.6,3.7,15.0,46.3,Yes,63.5,Placed
STU08552,Male,CSE,3.6,92.4,7.4,4.3,15.0,54.0,Yes,67.9,Placed
STU00144,Male,CSE,3.7,86.3,6.6,8.6,13.0,58.1,No,54.9,Placed
STU03821,Male,ECE,5.0,89.0,7.2,1.9,16.0,71.2,Yes,82.6,Placed
STU07725,Female,CSE,4.5,79.8,6.4,5.3,12.0,50.1,No,53.0,Not Placed
STU04346,Male,IT,5.4,85.7,,1.6,20.0,53.3,Yes,70.0,Placed
STU08497,Female,CSE,4.9,83.5,6.9,3.1,11.0,64.8,No,66.6,Placed
STU04789,Male,ECE,4.1,85.8,6.3,3.7,15.0,96.5,No,87.2,Placed
STU07662,Male,Commerce,3.9,86.8,9.6,3.6,19.0,61.3,No,76.7,Placed
STU09872,Male,IT,2.9,75.5,4.6,5.0,13.0,66.1,Yes,52.2,Not Placed
STU04682,Male,CSE,4.9,76.5,7.4,3.3,13.0,70.4,No,74.9,Placed
STU05370,Female,Commerce,5.5,96.9,8.3,2.4,20.0,87.6,No,93.0,Placed
STU02310,Female,Civil,3.3,80.6,7.0,2.8,15.0,70.6,Yes,73.3,Placed
STU02113,Female,CSE,2.3,85.4,6.3,2.8,17.0,57.5,No,67.1,Placed
STU00835,Male,IT,0.0,59.1,7.5,6.4,11.0,56.6,No,45.6,Not Placed
STU00594,Male,IT,4.4,68.5,7.1,5.8,8.0,42.3,No,49.3,Not Placed
STU07733,Male,IT,2.4,71.8,7.6,5.5,15.0,41.8,Yes,58.8,Placed
STU05009,Male,CIVIL,3.0,81.2,5.2,9.2,8.0,54.3,Yes,47.2,Not Placed
STU02132,Male,Commerce,5.2,95.5,7.2,2.5,20.0,90.7,No,86.0,Placed
STU00766,Male,CSE,1.5,53.0,7.3,8.5,4.0,52.2,No,33.8,Not Placed
STU09215,Female,IT,1.6,70.7,6.7,6.1,9.0,37.3,No,44.0,Not Placed
STU00147,Male,CSE,3.9,67.8,7.5,3.7,12.0,72.0,No,71.4,Placed
STU00395,Male,IT,5.8,82.6,4.7,2.7,19.0,59.6,No,67.4,Placed
STU07702,Male,CSE,3.6,80.5,7.8,5.5,11.0,51.5,No,50.0,Placed
STU03809,Female,CSE,2.9,72.4,8.0,4.3,12.0,54.9,No,49.6,Not Placed
STU08238,Male,Mechanical,,70.4,5.4,4.6,12.0,72.5,No,67.6,Not Placed
STU07722,Male,ECE,,83.3,7.2,5.2,11.0,65.5,No,56.1,Not Placed
STU03495,Female,IT,,85.5,6.3,3.0,18.0,84.2,Yes,85.2,Placed
STU02185,Female,IT,1.0,67.9,6.2,8.6,6.0,47.6,Yes,38.5,Not Placed
STU03337,Female,CSE,5.7,90.4,4.9,3.7,14.0,63.5,No,66.3,Placed
STU02160,Female,,3.9,64.1,8.6,5.4,9.0,55.1,Yes,58.7,Not Placed
STU06733,Male,Mechanical,1.5,57.9,7.6,4.6,7.0,54.6,No,52.6,Not Placed
STU07486,Female,IT,4.3,80.4,6.8,4.7,14.0,74.1,Yes,77.7,Placed
STU05713,Male,IT,2.7,89.5,7.1,3.7,12.0,57.9,No,57.7,Placed
STU03411,Female,Civil,3.6,55.5,6.8,5.1,5.0,42.6,No,41.0,Not Placed
STU08993,Female,ECE,1.9,62.1,6.7,6.3,13.0,66.6,No,64.1,Placed
STU03498,Male,Mechanical,1.4,81.2,7.0,5.7,16.0,72.7,Yes,62.6,Not Placed
STU02072,Female,Civil,2.3,54.9,3.9,3.3,,44.4,No,39.7,Not Placed
STU01368,Female,IT,5.2,90.4,6.6,2.6,,68.1,No,71.7,Placed
STU02365,Male,ECE,8.1,100.0,7.3,4.9,20.0,93.8,No,95.7,Placed
STU07710,Male,Commerce,4.6,79.5,6.7,5.5,12.0,62.0,No,67.1,Placed
STU09836,Female,IT,3.4,68.9,6.0,6.0,9.0,41.8,No,43.1,Not Placed
STU03513,Male,CSE,3.8,58.5,7.3,3.8,10.0,56.6,No,60.1,Not Placed
STU06365,Male,Mechanical,3.0,72.1,8.0,6.8,9.0,55.4,No,54.5,Not Placed
STU03502,Male,Civil,4.9,83.1,5.0,1.6,20.0,64.2,Yes,76.0,Placed
STU04575,Male,ECE,4.7,75.5,7.4,4.5,17.0,76.0,Yes,80.3,Placed
STU03142,Female,CSE,6.3,98.4,7.8,4.0,20.0,100.0,Yes,100.0,Placed
STU06042,Male,CSE,2.1,64.2,,0.9,11.0,61.1,Yes,53.9,Placed
STU01248,Male,ECE,1.9,56.8,7.7,6.4,8.0,44.3,No,41.8,Not Placed
STU00075,Male,CSE,6.7,87.4,5.3,2.4,14.0,,No,77.9,Not Placed
STU05861,Female,ECE,4.9,88.4,8.4,3.4,13.0,78.4,No,72.4,Not Placed
STU07335,Male,ECE,18.8,78.5,7.1,5.1,10.0,54.4,No,56.7,Not Placed
STU02397,Male,Civil,3.3,69.0,7.2,3.7,,57.6,Yes,59.9,Placed
STU08306,Male,ECE,4.2,83.5,8.0,5.1,12.0,74.2,Yes,81.1,Placed
STU00987,male,CSE,5.5,70.1,7.6,6.2,7.0,56.3,No,60.1,Not Placed
STU08348,Female,Civil,5.6,85.1,5.9,5.2,13.0,64.6,No,67.8,Not Placed
STU04844,Male,CSE,2.0,69.4,6.5,3.5,9.0,49.2,No,45.5,Placed
STU05960,Female,IT,2.8,76.9,6.8,2.3,18.0,80.3,Yes,77.6,Placed
STU08415,Male,Mechanical,3.7,84.2,6.1,4.5,14.0,65.5,Yes,61.2,Not Placed
STU05599,Male,CSE,5.8,85.0,6.7,4.7,14.0,64.6,Yes,76.9,Placed
STU05762,Male,Commerce,4.5,89.4,7.9,4.1,18.0,68.8,No,75.2,Placed
STU07700,Male,Mechanical,0.6,83.3,6.4,3.9,16.0,72.5,Yes,64.8,Not Placed
STU04132,Male,it,3.7,78.3,6.4,6.3,15.0,44.2,Yes,59.8,Placed
STU01762,Female,Civil,3.6,76.8,6.3,5.9,9.0,59.6,Yes,50.4,Not Placed
STU04264,Female,CSE,4.3,80.9,5.0,3.0,19.0,72.6,No,70.1,Placed
STU04213,Female,Mechanical,4.1,94.3,7.8,2.8,14.0,70.8,Yes,69.7,Not Placed
STU04044,Male,Mechanical,2.3,62.8,5.8,6.0,6.0,37.2,No,33.1,Not Placed
STU00531,Female,Commerce,1.1,67.6,6.3,4.1,14.0,52.0,Yes,43.4,Not Placed
STU09614,Male,CSE,3.3,80.0,7.2,,20.0,72.5,No,77.1,Not Placed
STU05125,Female,Mechanical,3.3,79.7,6.7,4.3,9.0,50.3,No,53.2,Not Placed
STU03955,Male,CSE,,73.2,6.1,4.2,13.0,56.3,Yes,52.3,Not Placed
STU07815,Female,ECE,3.1,75.8,6.4,0.3,9.0,52.8,Yes,51.4,Placed
STU05064,Male,Civil,2.4,82.4,6.4,3.8,13.0,54.4,No,62.2,Not Placed
STU05721,Female,ECE,2.9,74.8,8.1,3.0,13.0,53.0,Yes,52.5,Not Placed
STU00224,Female,Commerce,3.4,76.9,8.6,5.9,9.0,56.7,No,56.3,Not Placed
STU07908,Female,Commerce,,61.4,5.5,4.0,10.0,47.3,Yes,40.0,Not Placed
STU09724,Male,ECE,4.2,87.5,7.8,4.0,16.0,81.0,No,86.5,Placed
STU01780,Male,Commerce,5.3,92.0,3.5,2.8,18.0,85.8,Yes,74.4,Placed
STU01026,Male,CSE,3.2,79.5,5.5,4.7,13.0,47.1,Yes,58.6,Not Placed
STU06569,Male,,4.5,71.2,8.6,3.6,9.0,55.0,Yes,47.0,Placed
STU03779,Female,Mechanical,4.4,88.4,9.0,4.0,11.0,48.3,Yes,61.3,Not Placed
STU08274,Male,Commerce,6.8,83.6,8.4,0.2,17.0,74.3,No,88.6,Placed
STU08764,Male,CSE,2.7,66.8,8.0,4.9,8.0,38.9,No,55.7,Not Placed
STU02717,Male,IT,2.2,65.7,8.1,3.8,16.0,65.6,No,68.7,Placed
STU06207,Female,Civil,,100.0,7.5,3.4,19.0,86.6,Yes,98.6,Placed
STU08695,Male,ECE,2.8,78.7,9.8,4.1,16.0,69.0,No,66.9,Placed
STU06994,Female,CSE,2.7,72.2,8.0,4.9,16.0,60.3,Yes,69.3,Placed
STU03483,Female,CSE,4.6,91.9,6.1,4.0,15.0,70.7,Yes,69.1,Placed
STU04654,Male,CSE,2.1,68.5,6.2,4.2,10.0,63.4,No,50.3,Not Placed
STU03403,Male,CSE,2.3,89.1,,5.8,14.0,48.9,Yes,49.7,Not Placed
STU06254,Female,Commerce,5.3,82.9,7.3,3.8,11.0,64.8,No,81.7,Placed
STU05726,Male,Mechanical,3.9,82.9,6.6,4.1,15.0,53.8,Yes,53.3,Placed
STU06795,Female,Commerce,3.2,,6.8,3.1,12.0,,Yes,69.6,Placed
STU03870,Female,CSE,3.2,65.5,5.7,2.8,14.0,76.0,No,62.6,Not Placed
STU05742,Female,CSE,6.1,87.3,7.2,3.4,19.0,74.9,Yes,86.6,Placed
STU05801,Male,Commerce,,84.8,5.4,4.9,11.0,62.9,No,54.3,Not Placed
STU01379,Male,Commerce,3.9,87.8,5.8,6.2,18.0,61.2,No,67.2,Placed
STU07399,Male,Mechanical,4.2,70.4,6.5,6.9,11.0,52.5,No,46.2,Not Placed
STU01552,Female,Commerce,1.9,,6.3,5.5,12.0,48.5,No,49.6,Not Placed
STU03137,Male,CSE,2.9,81.6,5.0,4.1,18.0,62.2,No,53.2,Placed
STU08504,Female,CSE,3.4,58.7,7.2,3.4,3.0,39.1,No,43.8,Not Placed
STU01632,Female,IT,5.2,81.7,6.4,6.2,14.0,,Yes,54.4,Placed
STU04261,Female,IT,0.0,71.1,9.7,5.8,13.0,58.0,Yes,41.5,Placed
STU04454,Female,CSE,3.7,73.6,5.8,2.5,14.0,62.9,No,65.4,Placed
STU06505,Male,Mechanical,6.1,89.2,8.5,3.5,17.0,67.1,No,76.1,Not Placed
STU03811,Male,ECE,5.5,86.1,7.9,4.2,15.0,68.4,No,72.9,Placed
STU05467,Female,Civil,4.8,82.0,5.5,3.6,17.0,57.9,Yes,67.8,Placed
STU09447,Female,CSE,2.8,60.4,6.5,4.9,13.0,44.7,No,45.4,Not Placed
STU05924,Female,CSE,2.3,62.6,7.7,4.8,9.0,44.0,No,47.9,Not Placed
STU00129,Female,CSE,1.2,71.0,7.0,5.3,13.0,,No,51.6,Not Placed
STU01010,Female,IT,2.1,70.8,8.3,3.2,14.0,79.9,No,69.4,Placed
STU01291,Male,IT,2.5,70.8,8.0,5.7,13.0,71.3,Yes,63.9,Placed
STU05343,Male,IT,2.4,61.3,6.3,3.3,10.0,66.0,No,53.3,Not Placed
STU00202,Male,Mechanical,3.7,86.3,8.2,1.9,18.0,77.2,Yes,77.1,Placed
STU03696,Male,CSE,,67.5,7.5,6.2,8.0,46.9,No,32.9,Not Placed
STU07441,Female,ECE,1.2,53.1,7.5,5.8,8.0,47.7,Yes,49.8,Not Placed
STU09848,Male,IT,5.6,,8.0,3.3,10.0,65.2,Yes,71.3,Not Placed
STU05518,Female,Civil,4.9,90.7,7.5,1.2,20.0,83.1,Yes,86.2,Placed
STU05914,Male,Civil,4.3,68.5,7.3,4.2,9.0,66.7,Yes,57.3,Placed
STU00955,Male,Commerce,5.0,70.0,6.6,4.1,7.0,47.6,Yes,48.8,Not Placed
STU04021,Female,,3.4,85.8,9.5,5.0,16.0,55.3,No,48.9,Placed
STU02362,Female,Civil,2.2,70.9,5.9,6.2,11.0,48.5,Yes,43.9,Not Placed
STU08150,Female,CSE,1.5,68.1,6.0,6.7,13.0,60.1,No,55.4,Not Placed
STU04690,Female,CSE,0.6,63.8,5.6,3.7,9.0,70.8,No,60.8,Not Placed
STU08395,Female,IT,5.5,,5.1,5.4,16.0,78.7,No,74.1,Placed
STU08022,Male,Civil,4.8,70.7,8.8,6.2,8.0,45.3,No,61.0,Not Placed
STU00983,Male,ECE,1.6,74.1,5.4,6.7,14.0,,No,43.9,Not Placed
STU03697,Female,CSE,3.8,78.1,5.5,2.2,12.0,52.4,Yes,58.8,Placed
STU06143,Female,Mechanical,5.4,83.4,5.6,5.1,17.0,84.0,Yes,80.0,Placed
STU06077,Male,Mechanical,6.5,95.4,7.7,1.6,20.0,85.9,No,90.7,Placed
STU02381,Male,ECE,2.9,85.4,6.2,4.3,12.0,56.3,No,56.3,Not Placed
STU02487,Male,ECE,3.4,85.0,6.8,3.1,13.0,59.7,Yes,63.0,Placed
STU06471,Male,CSE,5.1,95.4,7.7,5.7,16.0,66.5,No,75.9,Placed
STU03207,Female,Mechanical,2.5,70.4,8.8,,14.0,66.1,No,69.2,Placed
STU05959,Male,Commerce,3.9,67.1,6.8,7.1,7.0,31.8,No,45.0,Not Placed
STU03090,Male,Civil,2.2,77.8,5.8,3.2,14.0,71.4,No,64.3,Placed
STU06167,Male,ECE,4.0,83.3,6.9,5.0,13.0,76.2,No,73.8,Placed
STU01188,Male,IT,1.4,77.9,6.3,7.2,14.0,60.1,No,66.4,Not Placed
STU06426,Female,Mechanical,3.5,84.7,9.3,4.8,18.0,74.1,No,57.9,Placed
STU06439,Female,CSE,5.3,96.0,7.0,3.9,13.0,76.7,No,87.5,Placed
STU04448,Male,CSE,2.9,74.6,7.1,4.7,13.0,57.3,Yes,58.0,Placed
STU07500,Female,Commerce,0.6,53.6,6.7,3.6,4.0,42.3,Yes,29.4,Not Placed
STU03920,Female,CSE,2.4,88.7,4.7,5.3,12.0,76.6,No,66.1,Placed
STU01596,Female,IT,3.6,71.0,5.8,4.8,12.0,65.5,No,56.8,Not Placed
STU04093,Female,IT,1.6,,5.3,6.1,11.0,57.0,No,50.9,Not Placed
STU08235,Female,ECE,5.2,71.2,7.0,3.6,12.0,59.5,Yes,62.2,Placed
STU09919,Male,Mechanical,3.0,71.7,6.4,4.8,16.0,44.6,Yes,48.6,Not Placed
STU06246,Male,Commerce,4.9,90.0,7.9,7.1,17.0,51.5,Yes,71.1,Placed
STU03348,Male,Commerce,2.6,64.7,6.0,4.0,16.0,68.2,Yes,66.8,Placed
STU09530,Male,CSE,2.3,,6.4,6.5,7.0,55.0,Yes,49.8,Not Placed
STU05169,Female,Mechanical,,60.9,6.0,7.6,16.0,73.6,No,64.6,Placed
STU01274,Male,Commerce,4.9,89.1,6.1,5.0,14.0,72.7,Yes,79.5,Placed
STU00575,Female,Commerce,3.9,75.1,5.9,5.7,16.0,66.1,No,63.5,Placed
STU00145,male,CSE,3.6,61.6,4.4,5.4,9.0,57.4,No,47.4,Not Placed
STU06273,Female,ECE,3.6,86.9,5.6,3.6,,70.0,Yes,65.0,Placed
STU08062,Female,CSE,3.8,78.1,6.8,5.8,10.0,57.9,No,53.1,Not Placed
STU06144,Female,IT,2.1,69.3,8.3,1.9,12.0,60.2,No,55.2,Not Placed
STU02621,Female,CSE,2.7,67.4,7.2,4.8,11.0,44.1,No,47.0,Placed
STU04915,Female,Commerce,5.5,87.4,7.1,1.6,15.0,80.2,Yes,76.1,Placed
STU05995,Male,CSE,3.6,72.9,6.5,5.2,10.0,54.8,Yes,67.9,Placed
STU09648,Female,IT,4.4,89.2,5.1,4.7,18.0,67.1,Yes,63.2,Placed
STU04972,Female,Mechanical,3.0,57.8,6.9,4.2,9.0,47.9,No,54.4,Not Placed
STU02771,Female,IT,7.4,88.6,7.5,3.3,18.0,85.8,Yes,88.5,Placed
STU04890,Female,IT,4.6,84.0,7.3,5.7,15.0,72.4,No,67.8,Placed
STU07323,Female,IT,3.1,90.5,7.4,2.9,19.0,78.3,Yes,76.9,Placed
STU07506,Male,Commerce,4.2,68.7,6.1,4.6,13.0,57.0,Yes,53.8,Not Placed
STU00989,Female,ECE,3.4,71.3,6.6,4.5,12.0,52.0,Yes,50.2,Placed
STU09425,Male,ECE,1.8,75.2,7.1,4.4,16.0,43.2,No,62.1,Not Placed
STU04481,Male,,7.0,89.0,5.2,5.3,13.0,53.8,Yes,66.2,Not Placed
STU07978,Female,IT,4.4,87.6,9.1,2.0,10.0,59.0,No,68.6,Placed
STU03851,Female,Civil,6.5,80.4,7.0,2.7,13.0,67.6,No,82.2,Not Placed
STU06223,Male,,2.0,73.7,6.2,4.5,12.0,58.4,No,49.5,Not Placed
STU06685,Male,CSE,3.6,77.4,6.2,3.9,9.0,68.1,Yes,67.1,Placed
STU03566,Female,IT,,84.2,6.9,1.4,15.0,80.6,No,81.0,Placed
STU06504,Male,Commerce,3.0,74.0,7.3,,18.0,63.0,Yes,67.8,Placed
STU03888,Female,CSE,4.3,61.6,7.0,5.3,10.0,53.7,Yes,56.8,Placed
STU03297,Male,Civil,4.3,70.2,6.6,5.8,15.0,68.6,Yes,69.7,Not Placed
STU04404,Male,ECE,4.1,82.5,5.3,2.9,16.0,73.2,No,64.9,Not Placed
STU03462,Female,CSE,1.6,74.4,7.3,4.9,8.0,41.6,No,41.8,Not Placed
STU04910,Female,IT,2.5,79.5,6.2,3.8,13.0,59.0,Yes,69.6,Placed
STU04138,Female,CSE,3.3,73.3,5.6,3.9,15.0,63.5,No,56.5,Not Placed
STU08698,Female,Civil,2.4,68.0,8.0,3.2,18.0,64.6,No,59.6,Not Placed
STU07957,Female,civil,4.3,85.9,,4.8,10.0,63.5,No,66.6,Not Placed
STU08778,Male,CSE,3.4,66.5,5.3,4.4,9.0,,Yes,40.3,Not Placed
STU08029,Male,Commerce,3.7,74.3,6.7,4.2,14.0,52.5,No,59.5,Not Placed
STU04795,Female,CSE,4.9,82.1,5.9,3.9,16.0,66.1,No,63.0,Placed
STU00726,Female,CSE,5.3,85.0,6.9,4.9,17.0,75.9,No,80.0,Placed
STU06064,Male,CSE,4.4,75.2,6.6,3.0,13.0,66.6,No,67.9,Placed
STU02052,Female,CSE,2.6,58.2,5.6,4.6,11.0,48.2,No,45.3,Not Placed
STU05784,Male,CSE,4.1,69.5,5.3,2.1,11.0,52.0,No,57.6,Not Placed
STU04312,Female,ECE,3.8,71.1,7.3,2.0,14.0,60.8,No,65.6,Not Placed
STU02147,Male, Civil ,4.3,73.0,7.8,7.9,8.0,64.3,Yes,57.2,Placed
STU02697,Male,Civil,3.8,79.6,7.1,6.3,18.0,70.2,No,67.0,Placed
STU02483,Male,ECE,3.0,74.4,6.2,4.2,11.0,,No,57.6,Not Placed
STU01371,Female,IT,4.1,70.0,6.2,3.5,9.0,45.6,No,61.4,Not Placed
STU01567,Female,CSE,3.6,54.5,7.6,4.9,12.0,,Yes,49.0,Not Placed
STU07417,Female,CSE,1.2,70.0,,5.9,15.0,48.6,Yes,53.0,Placed
STU01173,Male,Civil,2.4,68.3,6.4,4.3,12.0,57.1,No,45.8,Not Placed
STU01517,male,Civil,4.8,75.0,8.6,4.8,13.0,43.5,Yes,57.1,Placed
STU06845,Female,ECE,2.8,,5.2,4.7,12.0,59.6,No,42.3,Not Placed
STU05863,Male,Mechanical,2.9,70.3,6.1,4.6,9.0,44.7,Yes,59.5,Not Placed
STU03628,Female,IT,4.0,74.6,7.5,4.3,9.0,39.7,No,47.4,Not Placed
STU03309,Female,Commerce,0.0,67.7,,6.1,7.0,41.6,No,31.9,Not Placed
STU03732,Female,Mechanical,5.3,83.5,4.1,3.1,16.0,65.2,No,74.1,Placed
STU01038,Female,Civil,3.8,67.5,9.1,3.6,11.0,51.9,No,54.5,Not Placed
STU02438,Female,IT,4.4,,7.8,,13.0,54.5,No,59.3,Not Placed
STU03000,Male,Mechanical,1.7,72.4,7.1,6.1,10.0,51.5,No,45.6,Not Placed
STU01511,Male,CSE,4.2,74.7,7.3,6.1,,,Yes,63.7,Not Placed
STU00412,Male,ECE,1.6,57.4,6.9,5.7,5.0,42.2,No,39.3,Not Placed
STU08957,Female,Commerce,0.8,58.6,7.9,7.1,3.0,30.5,No,26.3,Not Placed
STU07775,Female,IT,0.2,69.9,6.9,8.1,15.0,49.2,No,44.1,Not Placed
STU03260,Female,CSE,3.8,83.1,6.8,5.3,14.0,53.1,No,64.0,Not Placed
STU05393,Female,Commerce,2.8,57.4,8.6,4.8,8.0,41.9,Yes,43.5,Not Placed
STU01318,Male,CSE,4.9,81.6,6.2,5.0,9.0,69.6,Yes,67.2,Not Placed
STU07572,Female,ECE,2.0,63.4,,6.1,15.0,65.9,Yes,61.5,Placed
STU03070,Male,ECE,5.0,71.6,6.2,3.8,7.0,52.5,No,54.1,Not Placed
STU06646,Female,CSE,4.7,77.4,5.0,4.6,10.0,,No,57.4,Placed
STU04672,Female,Commerce,1.5,63.1,5.6,5.0,13.0,57.4,Yes,55.9,Not Placed
STU07988,Female,ECE,2.0,72.5,4.9,5.3,10.0,56.3,No,50.3,Not Placed
STU04855,Male,CSE,3.6,73.7,7.3,4.4,9.0,61.7,No,55.9,Not Placed
STU04891,Female,Mechanical,6.1,78.6,5.4,4.7,18.0,54.8,No,62.6,Not Placed
STU08218,Male,IT,2.4,75.1,5.5,4.6,10.0,45.1,Yes,39.5,Placed
STU03393,Male,Commerce,2.5,65.1,6.3,5.7,9.0,54.9,Yes,51.2,Not Placed
STU05223,Male,IT,2.3,,8.2,3.9,15.0,81.7,Yes,76.2,Placed
STU07674,Female,IT,0.9,61.0,6.5,5.9,11.0,49.4,No,40.2,Not Placed
STU00506,Female,ECE,5.9,81.4,5.0,4.6,19.0,54.9,No,66.3,Not Placed
STU01561,Male,ECE,4.9,71.2,6.1,3.2,12.0,60.1,No,63.0,Placed
STU07539,Female,ECE,1.3,65.2,4.8,6.5,12.0,50.7,No,44.1,Not Placed
STU06611,Female,Mechanical,0.8,63.9,5.6,5.4,5.0,25.0,Yes,24.9,Not Placed
STU07617,Female,Mechanical,5.5,96.2,6.8,3.6,20.0,84.8,No,85.7,Placed
STU06405,Female,ECE,3.1,85.1,5.8,3.9,14.0,55.1,No,65.5,Not Placed
STU08803,Male,CSE,3.7,69.5,7.0,8.6,12.0,60.1,No,48.9,Not Placed
STU01121,Female,ECE,4.8,79.4,7.2,4.9,15.0,67.4,Yes,69.8,Placed
STU09757,Female, Mechanical ,1.6,61.4,8.0,3.2,11.0,61.5,No,55.9,Not Placed
STU04683,Male,ECE,,70.9,5.6,7.5,12.0,53.2,No,56.2,Not Placed
STU04708,Male,CSE,3.1,70.5,8.3,4.9,8.0,66.3,No,73.6,Placed
STU07283,Male,ECE,,87.0,6.7,4.1,19.0,,No,75.2,Not Placed
STU06570,Female,IT,0.0,58.1,7.0,5.2,7.0,,Yes,39.6,Not Placed
STU03942,Female,Mechanical,3.7,70.3,7.7,5.8,12.0,58.7,Yes,58.0,Placed
STU02738,Female,ECE,2.4,66.0,8.6,5.0,12.0,59.1,Yes,61.0,Placed
STU05632,Female,CSE,1.4,73.3,6.4,4.4,19.0,65.5,Yes,66.9,Placed
STU08541,Male,ECE,9.3,96.0,7.7,0.3,16.0,69.2,Yes,84.5,Placed
STU04982,Male,CSE,4.1,81.0,5.6,5.5,14.0,53.2,No,50.8,Not Placed
STU09916,Male,Commerce,2.9,69.2,6.2,2.6,,61.9,No,54.9,Not Placed
STU04879,Female,Commerce,2.8,78.8,6.0,5.5,16.0,74.9,No,67.7,Placed
STU02518,Female,IT,3.8,84.7,6.9,0.6,13.0,82.5,Yes,76.7,Placed
STU07190,male,Commerce,2.1,59.2,7.4,3.7,5.0,50.4,No,40.8,Not Placed
STU02549,Male,ECE,0.0,62.8,5.0,5.9,5.0,51.3,Yes,29.1,Not Placed
STU08854,Male,CSE,0.7,77.4,5.6,6.5,18.0,63.1,Yes,52.2,Placed
STU06554,Female,Commerce,2.8,73.6,4.9,2.7,14.0,65.8,No,63.1,Placed
STU00409,Female,Commerce,2.1,57.6,7.5,8.6,6.0,52.7,No,41.7,Not Placed
STU03392,Female,IT,3.8,62.7,6.6,5.0,3.0,49.5,Yes,38.7,Not Placed
STU08357,Female,ECE,,58.6,5.7,4.0,7.0,39.1,Yes,40.9,Not Placed
STU02292,Female,Civil,5.8,85.3,6.8,2.6,19.0,80.3,Yes,88.3,Placed
STU02337,Male,CSE,6.6,98.0,8.9,1.7,20.0,81.9,Yes,93.8,Placed
STU07823,Female,CSE,5.7,79.8,,6.2,14.0,62.0,No,54.6,Not Placed
STU06069,Male,Mechanical,3.8,75.2,5.0,6.3,12.0,50.6,No,53.0,Not Placed
STU05819,Male,Civil,4.7,79.4,4.0,3.3,,71.8,Yes,78.7,Placed
STU05282,Male,Mechanical,5.1,87.6,7.9,5.8,16.0,55.7,Yes,72.6,Placed
STU03771,Female,Commerce,1.6,64.8,7.0,0.2,13.0,58.6,No,62.0,Not Placed
STU07236,Female,Commerce,2.7,76.2,6.6,5.5,17.0,74.0,No,65.8,Placed
STU05964,Male,CSE,2.2,75.5,7.6,6.9,10.0,67.2,No,58.6,Not Placed
STU05851,Male,CSE,5.3,79.5,4.5,2.8,16.0,77.4,No,80.2,Placed
STU07471,Male,Mechanical,3.3,66.4,8.0,6.0,11.0,56.6,No,47.4,Not Placed
STU05062,Female,ECE,5.6,81.6,7.7,4.2,14.0,93.8,No,81.9,Placed
STU02861,Female,Civil,2.2,59.5,6.6,4.5,9.0,60.6,No,48.9,Not Placed
STU02364,Male,Mechanical,4.0,86.5,6.7,4.6,13.0,66.9,Yes,68.1,Placed
STU04625,Female,IT,4.1,79.2,6.5,4.3,16.0,78.9,No,72.8,Placed
STU07322,Female,Commerce,4.7,65.4,7.3,6.8,11.0,40.6,No,43.3,Not Placed
STU06065,Male,Civil,6.8,95.5,7.7,4.2,20.0,,No,79.9,Placed
STU04124,Female,Civil,6.0,98.5,6.6,4.1,12.0,69.4,No,70.6,Not Placed
STU00275,Male,Mechanical,5.3,89.3,8.3,2.6,20.0,78.0,Yes,91.3,Placed
STU07999,Male,Mechanical,4.0,76.6,8.2,3.8,15.0,69.6,No,70.7,Placed
STU06277,Male,IT,4.8,80.6,7.4,5.6,13.0,71.8,No,69.8,Placed
STU07814,Female, ECE ,6.9,82.4,8.4,5.2,17.0,59.4,Yes,71.8,Not Placed
STU06399,Male,IT,3.0,63.1,6.9,5.0,13.0,53.6,No,57.5,Not Placed
STU03383,Male,IT,4.4,89.1,8.4,2.7,20.0,76.3,No,76.9,Placed
STU06734,Male,ECE,3.3,76.3,6.8,4.9,11.0,57.5,No,50.9,Not Placed
STU09276,Male,Mechanical,5.2,92.4,8.4,6.0,20.0,76.3,No,74.7,Placed
STU03705,Female,ECE,5.5,81.4,8.2,3.0,13.0,61.5,Yes,66.5,Placed
STU00586,Female,CSE,2.2,79.3,7.4,3.1,20.0,92.6,No,75.8,Placed
STU00838,Female,IT,7.1,98.0,7.7,4.5,20.0,87.1,Yes,88.5,Placed
STU04807,Female,Civil,3.1,83.1,6.0,2.9,20.0,94.4,Yes,81.3,Placed
STU04400,Female,Commerce,0.0,57.1,7.0,5.0,7.0,,No,32.1,Not Placed
STU02616,Female,CSE,6.4,78.3,9.7,1.8,10.0,53.0,Yes,65.7,Placed
STU05347,Female,IT,2.7,67.7,,4.9,5.0,48.3,Yes,56.2,Placed
STU07244,Male,ECE,1.7,66.8,6.8,4.7,6.0,51.2,No,45.0,Not Placed
STU01554,Female,Mechanical,2.2,69.9,6.0,4.4,10.0,54.5,No,51.4,Not Placed
STU00817,Female,Commerce,3.0,72.0,6.8,6.8,13.0,35.7,No,43.1,Not Placed
STU00303,Male,Commerce,4.1,86.3,7.1,4.1,12.0,69.9,No,69.2,Not Placed
STU02620,Male,IT,4.0,80.0,5.2,3.3,16.0,85.3,No,74.6,Placed
STU08142,Female,ECE,3.3,76.0,5.4,4.4,14.0,59.5,No,60.2,Placed
STU02486,Female,ECE,4.6,83.3,8.7,0.2,15.0,61.6,No,75.4,Not Placed
STU00567,Male,Commerce,2.8,69.0,6.6,4.2,11.0,52.9,No,49.7,Placed
STU01064,Male,Civil,5.1,69.9,6.8,3.0,17.0,70.8,Yes,70.0,Placed
STU02820,Male,Commerce,5.2,84.4,6.2,,17.0,74.2,No,75.6,Placed
STU00953,Female,ECE,3.0,,7.7,4.6,15.0,77.5,Yes,67.0,Placed
STU00160,Female,CSE,2.3,58.2,6.7,6.2,12.0,53.8,No,50.9,Placed
STU00924,Male,CSE,4.4,,6.4,5.6,12.0,56.8,No,54.8,Not Placed
STU07019,Female,ECE,3.5,59.8,7.6,2.5,10.0,53.5,No,51.9,Not Placed
STU09817,Female,ECE,3.7,73.2,6.1,5.6,16.0,72.1,Yes,59.9,Placed
STU09868,Female,IT,6.2,100.0,6.5,2.2,15.0,82.1,No,78.0,Placed
STU07900,Female,Commerce,3.7,99.6,7.7,5.7,20.0,86.6,Yes,82.6,Placed
STU01840,Male,CSE,1.2,65.2,7.0,4.7,7.0,44.6,Yes,40.4,Not Placed
STU02057,Female,Mechanical,3.7,80.2,4.7,3.6,12.0,58.9,No,55.4,Not Placed
STU08682,Male,ECE,6.6,86.3,5.8,4.4,12.0,79.4,No,69.9,Placed
STU03714,Male,CSE,3.1,,7.4,5.9,17.0,55.8,No,68.2,Placed
STU04926,Female,CSE,4.1,93.0,7.1,4.0,16.0,70.2,Yes,63.7,Placed
STU00386,Female,Mechanical,3.2,56.3,7.7,1.6,7.0,,Yes,48.9,Not Placed
STU02284,Male,CSE,3.5,68.5,5.8,5.4,10.0,66.8,Yes,57.2,Placed
STU01825,Female,CSE,2.6,78.5,7.6,5.9,6.0,,Yes,59.9,Not Placed
STU05485,Male,Mechanical,4.8,84.5,5.5,2.1,14.0,67.8,No,73.9,Not Placed
STU04420,Female,CSE,4.5,87.4,7.5,3.1,20.0,79.2,Yes,81.3,Placed
STU01589,Male,IT,,62.8,7.5,2.5,6.0,53.7,Yes,41.8,Not Placed
STU02872,Male,Commerce,2.0,78.8,5.1,5.3,11.0,48.9,Yes,45.3,Not Placed
STU03349,Male,Commerce,3.0,86.5,6.0,5.0,16.0,55.7,No,67.4,Placed
STU05401,Female,,3.1,76.1,7.6,4.2,11.0,67.7,No,62.9,Placed
STU04090,Female,Civil,4.6,86.8,7.5,3.6,18.0,75.0,Yes,82.0,Placed
STU05889,Male,CSE,4.1,80.0,,2.9,16.0,78.5,No,71.3,Placed
STU09792,Male,ECE,3.6,83.2,7.5,3.5,15.0,76.6,No,71.4,Placed
STU03602,Female,Mechanical,5.1,93.6,5.7,4.9,20.0,100.0,No,83.9,Placed
STU03161,Male,CSE,6.2,72.8,7.5,3.6,10.0,58.9,No,69.7,Not Placed
STU00964,Male,IT,4.6,62.0,7.1,4.5,10.0,55.7,No,51.6,Not Placed
STU00353,Female,Commerce,4.4,81.3,6.8,4.7,9.0,57.1,No,65.1,Not Placed
STU08983,Female,Mechanical,2.6,52.4,5.4,7.7,2.0,51.0,Yes,27.9,Not Placed
STU06587,Female,Commerce,1.4,66.6,5.5,4.8,14.0,66.6,No,58.8,Placed
STU08194,Male,Commerce,3.0,76.4,6.8,4.9,9.0,56.8,Yes,47.8,Not Placed
STU09006,Female,IT,4.5,100.0,6.9,2.2,20.0,98.6,No,90.7,Placed
STU00069,Female,Commerce,4.7,77.4,7.0,3.3,15.0,77.4,Yes,80.3,Placed
STU08596,Male,ECE,4.6,76.6,4.3,4.5,10.0,53.1,No,48.6,Not Placed
STU08117,Female,CSE,6.0,86.3,8.1,3.8,15.0,81.9,No,90.0,Placed
STU07195,Female,Mechanical,0.8,64.5,6.0,6.8,9.0,57.0,No,46.7,Not Placed
STU01162,Male,Mechanical,6.5,93.0,5.7,4.9,13.0,43.1,No,63.2,Not Placed
STU00219,Male,IT,3.2,64.6,6.7,5.0,11.0,64.7,No,54.6,Placed
STU04274,Male,CSE,6.8,98.6,4.8,0.2,17.0,74.6,No,80.1,Placed
STU01201,Male,Commerce,2.0,50.4,7.9,5.5,3.0,42.4,No,32.0,Not Placed
STU06073,Female,IT,5.2,78.3,6.4,3.3,13.0,77.7,Yes,73.1,Placed
STU02916,Male,IT,4.5,95.6,6.8,4.5,18.0,89.5,No,83.4,Placed
STU01757,Female,CSE,2.8,71.2,6.5,4.1,20.0,80.5,No,68.6,Placed
STU03487,Female,CSE,5.1,91.6,8.1,4.9,18.0,64.2,No,69.1,Not Placed
STU06703,Female,IT,3.4,71.3,4.1,4.4,8.0,45.3,No,44.5,Not Placed
STU02720,Female,IT,0.5,66.0,7.2,5.3,7.0,49.9,No,47.6,Not Placed
STU02242,Male,Mechanical,1.0,70.1,4.2,5.8,8.0,50.2,No,39.5,Not Placed
STU06025,Female,CSE,2.8,60.9,8.6,5.3,9.0,49.7,No,47.3,Not Placed
STU05594,Female,ECE,3.2,75.6,7.2,4.8,11.0,66.3,No,61.1,Not Placed
STU03750,Male,IT,6.6,92.0,,1.2,,72.8,Yes,76.9,Placed
STU09199,Male,ECE,4.6,82.9,6.8,4.5,18.0,78.8,Yes,77.5,Placed
STU00539,Male,Commerce,0.0,46.1,8.0,5.7,0.0,45.5,No,27.4,Not Placed
STU01331,Male,CSE,1.6,52.9,6.0,5.6,5.0,43.2,No,38.5,Not Placed
STU02304,Male,CSE,4.8,68.7,6.0,5.5,13.0,47.7,No,53.0,Placed
STU01613,Male,ECE,3.5,78.4,7.5,3.3,18.0,67.9,Yes,70.9,Placed
STU01489,Male,CSE,3.8,71.1,8.9,2.0,15.0,61.8,No,66.7,Placed
STU01745,Female,Mechanical,2.2,74.2,7.4,2.2,17.0,63.8,No,61.2,Not Placed
STU09398,Male,CSE,3.4,57.6,5.4,7.4,11.0,55.0,No,56.2,Not Placed
STU09881,Male,ECE,5.9,96.3,5.9,4.1,18.0,83.1,Yes,91.4,Placed
STU01394,Male,Civil,3.1,70.8,7.0,3.9,16.0,73.8,No,69.7,Placed
STU05406,Female,Commerce,2.5,73.6,7.9,2.7,11.0,73.3,No,62.1,Not Placed
STU03646,Male,it,1.5,65.5,6.7,5.5,7.0,46.4,No,38.4,Not Placed
STU05963,Male,Civil,2.6,82.6,7.5,1.5,19.0,75.7,No,75.0,Placed
STU03801,Female,IT,2.9,79.3,5.6,3.9,11.0,55.3,No,52.1,Not Placed
STU09232,Female,CSE,4.4,79.2,6.6,3.5,16.0,57.0,No,71.5,Not Placed
STU02813,Female,IT,5.6,75.0,6.6,6.4,11.0,63.5,Yes,51.2,Placed
STU02670,Male,Commerce,4.7,,8.2,4.5,10.0,51.3,No,56.5,Not Placed
STU09102,Female,CSE,3.4,63.2,6.9,6.3,9.0,64.3,No,55.4,Not Placed
STU07845,Female,ECE,5.7,84.5,5.7,3.1,10.0,73.8,Yes,72.5,Placed
STU05214,Male,Commerce,4.5,64.9,7.2,5.8,14.0,60.6,Yes,69.2,Placed
STU03249,Male,IT,3.9,79.8,7.5,2.3,16.0,66.1,No,64.9,Placed
STU06864,Female,Mechanical,1.8,66.3,10.0,4.6,13.0,65.6,Yes,61.6,Placed
STU00574,Male,CSE,4.2,86.0,7.1,,12.0,43.8,Yes,61.3,Placed
STU07749,Male,CSE,1.1,58.2,8.1,3.6,7.0,44.8,No,43.5,Not Placed
STU08889,Female,Mechanical,3.2,81.0,8.6,2.9,14.0,84.7,No,68.9,Placed
STU05508,Male,ECE,2.1,67.7,8.3,5.3,6.0,48.7,Yes,38.9,Not Placed
STU01557,Female,CSE,4.0,79.6,8.5,5.5,10.0,63.9,Yes,59.1,Not Placed
STU07266,Male,Commerce,4.3,80.0,5.2,4.5,10.0,73.0,Yes,59.7,Placed
STU02599,Female,CSE,4.4,70.7,6.9,4.1,10.0,33.9,Yes,50.4,Not Placed
STU05168,Female,ECE,3.1,68.1,7.7,6.7,12.0,46.4,No,52.2,Not Placed
STU04158,Male,CSE,5.9,97.5,7.5,4.8,19.0,65.5,No,74.8,Placed
STU02188,Male,CSE,5.1,77.9,7.3,2.6,12.0,54.7,No,59.5,Not Placed
STU04023,Female,Mechanical,3.6,68.1,6.1,6.5,7.0,55.0,Yes,48.9,Not Placed
STU08454,Female,CSE,4.0,83.8,6.7,6.9,15.0,66.2,No,64.7,Placed
STU08475,Male,ECE,3.1,80.1,5.5,5.2,16.0,61.0,Yes,55.1,Placed
STU00259,Female,CSE,2.5,78.6,6.5,3.6,12.0,66.8,Yes,59.1,Placed
STU02665,Male,CSE,3.4,81.8,9.0,3.2,,58.0,No,55.2,Not Placed
STU09128,Female,Civil,2.9,81.9,8.6,5.2,14.0,69.6,No,65.9,Placed
STU03234,Male,IT,2.2,71.2,5.5,3.5,19.0,63.0,No,67.1,Placed
STU08918,Male, IT ,5.0,81.5,7.2,5.8,13.0,,No,60.3,Placed
STU07015,Male,Commerce,3.0,67.9,,5.1,13.0,55.0,No,53.9,Not Placed
STU09040,Female,CSE,3.6,70.0,5.6,3.5,13.0,52.8,Yes,52.3,Not Placed
STU05249,Female,CSE,5.6,85.0,5.8,5.7,15.0,64.6,Yes,65.8,Placed
STU05443,Male,Mechanical,3.7,79.0,5.5,6.3,18.0,76.9,No,72.4,Placed
STU08248,Female,Civil,2.0,74.7,9.3,5.1,9.0,38.4,No,40.4,Not Placed
STU03615,Male,IT,2.8,75.5,6.6,6.5,8.0,48.4,Yes,37.7,Not Placed
STU09257,Male,ECE,5.7,83.3,5.1,4.3,12.0,56.8,Yes,61.0,Not Placed
STU02215,Male,Commerce,5.6,77.2,5.6,3.1,10.0,56.8,No,61.2,Not Placed
STU05458,Male,ECE,4.8,90.0,6.1,3.7,20.0,80.6,No,85.6,Placed
STU02936,Female,Mechanical,5.0,49.1,7.7,6.6,2.0,39.3,No,33.3,Not Placed
STU00889,Female,cse,,53.0,7.3,2.5,6.0,23.2,No,43.6,Not Placed
STU02955,Male,Civil,,,9.5,4.9,5.0,38.0,Yes,46.8,Not Placed
STU01688,Female,ECE,3.8,88.6,5.2,1.3,13.0,63.3,Yes,64.0,Placed
STU01820,Female,CSE,2.4,75.8,,6.7,12.0,58.8,No,58.5,Not Placed
STU03704,Female,Civil,2.1,76.7,6.4,5.0,11.0,47.6,Yes,46.2,Not Placed
STU01973,Female,ECE,3.4,76.2,7.2,,13.0,43.1,Yes,56.5,Not Placed
STU08114,Male,CSE,2.6,70.1,6.8,5.8,8.0,60.0,No,41.3,Not Placed
STU08188,Male,IT,3.8,64.0,6.6,5.5,6.0,,No,47.3,Not Placed
STU08907,Female,Commerce,4.7,87.1,6.0,2.3,17.0,71.4,No,76.4,Placed
STU05153,Female,MECHANICAL,3.9,80.4,4.7,4.2,13.0,62.2,No,56.6,Placed
STU07872,Male,Commerce,3.3,85.4,6.7,3.6,17.0,53.1,No,56.2,Not Placed
STU09058,Female,CSE,2.1,76.5,6.7,4.1,10.0,60.2,No,49.0,Not Placed
STU04714,Male,CSE,4.1,75.7,6.6,4.8,10.0,63.1,No,65.1,Placed
STU08316,Female,ECE,4.7,86.9,5.2,2.7,17.0,58.6,Yes,60.9,Placed
STU09236,Female,CSE,3.3,71.8,6.1,0.9,9.0,63.2,Yes,63.7,Not Placed
STU09308,Female,IT,4.7,74.4,8.3,4.1,13.0,63.1,Yes,60.2,Not Placed
STU00981,Female,ECE,3.0,75.0,5.8,3.2,12.0,68.6,Yes,58.0,Placed
STU07833,Female,CSE,16.0,91.9,7.2,4.5,17.0,70.0,No,83.2,Placed
STU05504,Male,ECE,3.2,78.3,7.1,4.8,11.0,44.8,No,63.9,Not Placed
STU07262,Male,CSE,,77.0,8.3,5.2,18.0,79.4,No,66.6,Placed
STU07224,Male,Civil,2.0,85.8,6.6,5.2,14.0,61.2,No,60.5,Not Placed
STU08368,Male,Mechanical,5.5,81.7,4.6,1.9,9.0,46.2,Yes,54.2,Not Placed
STU00582,Male,CSE,0.0,53.1,6.1,5.0,10.0,47.5,No,37.1,Not Placed
STU05291,Female,CSE,5.1,83.8,6.0,2.9,16.0,75.6,Yes,76.9,Placed
STU02877,Male,CSE,5.0,72.6,7.5,3.8,10.0,58.4,Yes,65.4,Placed
STU07136,Female,CSE,3.2,95.7,7.9,4.9,20.0,92.4,Yes,86.7,Placed
STU09184,Female,ECE,5.7,100.0,8.3,2.9,20.0,72.6,No,84.7,Placed
STU05976,Female,CSE,3.3,81.8,7.0,3.3,11.0,65.0,Yes,62.2,Not Placed
STU01862,Female,IT,2.9,74.6,6.8,,11.0,48.9,No,46.8,Not Placed
STU05447,Female,Mechanical,4.1,67.7,8.5,5.9,9.0,41.9,No,39.5,Not Placed
STU03576,Male,Mechanical,0.7,54.6,8.5,6.6,9.0,49.7,No,47.9,Not Placed
STU09721,Female,CSE,6.3,84.4,6.8,1.4,12.0,71.3,No,73.4,Placed
STU04506,Female,IT,4.8,86.2,7.6,5.7,18.0,97.3,Yes,85.5,Placed
STU04772,Male,Civil,0.0,57.5,5.5,8.1,3.0,37.0,No,24.6,Not Placed
STU00298,Male,Commerce,3.7,81.9,7.9,6.1,9.0,67.3,No,61.4,Not Placed
STU00926,Male,CSE,,,7.1,0.6,20.0,87.1,No,77.7,Placed
STU01591,Male,CSE,,71.4,7.0,4.8,9.0,38.3,Yes,35.2,Not Placed
STU07766,Female,CSE,6.1,82.5,6.7,3.8,18.0,53.7,No,63.4,Placed
STU07491,Female,CSE,1.2,81.9,5.4,4.8,,43.9,Yes,34.1,Not Placed
STU01308,Male,Mechanical,4.6,85.0,7.7,4.4,18.0,73.1,No,69.9,Not Placed
STU07038,Male,CSE,2.3,78.7,5.8,5.6,12.0,54.8,No,43.2,Not Placed
STU04768,Female,CSE,4.4,87.1,5.4,2.5,15.0,67.6,Yes,67.4,Placed
STU01673,Male,CSE,1.9,77.1,6.4,6.9,10.0,62.9,Yes,58.1,Placed
STU02230,Female,Civil,3.7,87.2,6.7,6.2,14.0,73.6,No,69.3,Not Placed
STU09470,Female,ECE,1.6,,5.9,4.9,5.0,49.7,No,44.6,Not Placed
STU00294,Male,civil,1.1,42.7,6.3,8.2,1.0,34.9,No,18.0,Not Placed
STU06346,Male,Commerce,4.5,78.4,8.2,3.1,15.0,74.3,Yes,75.3,Placed
STU04223,Male,Commerce,7.7,100.0,5.5,1.7,20.0,92.4,Yes,98.4,Placed
STU02580,Female,IT,7.2,97.9,6.3,1.2,16.0,74.2,No,84.7,Placed
STU07576,Male,Civil,1.3,58.5,6.3,5.9,10.0,63.5,No,53.5,Not Placed
STU06344,Male,Civil,2.6,69.8,6.3,6.9,10.0,49.5,Yes,53.7,Not Placed
STU08315,Female,ECE,2.1,,,3.2,9.0,,No,55.2,Not Placed
STU00693,Male,Civil,4.1,73.9,6.0,2.0,14.0,85.2,Yes,79.2,Placed
STU00687,Male,ECE,3.8,75.2,7.4,4.7,19.0,78.6,Yes,71.0,Placed
STU00818,Male,Commerce,3.3,67.3,4.6,4.5,18.0,60.5,No,59.6,Not Placed
STU00217,Female,Civil,4.8,73.5,6.7,5.5,12.0,65.1,No,65.6,Not Placed
STU07935,Male,Mechanical,3.4,89.0,7.5,2.1,18.0,68.5,No,73.8,Placed
STU03890,Female,IT,3.0,73.7,7.9,4.7,14.0,48.7,No,53.3,Placed
STU00323,Female,Commerce,5.0,92.4,7.1,5.4,20.0,84.9,Yes,73.9,Placed
STU06105,Male,IT,3.3,85.4,8.5,4.7,13.0,59.6,No,56.1,Not Placed
STU00479,Female,IT,0.5,66.7,8.6,3.6,14.0,67.1,No,58.2,Not Placed
STU05379,Female,Mechanical,6.4,76.5,7.1,3.4,14.0,60.9,Yes,68.9,Placed
STU05701,Female,Mechanical,1.6,86.1,6.7,5.7,14.0,61.1,No,61.7,Placed
STU01890,Male,Commerce,5.7,88.0,6.1,5.8,15.0,70.2,Yes,68.8,Placed
STU05763,Male,IT,,87.7,8.4,5.2,11.0,61.6,Yes,63.7,Placed
STU00813,Male,ECE,5.6,93.5,5.7,,15.0,67.4,Yes,73.6,Placed
STU07434,Male,CSE,5.4,82.7,6.2,6.0,15.0,62.5,No,71.8,Placed
STU04347,Male,Commerce,2.6,67.4,6.4,3.8,9.0,49.3,No,47.8,Not Placed
STU06222,Male,IT,,74.5,5.9,4.5,13.0,69.6,Yes,60.4,Placed
STU03057,Male,IT,1.5,74.4,6.7,3.5,7.0,67.1,No,55.2,Not Placed
STU02376,Male,Civil,0.3,55.2,6.5,4.9,7.0,39.0,No,33.0,Not Placed
STU04070,Male,CSE,0.0,44.3,8.0,7.5,4.0,39.3,Yes,24.8,Not Placed
STU02033,Male,Mechanical,6.4,78.6,7.6,2.2,16.0,76.2,No,79.2,Not Placed
STU00968,Male,IT,1.8,66.5,7.6,8.3,13.0,57.2,No,42.6,Not Placed
STU09366,Male,ECE,2.6,66.9,6.8,6.6,2.0,45.0,No,33.2,Not Placed
STU00973,Female,Commerce,5.5,73.4,8.4,1.6,13.0,60.7,Yes,68.7,Placed
STU06332,Female,Civil,4.3,71.3,8.4,3.5,16.0,71.5,No,66.9,Placed
STU02705,Female,CSE,2.4,77.0,9.0,3.0,11.0,60.5,No,44.3,Not Placed
STU06300,Male,Commerce,2.2,73.0,6.3,3.3,11.0,68.3,No,66.6,Not Placed
STU07861,Female,Civil,5.1,78.2,5.5,2.8,8.0,54.6,No,59.7,Not Placed
STU03375,Female,ECE,5.0,87.2,5.3,2.7,12.0,54.5,Yes,63.4,Placed
STU09074,Male,IT,4.0,77.8,5.7,,16.0,76.6,No,76.1,Placed
STU05602,Male,Commerce,5.8,100.0,7.1,3.8,18.0,64.7,No,82.6,Placed
STU02952,Female,IT,2.4,75.7,6.1,0.7,17.0,75.8,No,74.0,Placed
STU08702,Female,IT,4.5,80.3,8.9,4.0,7.0,50.6,Yes,52.9,Not Placed
STU00123,Male,Mechanical,2.6,65.6,7.4,2.1,13.0,69.0,No,76.6,Placed
STU07217,Female,Mechanical,2.8,61.4,6.7,1.1,7.0,47.1,No,48.4,Not Placed
STU09485,Female,Civil,4.5,83.7,7.3,6.4,12.0,57.0,No,65.7,Not Placed
STU02101,Female,ECE,,70.5,5.1,3.9,12.0,66.5,No,54.7,Not Placed
STU00870,Male,Civil,2.9,81.4,7.5,5.7,12.0,67.8,No,62.0,Placed
STU06791,Female,CSE,7.1,90.6,5.6,1.7,16.0,74.1,Yes,74.7,Placed
STU01999,Female,IT,3.3,82.0,7.4,3.1,9.0,49.5,Yes,57.4,Not Placed
STU03591,Female,Commerce,3.7,65.1,6.7,5.5,10.0,66.7,Yes,58.9,Placed
STU01157,Female,Commerce,3.4,82.1,5.6,3.7,15.0,47.8,No,62.4,Not Placed
STU03157,Male,IT,4.4,,5.3,5.8,20.0,92.7,No,85.4,Placed
STU04429,Male,ECE,2.3,74.0,7.8,6.3,13.0,58.1,Yes,55.8,Not Placed
STU05689,Male,ECE,2.8,78.2,7.6,3.8,15.0,68.1,Yes,67.7,Placed
STU06481,Female,IT,2.7,73.8,6.3,3.6,12.0,,Yes,59.9,Placed
STU01576,Female,Civil,0.0,52.3,6.1,6.5,3.0,42.7,Yes,37.8,Not Placed
STU09664,Female,IT,4.0,69.4,6.2,4.6,13.0,53.4,No,50.7,Not Placed
STU08254,Female,ECE,,76.4,7.0,5.3,13.0,63.2,No,55.4,Not Placed
STU00473,Female,IT,2.0,68.6,8.8,4.7,17.0,61.2,Yes,67.8,Placed
STU04998,Female,Commerce,7.7,71.6,5.7,2.9,15.0,73.2,Yes,82.6,Placed
STU03584,Male,Commerce,4.9,79.8,6.0,4.3,15.0,71.1,No,78.5,Placed
STU02933,Female,ECE,3.5,81.0,5.8,4.9,19.0,,No,62.6,Placed
STU05426,Female,CSE,3.4,69.8,8.5,4.5,9.0,68.0,No,53.5,Not Placed
STU08752,Female,mechanical,6.2,85.6,6.1,2.8,13.0,,Yes,61.9,Not Placed
STU03389,Female,CSE,3.9,70.0,8.1,3.2,8.0,42.4,No,47.6,Not Placed
STU02181,Female,ECE,6.0,100.0,5.9,2.5,,74.8,Yes,80.3,Placed
STU04744,Female,ECE,,87.8,5.5,2.5,14.0,70.9,No,65.3,Placed
STU04347,Male,Commerce,2.6,67.4,6.4,3.8,9.0,49.3,No,47.8,Not Placed
STU07126,Female,Commerce,3.9,77.3,6.7,4.1,16.0,70.0,Yes,75.5,Placed
STU05489,Female,cse,0.4,66.1,,2.5,8.0,,No,42.9,Not Placed
STU01150,Male,CSE,5.5,83.2,7.5,3.7,16.0,75.8,No,74.5,Placed
STU01161,Female,Mechanical,,75.0,6.3,5.2,9.0,49.1,Yes,51.0,Not Placed
STU08001,Female,Commerce,3.1,73.4,5.2,4.3,17.0,72.9,No,61.0,Not Placed
STU00257,Male,ECE,3.5,93.5,5.4,6.1,15.0,60.8,No,62.6,Placed
STU00794,Male,ECE,0.5,60.4,7.8,5.7,10.0,70.3,No,46.6,Not Placed
STU04874,Female,Civil,1.4,75.6,6.6,7.4,7.0,37.9,Yes,45.2,Placed
STU06198,Male,Commerce,3.9,83.9,7.7,,17.0,66.5,No,67.4,Not Placed
STU03856,Male,Mechanical,2.0,66.2,7.7,5.4,6.0,41.7,No,44.9,Not Placed
STU00558,Female,CSE,4.3,70.9,7.5,3.7,9.0,47.2,Yes,57.9,Placed
STU02900,Female,CSE,5.3,81.6,7.6,4.9,15.0,76.5,No,77.1,Placed
STU03221,Male,Civil,6.4,93.6,7.2,3.6,19.0,79.0,Yes,81.2,Placed
STU00262,Male,Commerce,3.4,72.9,6.7,4.0,11.0,61.3,Yes,58.3,Placed
STU03741,Female,IT,2.1,57.9,7.6,7.2,5.0,52.2,No,33.4,Not Placed
STU06763,Female,Civil,6.3,77.6,6.5,3.8,11.0,62.0,Yes,60.6,Not Placed
STU08820,Male,CSE,2.6,70.3,6.1,4.7,8.0,45.4,No,43.0,Not Placed
STU07228,Female,IT,4.1,78.2,5.3,4.8,12.0,66.8,No,67.6,Not Placed
STU04306,Male,CSE,2.9,71.0,7.6,4.8,13.0,61.5,No,53.8,Placed
STU04305,Male,Mechanical,4.8,72.5,5.8,3.9,13.0,69.9,No,66.8,Placed
STU05245,Male,ECE,4.1,86.4,7.0,2.8,17.0,74.1,Yes,77.9,Placed
STU08801,Female,Commerce,4.1,80.8,6.7,2.7,12.0,63.3,No,71.7,Placed
STU06823,Female,Civil,6.7,89.7,6.6,4.2,20.0,93.3,No,95.1,Placed
STU00210,Female,CSE,4.2,69.3,5.2,4.7,13.0,46.1,No,47.4,Not Placed
STU03799,Female,Mechanical,6.3,95.7,6.6,3.5,20.0,72.9,No,85.1,Placed
STU03540,Female,Commerce,0.0,65.3,5.5,5.6,10.0,44.9,Yes,30.8,Not Placed
STU00154,Female,Civil,1.1,71.2,5.6,5.0,9.0,58.9,No,46.7,Not Placed
STU01148,Female,ECE,3.3,73.8,5.9,5.1,10.0,46.7,No,61.2,Not Placed
STU01968,Female,CSE,5.9,73.1,8.4,5.4,17.0,70.3,Yes,63.1,Placed
STU08154,Female,ECE,4.7,73.4,5.8,2.7,,75.1,Yes,69.5,Placed
STU02434,Male,CSE,4.2,80.5,8.4,1.5,11.0,66.3,No,60.8,Not Placed
STU00598,Female,IT,3.9,,6.2,,16.0,82.1,Yes,70.7,Placed
STU03138,Male,Civil,5.3,83.6,6.3,3.6,18.0,70.8,No,76.6,Placed
STU06028,Male,ECE,3.3,81.1,6.4,7.0,12.0,58.4,No,51.3,Not Placed
STU04777,Male,ECE,,77.7,6.2,5.3,13.0,53.0,Yes,55.3,Not Placed
STU09260,Female,ECE,3.6,73.5,,2.1,12.0,63.5,Yes,58.7,Placed
STU01566,Female,IT,2.5,67.6,6.0,4.1,13.0,66.5,No,53.1,Not Placed
STU06247,Female,ECE,1.7,72.7,6.7,2.7,11.0,49.8,No,48.2,Not Placed
STU07404,Male,Mechanical,2.5,,7.0,5.1,13.0,37.6,No,52.8,Not Placed
STU06449,Male,CSE,2.5,76.0,8.5,5.0,11.0,51.0,No,49.4,Not Placed
STU09171,Female,CSE,2.1,57.2,7.3,6.8,12.0,37.8,Yes,48.2,Not Placed
STU07305,Female,ECE,1.8,76.0,7.1,3.4,14.0,51.3,Yes,44.5,Not Placed
STU08418,Male,CSE,1.8,78.0,6.7,7.1,13.0,58.9,No,57.9,Not Placed
STU09422,Female,IT,2.6,66.7,4.8,3.2,10.0,51.2,Yes,48.7,Placed
STU02244,Female,Civil,6.1,87.2,8.5,2.4,14.0,52.4,Yes,58.3,Not Placed
STU01361,Male,CSE,,80.6,6.1,4.4,15.0,58.3,Yes,50.8,Placed
STU03305,Female,ECE,6.6,98.0,6.6,2.1,20.0,83.1,No,97.8,Placed
STU02325,Female,,1.6,49.6,8.8,6.1,5.0,43.2,No,34.9,Not Placed
STU08041,Male,CSE,5.8,94.9,8.6,2.8,12.0,44.4,Yes,66.0,Not Placed
STU01481,Female,IT,3.4,84.6,,3.3,,67.6,No,71.0,Placed
STU01834,Female,CSE,6.7,89.7,6.9,2.5,14.0,72.1,No,81.5,Placed
STU03662,Male,Mechanical,2.9,91.6,7.3,7.2,15.0,64.0,No,69.7,Not Placed
STU07695,Male,CSE,5.7,99.5,7.1,3.4,15.0,74.0,No,82.9,Placed
STU05124,Female,CSE,,77.7,7.4,3.9,12.0,73.0,Yes,68.8,Placed
STU04188,Male,ECE,3.9,71.9,4.9,1.5,11.0,52.1,No,56.7,Not Placed
STU07472,Female,CSE,3.6,77.9,9.0,5.0,14.0,64.3,No,65.5,Placed
STU07655,Male,,2.0,,6.7,4.3,18.0,75.7,No,70.4,Placed
STU08886,Male,IT,3.6,88.0,7.1,6.3,20.0,87.4,No,79.2,Placed
STU05242,Male,ECE,1.4,52.8,6.7,5.3,9.0,61.4,No,46.2,Not Placed
STU09524,Female,ECE,4.7,85.1,8.9,5.3,17.0,61.3,No,68.7,Placed
STU05835,Female,CSE,4.2,79.4,4.4,5.2,14.0,61.8,Yes,63.6,Placed
STU01187,Male,Civil,2.0,69.0,5.9,,11.0,54.2,No,47.8,Placed
STU01908,Male,IT,2.4,90.0,7.5,,13.0,59.4,Yes,64.0,Placed
STU04089,Female,Civil,1.7,73.5,7.5,6.5,13.0,58.6,Yes,54.0,Placed
STU02478,Male,CSE,2.5,72.4,7.1,6.2,9.0,65.1,Yes,59.8,Placed
STU08209,Male,IT,1.0,69.0,4.9,6.8,7.0,51.3,Yes,37.1,Not Placed
STU09597,Female,Mechanical,3.9,79.5,6.5,2.1,18.0,82.3,No,84.5,Placed
STU06848,Male,CSE,1.8,47.1,7.3,3.6,3.0,,No,33.8,Not Placed
STU01487,Male,Civil,4.4,84.8,6.8,5.3,16.0,74.6,No,73.6,Placed
STU01677,female,Civil,3.5,82.1,9.2,3.7,17.0,83.7,No,74.4,Placed
STU02354,Female,ECE,2.8,,6.2,4.3,19.0,70.5,No,72.0,Placed
STU08849,Female,ECE,3.5,72.3,5.5,2.7,10.0,59.8,No,68.7,Not Placed
STU01572,Female,CSE,5.9,100.0,6.7,5.6,13.0,62.5,Yes,70.1,Not Placed
STU05516,Male,IT,4.8,71.9,6.6,4.8,15.0,58.1,No,54.7,Not Placed
STU04496,Female,CSE,2.1,74.8,8.1,6.7,12.0,42.5,No,56.8,Not Placed
STU00619,Female,CSE,2.9,69.9,8.3,8.8,11.0,56.6,Yes,46.1,Placed
STU06224,Male,IT,5.0,74.5,6.9,3.7,14.0,68.8,No,72.9,Not Placed
STU06881,Female,Mechanical,2.2,75.6,8.3,6.9,10.0,36.5,No,51.0,Placed
STU02848,Male,Mechanical,4.1,81.1,6.6,4.8,14.0,56.5,No,62.4,Not Placed
STU00868,Male,Mechanical,3.0,61.7,6.4,7.6,8.0,50.8,No,48.4,Not Placed
STU02508,Female,IT,3.6,77.8,9.0,4.6,15.0,52.0,No,58.4,Placed
STU04983,Male,IT,2.6,61.9,7.9,5.4,6.0,57.1,No,50.1,Not Placed
STU04696,female,Commerce,4.7,87.4,6.4,5.6,13.0,76.8,Yes,70.2,Placed
STU08040,Female,IT,5.8,99.1,7.7,1.6,20.0,88.9,No,95.9,Placed
STU04419,Female,Commerce,3.7,87.2,7.9,2.3,15.0,67.5,Yes,68.3,Placed
STU07004,Female,,2.4,,6.8,3.2,11.0,,Yes,42.4,Not Placed
STU08650,Female,IT,3.7,78.8,6.7,2.6,16.0,47.2,No,64.8,Not Placed
STU07707,Male,Civil,3.5,92.2,6.1,2.6,20.0,88.5,No,84.8,Placed
STU00791,Female,Mechanical,0.0,61.6,7.8,5.8,9.0,50.4,No,40.7,Not Placed
STU07786,Male,CSE,4.5,,8.1,2.3,20.0,,Yes,77.1,Placed
STU07451,Female,Commerce,1.8,59.0,7.5,5.6,7.0,37.3,No,40.8,Not Placed
STU03823,Female,it,4.0,84.1,6.0,7.3,12.0,55.2,No,53.5,Not Placed
STU07516,Male,ECE,2.5,63.4,7.7,3.5,8.0,59.8,Yes,49.1,Placed
STU07830,Male,IT,4.5,69.5,8.0,4.2,13.0,50.8,No,62.7,Not Placed
STU09569,Male,IT,3.7,78.1,6.8,2.1,15.0,67.0,No,75.3,Placed
STU02809,Male,CSE,6.4,86.5,6.3,4.4,13.0,56.4,Yes,63.9,Placed
STU05051,Male,CIVIL,3.1,84.1,5.5,,17.0,72.6,No,64.1,Not Placed
STU03519,Male,Commerce,2.6,76.2,8.9,3.1,9.0,66.1,No,55.4,Not Placed
STU08926,Male,CSE,3.5,89.4,5.3,2.3,16.0,81.6,Yes,73.6,Placed
STU03959,Female,Mechanical,1.8,70.0,7.1,3.9,14.0,60.7,No,64.5,Not Placed
STU07345,Male,CSE,2.2,80.7,7.4,2.7,14.0,67.5,No,60.1,Placed
STU02134,Female,CSE,5.1,82.2,5.9,2.6,15.0,60.6,No,63.9,Placed
STU05053,Female,CSE,5.9,97.8,5.2,2.3,20.0,69.4,No,82.9,Placed
STU09942,Female,Commerce,2.0,69.1,6.2,4.7,8.0,47.6,Yes,47.7,Not Placed
STU02280,Male,Commerce,1.0,,6.6,9.4,4.0,40.3,No,42.7,Not Placed
STU00660,Female,Mechanical,4.6,85.3,5.6,3.0,13.0,54.9,Yes,54.6,Placed
STU02431,Male,ECE,1.5,,5.9,6.0,8.0,42.2,Yes,39.0,Not Placed
STU03752,Male,IT,4.7,75.8,7.6,3.7,8.0,64.2,No,58.7,Not Placed
STU09512,Male,Commerce,2.9,63.6,6.7,3.6,10.0,53.0,Yes,57.5,Placed
STU02592,Male,ECE,6.0,96.2,7.4,2.6,20.0,,Yes,87.9,Placed
STU06316,Male,Commerce,5.2,95.3,7.1,1.6,20.0,90.7,Yes,92.7,Placed
STU00643,Female,ECE,3.2,86.8,4.7,0.8,20.0,82.9,Yes,73.4,Placed
STU00169,Female,ECE,2.4,76.4,5.8,4.4,13.0,66.7,Yes,56.1,Placed
STU01801,Male,CSE,0.3,58.9,5.1,6.6,13.0,61.2,No,46.9,Not Placed
STU03395,Female,Mechanical,5.3,83.3,6.6,2.1,14.0,67.3,No,70.5,Placed
STU01918,Male,IT,3.0,77.9,7.1,5.2,15.0,80.0,No,59.0,Placed
STU00273,Female,ECE,3.3,75.8,7.6,4.2,12.0,48.3,Yes,50.2,Not Placed
STU09797,Male,ECE,3.0,,7.9,5.7,18.0,68.6,No,63.8,Placed
STU00495,male,Mechanical,2.4,77.4,6.9,3.0,12.0,63.6,Yes,61.3,Placed
STU06789,Female,IT,2.3,69.9,,4.5,7.0,45.3,No,38.1,Not Placed
STU01913,Male,IT,2.2,88.1,7.3,4.0,13.0,71.9,No,65.0,Placed
STU03647,Male,Mechanical,4.3,87.9,7.5,1.7,16.0,73.7,Yes,81.4,Placed
STU08231,Male,Commerce,2.5,76.1,5.6,4.2,15.0,66.9,No,63.4,Not Placed
STU00307,Male,Commerce,6.4,57.5,7.0,5.4,9.0,70.3,Yes,70.3,Not Placed
STU04103,Female,ECE,,73.1,7.8,,11.0,41.1,No,59.6,Not Placed
STU00782,Male,IT,4.1,79.2,9.6,6.5,11.0,65.3,Yes,55.2,Placed
STU05287,Male,IT,2.0,77.9,7.8,5.3,6.0,45.6,Yes,34.3,Not Placed
STU00535,Male,IT,1.5,62.8,6.1,5.9,6.0,43.7,No,36.0,Not Placed
STU00584,Male,Civil,0.3,62.2,7.0,6.8,7.0,38.2,Yes,31.5,Not Placed
STU01301,Male,IT,,75.0,7.6,3.5,13.0,57.4,Yes,61.4,Placed
STU07061,Female,CSE,5.7,80.5,8.6,5.2,18.0,78.4,No,78.2,Placed
STU07496,Male,IT,3.3,91.0,,1.5,17.0,81.3,Yes,75.8,Placed
STU08242,Male,IT,1.6,69.7,7.6,6.9,11.0,52.2,Yes,53.7,Placed
STU00317,Male,Civil,2.9,76.1,7.9,3.2,17.0,57.5,Yes,61.4,Placed
STU06511,Female,Civil,3.7,70.0,6.7,3.3,13.0,58.6,No,68.2,Not Placed
STU02565,Male,CSE,3.4,79.7,7.5,5.7,15.0,71.0,No,64.7,Not Placed
STU01795,Male,ECE,3.0,67.5,6.2,19.0,7.0,32.8,No,33.8,Not Placed
STU06678,Female,ECE,3.8,76.1,5.4,5.2,9.0,65.4,Yes,55.0,Not Placed
STU09642,Female,ECE,3.0,77.7,6.9,,14.0,49.9,No,58.8,Not Placed
STU08464,Female,IT,1.2,75.2,9.0,7.7,11.0,65.0,No,48.8,Not Placed
STU00549,Female,ECE,2.1,77.8,6.8,3.7,14.0,70.8,No,66.4,Not Placed
STU01693,Female,CSE,1.7,63.6,8.1,6.2,10.0,46.0,Yes,40.5,Not Placed
STU03526,Male,ECE,2.4,71.5,5.8,6.9,19.0,83.4,Yes,66.6,Placed
STU03013,Female,IT,4.0,77.6,7.6,5.6,12.0,66.9,Yes,65.1,Placed
STU01631,Male,Civil,1.8,59.4,6.4,3.3,8.0,46.7,Yes,41.6,Placed
STU02391,Female,Civil,2.2,55.7,5.6,7.0,4.0,48.4,No,29.1,Not Placed
STU04695,Male,CSE,0.0,59.8,7.2,3.7,14.0,67.9,Yes,56.0,Not Placed
STU09087,Male,CSE,1.5,71.5,8.0,4.7,10.0,64.2,No,45.0,Not Placed
STU07705,Female,IT,7.1,80.5,,3.4,12.0,50.6,No,70.8,Not Placed
STU04488,Male,CSE,1.6,68.1,7.6,6.9,6.0,44.2,Yes,34.8,Not Placed
STU01260,Male,CSE,4.2,74.6,5.5,4.1,11.0,52.0,Yes,52.4,Not Placed
STU08023,Female,CSE,4.1,74.1,7.1,8.5,13.0,60.1,Yes,55.5,Placed
STU00810,Male,Civil,4.9,,6.0,3.3,13.0,67.5,Yes,77.4,Placed
STU06389,Female,Civil,3.9,80.3,7.6,7.0,12.0,74.5,Yes,71.5,Not Placed
STU01050,Female,CSE,4.1,81.6,7.9,6.4,18.0,64.0,No,70.3,Placed
STU07391,Female,Commerce,2.3,63.1,7.5,5.7,4.0,46.7,No,40.8,Not Placed
STU00108,Female,CSE,4.4,67.2,6.5,6.0,13.0,58.3,Yes,55.1,Placed
STU06250,Female,Commerce,5.3,89.2,5.1,3.3,14.0,65.4,Yes,68.9,Placed
STU08866,Female,Civil,4.0,88.7,6.8,4.4,14.0,54.6,Yes,67.4,Not Placed
STU06787,Female,IT,2.1,55.7,4.7,5.5,4.0,49.2,Yes,35.3,Not Placed
STU09451,Female,Commerce,5.0,68.0,5.5,5.4,18.0,53.6,No,62.0,Placed
STU04606,Female,IT,5.7,83.2,6.9,4.0,14.0,64.2,No,73.9,Placed
STU09274,Female,ECE,2.9,84.5,6.3,4.2,17.0,74.2,No,69.7,Placed
STU05456,Male,CSE,3.3,80.5,7.8,4.3,14.0,78.9,No,78.3,Placed
STU01533,Male,ECE,2.7,81.5,5.5,3.9,18.0,68.5,Yes,64.9,Placed
STU04963,Female,ECE,4.1,84.7,7.2,2.8,14.0,61.7,Yes,59.8,Placed
STU00212,Male,Commerce,1.5,69.3,8.1,5.1,11.0,46.7,Yes,50.2,Not Placed
STU03148,Male,IT,2.4,70.4,5.8,3.8,11.0,66.5,No,54.7,Not Placed
STU05157,M,ECE,2.3,62.2,7.3,3.5,11.0,59.4,No,56.3,Not Placed
STU02151,Male,IT,3.6,83.2,7.0,5.0,16.0,61.7,No,76.0,Placed
STU06996,Male,CSE,2.5,79.0,6.2,4.9,17.0,69.2,Yes,66.0,Placed
STU01974,Female,CSE,4.9,86.6,,2.0,20.0,93.4,Yes,90.9,Placed
STU04686,Male,Commerce,4.7,70.4,6.5,5.3,12.0,46.6,No,50.9,Not Placed
STU08183,Female,ECE,3.1,72.5,7.2,4.3,15.0,57.2,No,65.1,Not Placed
STU07608,Male,ECE,4.9,,,3.6,10.0,53.0,No,52.6,Placed
STU08839,Female,Mechanical,2.7,60.0,5.9,3.4,4.0,57.6,No,40.2,Not Placed
STU00772,Female,CSE,3.9,87.7,7.0,2.1,20.0,73.9,No,81.9,Placed
STU07503,Male,CSE,2.8,58.8,7.2,4.3,9.0,61.6,Yes,44.0,Not Placed
STU08896,Male,IT,4.0,80.1,7.0,7.9,,84.1,No,66.0,Placed
STU01250,Female,CSE,0.1,50.0,5.2,4.6,5.0,37.2,No,24.8,Not Placed
STU07891,Male,CSE,4.3,,6.1,3.6,16.0,61.7,Yes,76.2,Placed
STU07254,Male,IT,3.8,71.7,7.4,5.3,12.0,62.6,Yes,51.0,Placed
STU09446,Female,ECE,4.5,100.0,7.7,3.8,16.0,68.6,Yes,73.8,Placed
STU06574,Female,ECE,2.3,60.5,6.5,2.8,6.0,45.0,No,56.9,Not Placed
STU06820,Female,CSE,3.7,68.7,6.6,4.1,,55.3,Yes,53.4,Not Placed
STU00710,Male,Mechanical,3.1,82.9,6.3,4.2,13.0,66.5,Yes,66.3,Placed
STU02673,Male,Commerce,2.9,65.3,6.5,2.3,11.0,60.2,No,60.5,Placed
STU04515,Male,ECE,4.8,,5.6,2.7,12.0,56.2,Yes,59.4,Not Placed
STU01462,Male, IT ,3.3,,6.7,3.6,13.0,60.4,Yes,61.9,Not Placed
STU02546,Female,Mechanical,1.7,76.7,5.7,5.2,10.0,50.2,No,39.3,Not Placed
STU07742,Male,Mechanical,4.7,80.7,6.7,3.2,16.0,59.0,No,72.2,Not Placed
STU07218,Female,CSE,3.2,87.5,7.3,4.2,18.0,66.6,No,74.9,Placed
STU08423,Female,Mechanical,4.1,65.6,4.1,2.9,12.0,65.4,No,60.1,Placed
STU01357,Female,CSE,2.4,74.3,5.6,5.4,8.0,64.1,No,46.7,Not Placed
STU03012,Male,CSE,2.9,69.2,6.6,3.4,11.0,49.0,Yes,54.1,Placed
STU00852,Female,Mechanical,1.3,65.6,6.3,3.7,8.0,53.7,No,46.9,Not Placed
STU01005,Male,CSE,5.6,85.3,1.5,3.2,9.0,62.8,No,65.4,Placed
STU01835,Female,IT,4.9,73.9,6.1,6.7,9.0,79.8,No,65.2,Placed
STU07904,Female,IT,1.2,76.6,8.1,4.0,7.0,48.5,No,45.6,Not Placed
STU09767,Female,Mechanical,3.3,81.0,7.1,3.6,10.0,71.2,Yes,64.0,Not Placed
STU07743,Male,IT,1.5,59.2,5.8,,7.0,46.4,No,39.1,Not Placed
STU01317,Male,CSE,4.2,68.7,8.5,5.8,15.0,67.2,No,59.5,Placed
STU03328,Male,Commerce,2.0,78.4,7.3,3.9,12.0,58.3,Yes,52.6,Not Placed
STU01624,Male,ECE,2.8,85.0,5.9,2.9,15.0,67.5,No,63.3,Not Placed
STU03834,Male,ECE,1.0,64.9,7.0,,10.0,53.6,No,42.3,Not Placed
STU05745,Male,ECE,4.7,76.7,4.5,2.5,15.0,61.8,Yes,58.9,Not Placed
STU01279,Female,Civil,3.8,75.8,6.2,1.3,16.0,66.4,Yes,69.2,Placed
STU09246,Female,IT,2.4,68.8,6.7,5.4,10.0,61.5,No,54.7,Not Placed
STU04146,Male,CSE,3.8,72.0,7.5,6.7,8.0,32.9,No,48.2,Not Placed
STU08668,Male,CSE,5.0,88.7,6.3,3.8,16.0,66.9,No,67.4,Placed
STU03147,Male,ECE,1.9,71.4,6.2,6.9,16.0,80.2,Yes,60.0,Placed
STU05643,Male,Civil,3.9,79.9,7.2,3.5,15.0,65.2,No,69.3,Not Placed
STU08528,Male,Mechanical,5.3,99.4,5.3,2.6,,81.9,No,91.6,Placed
STU07140,Male,CSE,,84.3,7.8,3.5,16.0,57.6,No,62.2,Placed
STU02618,Female,Mechanical,6.1,99.3,7.6,3.2,17.0,69.4,No,80.1,Not Placed
STU03663,Female,ECE,5.1,79.1,8.9,1.7,15.0,64.3,No,71.7,Placed
STU00089,Female,IT,1.2,68.5,4.7,3.8,12.0,70.0,No,54.7,Not Placed
STU00875,Female,ECE,0.0,57.9,7.7,6.1,3.0,,No,26.9,Not Placed
STU08736,Male,CSE,0.9,61.1,7.1,3.0,13.0,58.9,Yes,49.5,Not Placed
STU03001,Female,ECE,4.5,94.3,7.9,6.3,19.0,76.0,Yes,83.6,Placed
STU02761,Male,IT,4.3,74.2,5.8,2.7,14.0,42.7,Yes,58.9,Not Placed
STU01881,Male,CSE,5.0,82.7,6.6,3.6,16.0,58.7,No,66.9,Placed
STU00107,Male,Civil,4.8,70.4,8.0,3.4,13.0,58.6,No,59.9,Not Placed
STU00927,Male,Commerce,2.5,82.1,6.6,4.7,17.0,69.0,No,64.2,Placed
STU06366,Male,ECE,1.6,,6.4,5.7,15.0,59.0,No,54.9,Placed
STU00320,Female,IT,3.7,64.6,7.2,6.9,,53.7,No,60.1,Not Placed
STU00879,Male,Commerce,3.1,80.3,5.6,6.5,13.0,72.2,No,53.2,Placed
STU06774,Male,CSE,3.0,74.4,7.8,3.1,10.0,65.0,No,65.5,Not Placed
STU03995,Male,CSE,3.7,68.9,6.5,4.4,13.0,64.4,Yes,58.7,Placed
STU04922,Female,Commerce,3.7,,6.0,4.9,16.0,77.4,No,79.3,Placed
STU05387,Male,CSE,1.7,59.9,6.8,4.3,4.0,38.5,No,34.4,Not Placed
STU03079,Male,ECE,3.7,76.1,6.1,6.7,10.0,56.2,No,50.4,Not Placed
STU04731,Male,IT,6.4,82.6,6.0,6.9,15.0,59.4,No,62.0,Not Placed
STU04235,Male,Commerce,5.3,85.1,5.3,2.9,12.0,88.2,No,78.7,Placed
STU04260,Male,Commerce,5.0,72.3,6.1,2.5,9.0,59.7,No,64.0,Placed
STU03727,Female,CSE,2.7,80.0,7.5,1.7,15.0,75.6,Yes,70.9,Placed
STU09844,Male,Mechanical,3.2,68.7,7.8,2.6,13.0,69.1,No,66.8,Not Placed
STU09238,Female,IT,5.3,84.4,6.2,2.6,15.0,79.9,No,79.9,Placed
STU01751,Female, IT ,4.7,79.2,6.7,4.3,9.0,56.9,No,67.4,Placed
STU07692,Male,CSE,0.1,60.4,4.0,6.4,10.0,57.4,Yes,44.5,Not Placed
STU05152,Male,ECE,3.1,81.3,5.4,5.2,13.0,63.0,Yes,55.3,Placed
STU03879,Female,Commerce,4.2,76.0,7.5,4.0,6.0,50.4,No,48.6,Not Placed
STU05865,Female,ECE,3.2,70.4,5.6,7.1,11.0,60.2,Yes,55.1,Not Placed
STU05601,Male,CSE,5.3,98.1,7.5,3.2,20.0,84.2,No,85.2,Placed
STU01044,Female,Civil,0.1,68.4,5.0,7.5,15.0,57.4,No,47.0,Not Placed
STU03011,Male,Civil,5.2,100.0,6.6,3.1,18.0,97.9,Yes,97.1,Placed
STU05156,Female,civil,0.6,60.2,7.9,5.9,7.0,52.9,No,39.6,Not Placed
STU06778,Female,Commerce,3.3,82.7,5.5,2.8,11.0,61.9,No,64.2,Not Placed
STU07787,Female,IT,3.7,71.9,4.5,3.9,15.0,50.9,No,62.0,Not Placed
STU04591,Female,IT,5.1,81.7,4.6,4.3,17.0,68.4,Yes,69.3,Placed
STU04752,Male,CSE,4.8,85.7,7.2,3.9,16.0,53.8,No,67.0,Not Placed
STU02965,Male,ECE,3.4,,6.2,3.5,13.0,60.9,Yes,62.0,Not Placed
STU08834,Male,Mechanical,3.8,85.7,6.5,5.6,20.0,79.4,No,80.1,Placed
STU00138,Female,Mechanical,4.8,72.0,6.7,3.4,11.0,65.3,No,61.0,Not Placed
STU09073,Male,Commerce,4.6,73.1,5.3,3.7,15.0,74.2,No,72.7,Not Placed
STU01098,Female,CSE,4.5,89.9,8.2,4.8,17.0,75.4,No,63.8,Placed
STU09327,Male,Civil,1.5,73.6,7.0,3.8,14.0,72.7,Yes,62.5,Placed
STU06550,Male,IT,4.2,70.1,7.7,3.5,10.0,44.1,Yes,49.0,Not Placed
STU06472,Female,Civil,3.5,81.6,6.4,3.3,16.0,66.6,Yes,62.0,Placed
STU06462,Male,ECE,1.7,72.9,6.2,3.3,13.0,74.4,Yes,63.0,Placed
STU05266,Male,ECE,2.7,76.4,3.2,3.5,14.0,65.3,Yes,51.7,Not Placed
STU02136,Female,IT,3.6,78.3,5.6,2.2,9.0,55.4,Yes,49.9,Placed
STU05459,Male,IT,3.2,89.6,6.4,4.7,,61.7,No,57.0,Placed
STU05079,Male,IT,5.4,81.2,6.0,3.3,16.0,81.6,No,73.0,Placed
STU03368,Female,ECE,3.0,76.7,7.1,8.2,13.0,62.6,Yes,56.2,Not Placed
STU03730,Male,Mechanical,3.9,83.7,8.2,,14.0,63.7,Yes,66.6,Placed
STU00149,Female,Mechanical,2.2,78.4,7.0,2.9,14.0,61.8,Yes,57.7,Not Placed
STU00304,Male,Civil,4.8,70.4,5.5,4.8,14.0,58.5,No,64.3,Not Placed
STU05114,Male,Commerce,3.0,87.2,6.6,4.0,13.0,67.1,No,65.3,Not Placed
STU05149,Male,CSE,0.9,65.2,7.0,6.0,12.0,59.2,Yes,47.7,Placed
STU01271,Female,CSE,5.7,,4.6,4.6,20.0,73.4,No,81.8,Placed
STU01905,Male,IT,6.2,81.4,4.6,2.7,16.0,70.6,No,78.6,Not Placed
STU02211,Male,CSE,4.8,77.3,4.8,3.1,14.0,63.5,Yes,65.6,Placed
STU04295,Male,Commerce,4.2,80.7,5.9,4.6,15.0,66.1,Yes,58.8,Not Placed
STU03843,Female,Commerce,,81.6,6.2,3.1,12.0,58.3,No,69.4,Placed
STU03575,Male,Civil,,84.1,3.7,4.6,9.0,59.8,No,45.0,Not Placed
STU02876,Female,Commerce,,58.0,6.6,4.8,8.0,45.1,No,39.1,Not Placed
STU05041,Female,CSE,2.4,72.4,7.6,5.1,16.0,,Yes,50.2,Placed
STU02299,Male,Commerce,4.1,75.6,5.8,3.1,8.0,53.7,No,63.9,Not Placed
STU08676,F,CSE,1.8,71.9,7.7,6.4,14.0,62.2,Yes,55.6,Placed
STU08156,M,commerce,1.2,77.9,4.0,4.8,9.0,52.6,Yes,48.9,Not Placed
STU05279,Female,Commerce,4.8,73.8,6.1,3.8,8.0,56.9,Yes,48.9,Not Placed
STU05436,Male,CSE,4.1,84.6,7.8,3.0,12.0,72.4,Yes,63.0,Placed
STU05128,Female,CSE,3.5,86.8,7.0,3.4,17.0,78.4,No,81.5,Placed
STU08984,Male,CSE,,80.2,5.7,3.5,14.0,60.2,No,61.2,Placed
STU06529,Male,IT,4.3,98.8,5.9,4.5,20.0,72.5,Yes,64.5,Placed
STU06895,Female,ECE,4.6,81.9,6.8,4.6,14.0,66.2,Yes,66.6,Placed
STU01202,Male,Commerce,5.0,76.2,5.9,4.3,12.0,49.2,No,52.4,Not Placed
STU06591,male,IT,3.8,71.6,8.2,3.1,11.0,73.6,No,64.3,Placed
STU03430,Female,CSE,4.2,82.9,7.4,4.9,16.0,70.7,Yes,84.5,Placed
STU01866,Female,IT,5.4,84.2,7.8,3.4,12.0,61.6,No,69.8,Placed
STU09829,Male,IT,2.2,73.3,7.1,6.3,8.0,55.0,Yes,52.3,Not Placed
STU05576,Male,Civil,4.0,76.7,5.3,4.4,14.0,54.7,No,55.4,Not Placed
STU07058,Female,Mechanical,2.2,71.4,7.1,4.8,9.0,66.3,Yes,64.4,Placed
STU05717,Male,CSE,5.1,72.5,7.3,4.0,9.0,76.6,Yes,73.8,Placed
STU04999,Female,IT,4.1,80.9,7.0,4.1,10.0,54.1,No,56.3,Placed
STU02810,Male,ECE,2.6,67.2,7.2,3.9,4.0,41.7,No,43.8,Not Placed
STU08878,Female,CSE,1.1,60.4,4.9,,7.0,53.9,No,32.6,Not Placed
STU04256,Female,CSE,5.8,82.0,7.6,4.3,13.0,81.9,Yes,78.3,Placed
STU07529,Female,COMMERCE,5.6,82.6,6.2,4.9,16.0,69.4,Yes,81.9,Placed
STU08753,Male,IT,5.1,97.9,4.9,1.7,18.0,76.2,Yes,88.5,Placed
STU02891,Male,IT,0.8,58.9,6.4,6.8,7.0,61.2,Yes,40.8,Not Placed
STU03501,Male,CSE,3.9,67.5,6.0,3.0,10.0,51.6,Yes,59.2,Placed
STU09864,Male,ECE,3.0,79.4,8.7,3.5,13.0,74.1,No,72.2,Not Placed
STU03380,Male,CSE,2.7,61.7,7.4,2.8,9.0,51.9,Yes,55.4,Placed
STU03194,Female,CSE,3.6,73.1,4.8,4.2,10.0,44.6,No,51.5,Not Placed
STU01447,Female,IT,5.7,89.3,5.9,3.3,20.0,90.3,No,89.5,Placed
STU01953,Male,IT,4.0,65.1,5.1,7.2,8.0,43.3,No,43.4,Not Placed
STU07125,Female,,5.8,84.8,7.4,5.1,15.0,54.8,No,63.0,Not Placed
STU09115,Male,Civil,6.1,,5.9,0.7,13.0,,No,74.2,Placed
STU01625,Male,ECE,2.4,,5.8,6.0,9.0,56.3,Yes,38.4,Not Placed
STU08503,Male,Commerce,3.8,72.2,7.2,6.4,16.0,49.8,No,65.4,Placed
STU06950,Male,,3.9,79.3,3.8,1.6,17.0,78.9,No,65.5,Placed
STU01320,Female,ECE,5.7,98.8,7.1,2.9,18.0,79.4,Yes,90.8,Placed
STU03532,Male,ECE,3.3,76.2,5.2,5.2,12.0,57.8,No,46.3,Not Placed
STU01664,Male,Mechanical,5.5,96.9,5.9,2.8,20.0,86.1,No,87.0,Placed
STU00816,Female,CSE,3.8,81.6,6.5,6.3,12.0,62.1,Yes,58.0,Not Placed
STU04776,Male,CSE,5.9,99.0,8.4,4.5,19.0,67.0,Yes,86.8,Placed
STU09608,Female,ECE,2.5,82.9,8.8,6.2,14.0,72.5,Yes,49.5,Placed
STU01094,Male,CSE,3.1,74.8,7.2,5.8,17.0,61.1,No,64.8,Placed
STU04177,Male,Mechanical,3.3,78.7,7.0,2.0,15.0,65.2,No,60.7,Not Placed
STU01951,Female,IT,2.9,77.5,6.3,3.2,11.0,70.4,No,59.7,Not Placed
STU03885,Female,CSE,4.5,61.1,9.8,3.3,12.0,50.8,No,62.9,Placed
STU09516,Female,Civil,3.0,70.8,10.0,6.7,0.0,37.7,No,38.6,Not Placed
STU09667,Female,IT,2.0,72.2,6.3,3.9,13.0,50.6,No,59.7,Placed
STU02801,Male,ECE,2.6,81.1,5.8,4.3,13.0,53.7,No,61.9,Not Placed
STU01240,Male,CSE,4.0,83.7,7.3,3.1,17.0,83.2,No,87.0,Placed
STU00330,Male,IT,2.3,71.9,,4.7,12.0,57.9,Yes,59.8,Not Placed
STU03103,Female,Civil,2.7,75.0,8.3,4.3,20.0,85.2,Yes,75.7,Placed
STU08435,Female,CSE,4.5,76.6,6.2,5.1,14.0,67.1,No,69.0,Placed
STU02543,Female,IT,2.2,68.5,5.8,8.3,13.0,54.7,No,49.8,Placed
STU04738,Female,Mechanical,2.0,73.5,8.3,0.8,14.0,74.6,No,70.4,Placed
STU04793,Male,CSE,3.3,74.8,6.3,4.0,17.0,67.9,No,63.8,Placed
STU06647,Male,IT,1.3,67.2,7.3,1.6,11.0,53.1,Yes,47.7,Not Placed
STU02819,Female,Civil,4.9,95.5,7.3,3.7,18.0,67.4,No,79.9,Placed
STU00754,Female,IT,4.7,100.0,5.2,3.9,20.0,80.1,Yes,70.1,Placed
STU04532,Male,CSE,3.4,81.8,7.6,3.8,17.0,60.9,No,60.0,Placed
STU01564,Male,CSE,2.1,72.0,7.3,3.1,14.0,49.1,No,52.3,Not Placed
STU01935,Male,CSE,4.3,64.0,7.4,6.9,6.0,43.6,No,48.3,Not Placed
STU07208,Male,Mechanical,5.2,83.2,5.3,8.1,16.0,74.3,No,68.5,Not Placed
STU09787,Female,CSE,2.6,69.2,,4.3,13.0,64.6,Yes,64.1,Placed
STU03494,Male,CSE,3.1,78.6,7.4,3.1,14.0,67.6,No,64.0,Not Placed
STU07713,Female,Mechanical,2.7,79.7,7.8,5.5,20.0,72.4,No,68.4,Placed
STU01857,Male,CSE,1.8,67.8,5.7,5.3,16.0,66.8,Yes,54.2,Placed
STU04698,Female,CSE,1.4,72.6,6.0,5.6,15.0,48.5,No,45.1,Placed
STU03564,Male,Mechanical,4.0,91.9,7.0,4.3,14.0,58.2,No,65.5,Not Placed
STU01014,Male,IT,2.8,56.2,7.3,4.2,6.0,31.6,No,35.5,Not Placed
STU06109,Male,Mechanical,6.3,92.9,6.3,3.7,13.0,74.7,Yes,83.5,Placed
STU05483,Female,IT,0.9,60.4,8.4,5.8,11.0,64.2,No,50.6,Not Placed
STU00467,Female,Mechanical,2.6,62.4,7.7,2.9,11.0,57.9,No,48.6,Not Placed
STU04029,Male,CSE,0.7,54.5,6.6,4.5,10.0,67.9,Yes,52.8,Placed
STU00175,Female,Commerce,0.9,65.7,3.8,6.5,3.0,42.1,No,26.7,Not Placed
STU04881,Male,CSE,0.3,78.4,6.5,5.6,9.0,58.8,No,45.4,Not Placed
STU00278,Female,CSE,3.2,68.6,5.8,5.7,8.0,48.3,Yes,50.1,Not Placed
STU01070,Male,ECE,5.6,100.0,8.1,4.9,13.0,64.5,Yes,69.3,Not Placed
STU09217,Female,IT,2.5,68.2,6.7,6.2,9.0,46.2,No,47.9,Not Placed
STU05562,Male,CSE,4.8,98.5,6.7,5.2,20.0,82.5,No,91.4,Placed
STU06867,Male,ECE,2.3,70.4,4.3,6.5,10.0,55.4,Yes,43.6,Placed
STU05037,Male,CSE,4.3,78.3,7.4,4.0,18.0,66.1,No,80.2,Placed
STU06804,Male,Mechanical,2.6,70.9,5.1,6.1,18.0,62.8,Yes,59.4,Placed
STU09538,Female,Mechanical,,75.5,,1.4,16.0,63.6,No,63.0,Placed
STU05546,Female,IT,4.9,93.4,5.7,4.1,20.0,77.1,No,81.1,Placed
STU05003,Male,Mechanical,4.0,71.3,7.3,4.4,12.0,53.9,No,50.1,Not Placed
STU01714,Male,CSE,3.6,60.6,6.4,4.5,14.0,60.3,Yes,63.0,Placed
STU07641,Female,IT,2.0,68.5,6.8,4.2,13.0,57.5,No,55.8,Not Placed
STU02612,Female,ECE,2.4,81.6,8.6,4.1,15.0,71.5,No,60.0,Not Placed
STU07394,Male,Commerce,5.0,90.7,7.2,4.4,14.0,,No,71.2,Not Placed
STU00389,Male,ECE,4.3,79.6,7.0,4.5,14.0,63.3,No,60.7,Not Placed
STU08021,Male,IT,2.3,84.1,6.2,5.9,17.0,71.9,No,71.5,Not Placed
STU03496,Male,CSE,1.5,60.1,5.1,6.3,12.0,64.6,Yes,40.7,Not Placed
STU04977,Male,Civil,3.9,70.0,7.1,6.8,14.0,72.9,No,66.5,Not Placed
STU03543,Male,Mechanical,4.1,75.5,8.3,5.2,12.0,54.4,No,59.4,Not Placed
STU07289,Female,IT,2.9,73.9,5.1,4.7,14.0,49.5,Yes,49.0,Not Placed
STU07311,Male,CSE,2.5,68.6,7.3,3.2,4.0,37.3,Yes,42.5,Not Placed
STU00051,Female,CSE,3.3,79.2,7.2,5.8,13.0,59.4,No,60.4,Placed
STU06588,Female,CSE,3.0,69.3,5.1,3.2,9.0,,No,52.1,Not Placed
STU04230,Female,CSE,3.6,71.6,8.4,5.1,10.0,83.4,Yes,67.6,Placed
STU00483,Male,ECE,4.5,78.7,6.7,6.7,15.0,63.8,No,69.4,Not Placed
STU02252,Male,CSE,0.3,66.7,,3.2,10.0,59.0,No,52.5,Not Placed
STU04163,Male,Mechanical,2.6,71.6,7.6,5.4,,76.0,Yes,70.5,Placed
STU09806,Male,CSE,4.7,68.2,6.2,4.4,8.0,45.6,Yes,35.4,Not Placed
STU05093,Male,IT,2.5,65.4,7.1,4.7,8.0,46.9,Yes,40.0,Not Placed
STU03104,Female,Mechanical,,74.6,6.7,3.2,16.0,65.8,No,67.8,Not Placed
STU02930,Male,Civil,2.9,63.0,7.1,5.2,15.0,51.6,No,53.8,Not Placed
STU06777,Female,ECE,3.7,77.4,8.4,4.5,7.0,44.8,Yes,56.5,Placed
STU04970,Male,CSE,2.8,79.2,,4.7,16.0,,Yes,65.2,Placed
STU00065,Male,ECE,4.4,72.4,5.3,2.3,14.0,68.3,No,74.2,Not Placed
STU09732,Female,Mechanical,3.1,70.6,,5.1,16.0,67.1,Yes,59.0,Not Placed
STU07574,Female,ECE,2.3,63.8,5.9,4.4,13.0,69.3,Yes,57.6,Placed
STU08969,Male,Mechanical,,88.1,,,13.0,59.0,No,55.6,Not Placed
STU04588,Female,CSE,4.2,81.4,6.3,,20.0,61.1,No,66.0,Not Placed
STU06403,Female,Commerce,3.5,70.0,7.1,6.0,11.0,52.9,Yes,58.0,Not Placed
STU06210,Female,Mechanical,3.2,69.8,6.0,5.1,6.0,43.4,No,37.1,Not Placed
STU04617,Male,CSE,0.0,54.1,7.2,7.0,2.0,21.6,No,19.2,Not Placed
STU03333,Male,ECE,2.4,66.4,6.8,7.6,7.0,39.1,No,47.5,Not Placed
STU07588,Male,ECE,3.2,62.9,6.7,5.3,10.0,47.9,No,52.1,Not Placed
STU02816,Female,Civil,3.8,87.1,8.2,4.7,11.0,58.5,Yes,60.8,Not Placed
STU03965,Female,Mechanical,2.1,81.5,5.1,4.6,14.0,62.3,Yes,55.9,Not Placed
STU07607,Female,IT,2.9,73.4,8.3,,13.0,60.9,Yes,64.6,Not Placed
STU05382,Female, IT ,4.0,81.7,4.2,,15.0,64.9,Yes,58.9,Placed
STU05940,Male,ECE,4.7,72.5,6.7,6.3,13.0,72.1,Yes,70.9,Placed
STU08917,Male,CSE,4.2,,6.8,5.3,13.0,72.4,No,80.2,Placed
STU03242,Male,ECE,1.8,73.6,7.4,5.9,10.0,37.7,Yes,44.6,Not Placed
STU02794,Male,Mechanical,5.4,75.6,6.3,2.1,13.0,57.8,No,65.2,Not Placed
STU05734,Male,Commerce,4.0,72.9,6.9,5.8,13.0,61.1,No,62.6,Not Placed
STU02525,Male,ECE,3.1,88.9,5.1,2.4,20.0,82.7,No,80.2,Placed
STU01736,Male,ECE,5.7,86.5,7.5,3.2,17.0,70.4,No,76.5,Placed
STU07961,Female,IT,0.6,53.9,6.9,7.6,5.0,40.6,Yes,29.6,Not Placed
STU03125,Male,Commerce,7.2,84.4,6.4,2.6,14.0,69.2,No,82.6,Placed
STU04941,Male,IT,1.6,,6.2,4.3,15.0,67.9,Yes,67.4,Not Placed
STU07976,Male,IT,4.6,70.8,7.7,2.0,14.0,60.3,No,70.3,Not Placed
STU00274,Male,Mechanical,7.1,100.0,10.0,1.3,17.0,86.4,Yes,93.9,Placed
STU09771,Female,ECE,4.3,76.5,6.3,3.4,15.0,76.9,No,79.1,Placed
STU07022,Female,Commerce,2.1,84.1,7.1,4.6,16.0,81.8,Yes,62.5,Placed
STU09566,Female,CSE,4.3,70.8,7.5,5.3,12.0,69.0,No,69.2,Placed
STU06556,Female,Mechanical,4.7,76.0,6.0,4.7,15.0,60.6,No,67.6,Placed
STU05579,Male,IT,4.8,71.9,5.3,4.4,11.0,51.6,No,57.8,Placed
STU05497,Female,CSE,3.5,70.2,6.3,3.5,,62.7,No,61.8,Placed
STU01453,Female,ECE,3.9,62.2,7.7,1.8,11.0,58.8,No,70.7,Not Placed
STU02693,F,ECE,3.2,78.9,5.0,4.2,13.0,65.4,No,67.5,Placed
STU02768,Male,CSE,3.3,73.7,8.6,2.5,18.0,74.1,No,70.7,Placed
STU08411,Male,ECE,5.3,88.7,6.9,2.6,19.0,78.5,Yes,88.6,Placed
STU00240,Male,IT,2.5,69.4,5.4,5.7,12.0,54.1,Yes,49.3,Not Placed
STU01132,Male,IT,4.5,77.5,8.9,3.7,11.0,48.8,No,59.8,Not Placed
STU07894,Male,CSE,3.5,56.4,6.5,4.8,11.0,,Yes,58.6,Placed
STU03265,Female,IT,2.3,74.8,5.2,3.3,11.0,,No,61.2,Placed
STU05350,Female,CSE,5.9,85.6,7.0,0.3,15.0,55.2,Yes,71.3,Placed
STU05765,Male,CSE,1.3,62.7,6.6,4.6,12.0,44.5,Yes,45.2,Placed
STU01384,Female,Civil,4.6,74.4,6.4,0.9,11.0,54.3,No,63.3,Not Placed
STU03075,Male,Commerce,4.1,72.5,5.9,2.9,16.0,68.2,Yes,64.3,Placed
STU04861,Female,CSE,0.2,44.4,4.6,5.2,10.0,45.1,No,36.3,Not Placed
STU01358,Male,ECE,1.9,79.7,7.3,5.6,13.0,59.6,No,49.1,Not Placed
STU04872,Female,ECE,3.2,77.4,4.9,4.8,12.0,60.5,No,56.8,Not Placed
STU02631,Male,IT,4.6,83.8,7.0,4.3,12.0,60.6,No,66.0,Not Placed
STU00625,Male,CSE,3.5,83.9,5.8,1.8,18.0,,No,74.0,Placed
STU00840,Female,IT,4.5,65.9,5.9,6.7,9.0,70.9,No,62.5,Placed
STU04724,Male,IT,3.6,75.7,6.2,5.6,10.0,61.0,No,53.3,Not Placed
STU07664,Male,CSE,3.8,76.9,7.5,4.0,14.0,55.1,No,66.1,Placed
STU00324,Male,Civil,3.1,72.3,6.5,2.1,14.0,70.6,No,59.8,Placed
STU01868,Male,IT,2.0,77.2,4.8,6.1,10.0,71.1,Yes,57.4,Not Placed
STU05257,Male,Mechanical,,84.8,6.2,5.7,13.0,65.9,No,58.2,Not Placed
STU02827,Male,ECE,0.9,83.1,,3.5,19.0,83.7,No,71.5,Placed
STU05173,Male,Civil,4.5,72.3,7.5,3.9,,48.6,No,61.8,Not Placed
STU07084,Male,Mechanical,2.2,69.0,7.8,3.8,14.0,70.7,No,68.0,Not Placed
STU03928,Male, Mechanical ,1.0,54.8,6.1,,5.0,56.1,No,31.9,Not Placed
STU08630,Male,Civil,4.5,88.6,8.1,2.8,18.0,61.5,No,75.3,Placed
STU00120,Female,CSE,1.7,53.6,6.5,3.5,13.0,72.6,Yes,59.3,Not Placed
STU09684,Male,ECE,2.6,75.7,6.5,4.2,16.0,71.9,No,70.5,Placed
STU09531,Male,Mechanical,4.6,79.3,7.5,5.3,17.0,63.6,No,68.4,Placed
STU02378,Male,Commerce,2.9,79.3,6.1,4.0,9.0,53.5,No,56.4,Not Placed
STU05911,Female,ECE,3.0,80.0,7.1,5.2,19.0,93.9,Yes,76.7,Placed
STU07510,Female,Civil,1.8,59.9,7.3,4.0,7.0,66.8,No,55.8,Not Placed
STU09219,Female,Mechanical,3.0,83.2,6.9,5.4,13.0,,No,52.2,Not Placed
STU03302,Female,CSE,7.2,91.1,6.4,3.7,20.0,100.0,No,92.9,Placed
STU07525,Female,Civil,3.3,75.5,5.4,3.2,8.0,63.6,Yes,58.7,Not Placed
STU04173,Male,CSE,2.7,65.5,4.5,2.7,10.0,56.7,Yes,43.8,Not Placed
STU09093,Male,IT,3.3,65.9,6.6,5.8,19.0,74.4,Yes,68.4,Placed
STU07880,Male,IT,7.0,,6.5,3.3,17.0,79.4,Yes,89.7,Placed
STU09397,Male,Commerce,7.7,100.0,8.1,1.4,20.0,86.8,No,100.0,Placed
STU00859,Female,CSE,,70.9,5.1,7.2,6.0,44.2,Yes,38.0,Not Placed
STU05038,Female,IT,2.5,68.0,5.9,5.5,,51.9,No,55.7,Not Placed
STU06722,Male,CSE,5.5,87.7,6.2,5.0,20.0,74.4,Yes,78.7,Placed
STU04051,Male,CSE,1.6,66.2,7.2,4.4,16.0,71.6,No,73.9,Not Placed
STU06964,Male,ECE,5.9,91.8,6.3,3.7,18.0,73.0,Yes,79.6,Placed
STU00553,Male,Commerce,3.9,92.4,6.6,4.0,16.0,54.4,No,72.2,Not Placed
STU00407,Male,CSE,2.9,81.2,5.8,5.0,16.0,58.4,No,68.0,Placed
STU06214,Female,CSE,5.5,86.4,,1.1,16.0,69.0,No,83.7,Placed
STU03135,Female,IT,1.0,68.2,6.3,4.6,5.0,62.6,No,42.5,Not Placed
STU03299,Male,Commerce,3.0,64.3,7.5,5.4,9.0,68.8,Yes,57.3,Not Placed
STU07480,Female,CSE,2.9,69.3,6.7,3.5,11.0,53.7,No,53.1,Not Placed
STU02350,Male,Civil,3.3,63.2,8.2,2.3,12.0,74.1,No,68.0,Not Placed
STU05843,Female,Commerce,2.4,74.7,5.8,3.5,13.0,65.5,Yes,47.1,Not Placed
STU07666,Female,Mechanical,,92.2,6.5,4.0,17.0,71.9,No,67.0,Not Placed
STU00237,Male,Mechanical,0.0,56.8,9.0,4.5,5.0,29.1,No,30.0,Not Placed
STU05782,Female,CSE,1.6,50.5,4.2,5.8,6.0,33.9,Yes,25.2,Not Placed
STU06083,female,IT,4.4,78.1,7.6,2.6,13.0,55.1,No,68.2,Placed
STU06080,Male,IT,2.9,60.0,4.5,8.5,8.0,46.7,No,35.9,Not Placed
STU07898,Female,CSE,1.7,74.4,7.3,4.9,16.0,79.4,No,72.1,Placed
STU03164,Female,CSE,0.5,59.7,5.6,3.6,17.0,69.8,No,53.0,Not Placed
STU00500,Female,Commerce,3.1,73.5,6.9,8.4,7.0,31.6,No,40.4,Not Placed
STU04919,Female,ECE,4.4,86.8,7.5,2.8,15.0,69.2,Yes,74.6,Placed
STU03626,Female,Civil,5.5,89.4,7.3,3.6,20.0,,No,83.3,Placed
STU03128,Female,Mechanical,4.5,84.4,5.6,7.1,14.0,62.1,No,61.5,Not Placed
STU08987,Female,,1.1,66.4,8.0,5.6,13.0,65.7,Yes,56.0,Placed
STU03359,Male,CSE,3.0,80.8,7.3,2.9,9.0,63.2,No,59.3,Placed
STU09183,Male,Mechanical,4.8,77.4,8.6,3.0,16.0,85.3,Yes,79.8,Placed
STU07079,Male,IT,4.5,75.7,6.7,4.3,6.0,44.8,No,46.0,Not Placed
STU08583,Male,CSE,2.1,63.9,,4.1,11.0,48.1,No,47.4,Not Placed
STU04840,Female,IT,1.0,84.7,7.4,,,63.7,Yes,50.9,Placed
STU01218,Female,ECE,3.2,55.3,8.2,6.5,4.0,34.4,Yes,36.4,Not Placed
STU00236,Female,IT,3.9,62.3,7.7,4.4,12.0,52.3,No,57.6,Not Placed
STU00332,Male,Mechanical,5.7,85.2,6.2,3.5,18.0,83.1,Yes,88.8,Placed
STU04577,Male,Civil,0.0,61.1,4.3,5.5,9.0,70.5,No,39.8,Not Placed
STU03189,Male,CSE,4.3,71.6,8.6,4.2,12.0,57.5,Yes,58.8,Placed
STU07777,Male,IT,6.4,100.0,6.5,3.0,20.0,79.0,No,85.5,Placed
STU00045,Male,IT,6.1,86.5,6.7,5.6,14.0,63.6,No,74.3,Placed
STU07926,Female,CSE,2.9,62.4,9.3,3.1,7.0,57.2,No,45.9,Placed
STU04217,Male,Civil,5.3,91.0,8.3,2.9,18.0,73.6,Yes,75.1,Placed
STU03073,Male,ECE,0.0,57.4,5.0,6.2,6.0,34.0,Yes,19.1,Not Placed
STU07912,Male,Mechanical,4.6,76.3,9.4,3.1,10.0,55.0,No,71.8,Not Placed
STU05023,Female,CSE,4.9,78.2,5.4,6.5,12.0,54.5,No,51.4,Not Placed
STU06660,Female,IT,1.9,62.4,6.7,6.8,4.0,44.7,No,45.3,Not Placed
STU01595,Male,Mechanical,2.9,77.4,5.8,3.4,13.0,67.2,Yes,60.6,Placed
STU08416,Male,Commerce,4.2,76.8,6.4,6.5,18.0,60.3,No,74.1,Placed
STU04710,Female,ECE,3.4,82.7,7.7,3.3,16.0,72.6,No,66.0,Not Placed
STU02892,Female,IT,2.9,72.3,5.8,3.4,14.0,70.9,No,64.9,Placed
STU01246,Female,Commerce,,72.5,7.4,6.5,14.0,69.6,No,66.4,Placed
STU07770,Male,Commerce,3.2,,6.2,4.9,16.0,64.9,No,66.1,Not Placed
STU01541,Male,IT,5.9,89.4,6.4,6.0,12.0,49.8,No,65.9,Not Placed
STU04626,Male,MECHANICAL,3.4,75.9,6.0,3.8,18.0,61.5,No,55.4,Not Placed
STU00819,Female,Commerce,2.7,88.2,6.3,4.4,15.0,81.7,No,72.4,Not Placed
STU00156,Female,IT,4.1,94.5,6.8,4.3,20.0,83.7,Yes,77.5,Placed
STU07511,Male,Civil,2.0,72.5,5.4,4.5,18.0,77.4,Yes,68.7,Placed
STU06745,Male,IT,4.5,78.2,6.6,1.8,13.0,,No,58.0,Placed
STU08636,Female,IT,2.2,86.8,7.1,6.4,16.0,64.8,No,75.4,Placed
STU00249,Male,CSE,8.7,97.8,6.8,0.4,20.0,87.4,Yes,95.9,Placed
STU04015,Female,CSE,5.1,79.6,6.9,4.1,15.0,70.4,Yes,83.4,Placed
STU07610,Male,Civil,4.6,62.9,8.3,5.6,17.0,41.3,No,53.2,Not Placed
STU05227,Female,Mechanical,6.1,71.7,6.3,4.9,13.0,65.6,No,70.0,Not Placed
STU08175,Male,CSE,5.7,85.4,5.1,4.4,15.0,60.6,Yes,65.4,Placed
STU08986,Male,Commerce,2.5,91.9,5.0,7.5,20.0,81.8,Yes,68.1,Placed
STU08120,Male,CSE,4.4,82.5,7.8,,15.0,82.1,No,76.5,Placed
STU03190,Female,ECE,1.1,61.6,7.2,4.0,9.0,51.4,Yes,44.8,Not Placed
STU02650,Male,CSE,6.6,87.9,6.3,1.1,19.0,,Yes,92.3,Placed
STU00629,Male,CSE,4.4,65.9,5.5,4.6,9.0,54.8,No,50.7,Placed
STU01231,Female,Mechanical,4.9,72.0,,2.7,14.0,58.8,No,60.0,Placed
STU02340,Male,CSE,7.0,91.3,8.1,0.2,16.0,82.2,No,97.9,Placed
STU07708,Male,Civil,5.4,69.6,5.8,5.2,8.0,41.7,Yes,48.3,Placed
STU06831,Female,Mechanical,3.1,62.7,6.8,8.3,12.0,59.7,No,56.4,Not Placed
STU07369,Male,IT,3.7,95.6,6.8,2.3,20.0,68.9,No,77.4,Placed
STU01452,Male,IT,3.0,70.4,8.2,3.5,12.0,68.5,Yes,60.2,Placed
STU01829,Female,CSE,,76.1,6.1,,10.0,42.5,No,47.7,Not Placed
STU09019,Male,CSE,2.8,69.4,7.2,6.7,11.0,50.9,No,46.3,Not Placed
STU01640,Female, CSE ,4.1,69.8,7.1,7.4,11.0,59.8,Yes,66.1,Placed
STU03865,Male,IT,4.5,71.9,8.6,5.7,8.0,31.9,Yes,48.6,Not Placed
STU07938,Male,ECE,2.6,76.9,6.7,5.0,12.0,70.8,Yes,63.3,Placed
STU03421,Male,Mechanical,1.9,71.9,5.9,3.9,14.0,60.6,No,53.3,Placed
STU03768,Female,CSE,5.8,95.2,7.9,6.3,16.0,68.0,No,72.9,Placed
STU08728,Male,ECE,6.4,74.4,7.2,2.2,13.0,50.4,No,67.6,Not Placed
STU05907,Male,CSE,6.4,83.1,6.7,3.7,12.0,72.9,Yes,79.7,Placed
STU08347,Female,IT,0.1,51.0,5.2,4.0,7.0,43.4,Yes,33.3,Not Placed
STU05597,Male,IT,1.7,57.5,,2.5,10.0,58.5,Yes,51.2,Not Placed
STU03150,Male,Mechanical,1.6,82.0,7.9,5.4,15.0,56.1,Yes,59.0,Placed
STU09504,Male,ECE,5.9,,5.7,4.6,20.0,82.8,No,86.5,Placed
STU08515,Male,IT,5.4,85.5,,4.3,18.0,73.9,Yes,80.0,Placed
STU05807,Male,Mechanical,3.7,68.9,7.1,,7.0,54.7,No,52.5,Not Placed
STU04111,Male,IT,4.6,85.6,8.4,1.6,15.0,72.0,Yes,78.8,Placed
STU01799,Male,Mechanical,6.0,83.9,6.1,5.2,12.0,57.8,No,67.6,Placed
STU08275,Female,commerce,6.5,86.2,8.5,3.7,17.0,71.0,Yes,70.1,Placed
STU01989,Male,commerce,0.6,59.8,7.5,3.1,10.0,,No,47.4,Not Placed
STU01575,Male,CSE,3.7,62.4,6.5,5.8,4.0,47.5,Yes,44.4,Not Placed
STU02724,Female,Civil,3.3,66.7,6.2,7.9,12.0,68.6,No,57.2,Placed
STU02059,Male,CSE,4.8,82.4,7.1,6.5,8.0,68.4,Yes,52.6,Placed
STU09367,Female,Civil,4.1,82.9,5.6,4.0,20.0,59.7,No,66.3,Placed
STU04510,Male,Mechanical,5.7,89.7,7.1,4.7,13.0,63.4,No,69.8,Not Placed
STU04262,Male,ECE,6.4,80.5,7.0,4.6,15.0,81.8,No,88.6,Placed
STU09593,Male,CSE,6.6,85.6,4.6,7.0,11.0,73.1,No,68.4,Not Placed
STU06252,Female,Commerce,2.4,69.1,6.7,3.1,15.0,71.8,Yes,68.9,Placed
STU00615,Female,Mechanical,1.4,65.4,6.0,4.7,9.0,55.5,Yes,51.7,Not Placed
STU03094,Female,IT,4.0,70.5,,4.7,12.0,62.7,No,60.8,Not Placed
STU03451,Female,CSE,4.4,69.1,7.6,5.5,8.0,46.3,Yes,59.6,Placed
STU01015,Male,ECE,3.0,59.0,5.2,3.9,10.0,54.6,Yes,50.7,Not Placed
STU01717,Male,Commerce,3.5,61.8,6.0,4.2,11.0,45.9,Yes,49.0,Not Placed
STU03906,Male,CSE,5.1,98.8,,2.1,20.0,85.5,No,80.6,Placed
STU07501,Female,IT,3.8,80.9,7.9,4.3,18.0,,No,74.3,Placed
STU03419,Male,CSE,3.3,83.8,6.3,2.7,14.0,78.5,No,64.1,Not Placed
STU04652,Male,Mechanical,4.4,72.8,7.0,5.0,11.0,79.2,No,70.6,Not Placed
STU03101,Female,Civil,2.8,70.1,6.7,4.7,9.0,43.7,No,51.6,Not Placed
STU06465,Female,Commerce,3.9,83.5,6.7,5.4,12.0,62.8,No,59.7,Not Placed
STU09840,Male,Civil,,76.9,6.7,4.8,18.0,68.7,No,65.0,Placed
STU01212,Female,ECE,3.6,69.3,6.2,4.2,11.0,55.4,Yes,60.1,Placed
STU09820,Male,Civil,1.6,64.9,8.0,4.1,10.0,45.2,No,52.7,Not Placed
STU08827,Male,CSE,4.0,,7.8,,12.0,74.0,Yes,66.1,Placed
STU09248,Female,Commerce,2.5,66.8,6.2,5.2,11.0,62.1,Yes,62.9,Not Placed
STU08989,Male,COMMERCE,2.4,68.8,8.0,6.0,5.0,46.2,No,50.9,Not Placed
STU07087,Male,CSE,2.1,64.3,6.3,5.0,13.0,45.2,No,47.7,Not Placed
STU05188,Male,Commerce,4.3,78.2,6.9,2.7,10.0,64.4,No,53.4,Not Placed
STU04271,Female,IT,2.0,69.0,5.4,6.0,12.0,46.5,No,39.4,Not Placed
STU02815,Female,ECE,3.4,74.2,7.9,6.5,14.0,56.1,No,51.7,Not Placed
STU01081,Male,Mechanical,3.1,70.8,5.8,4.1,12.0,,Yes,59.0,Placed
STU01608,Female,Mechanical,2.3,80.8,6.1,5.0,16.0,57.8,No,62.4,Not Placed
STU08337,Male,CSE,,98.5,5.2,0.9,17.0,73.2,No,80.1,Placed
STU04242,Male,CSE,3.8,,7.1,3.4,10.0,59.4,No,61.9,Not Placed
STU00091,Male,Commerce,6.8,94.0,8.2,3.3,15.0,55.1,No,77.0,Not Placed
STU07847,Male,CSE,4.7,83.1,8.2,3.9,16.0,65.2,No,73.7,Placed
STU07931,Male,Commerce,1.5,73.9,8.6,2.0,10.0,58.1,No,57.0,Not Placed
STU00683,Male,Civil,4.8,77.5,7.1,3.3,15.0,63.1,No,64.7,Placed
STU08042,Female,CSE,4.5,91.3,7.5,3.8,11.0,47.6,No,55.4,Placed
STU08286,Male,ECE,2.6,79.0,8.9,4.0,13.0,82.4,Yes,65.9,Placed
STU09027,Female,IT,2.0,84.7,5.7,4.7,11.0,65.5,Yes,49.1,Placed
STU06053,Female,ECE,2.7,52.6,5.6,8.1,9.0,59.7,No,54.1,Placed
STU06006,Male,Civil,1.8,74.8,4.9,3.9,16.0,63.0,Yes,50.6,Placed
STU05132,Female,Civil,4.6,78.9,7.0,3.1,13.0,53.9,Yes,64.0,Not Placed
STU01401,Female,IT,7.3,84.9,6.7,2.0,17.0,84.2,No,89.3,Placed
STU07256,Female,CSE,6.1,73.9,,,12.0,73.4,No,75.3,Placed
STU02263,Female,Mechanical,4.6,84.4,6.2,3.1,14.0,75.7,Yes,70.0,Placed
STU03246,Female,Mechanical,2.8,88.0,5.7,7.3,13.0,,No,58.4,Not Placed
STU09191,Male,Commerce,3.5,86.2,6.5,3.1,18.0,52.4,No,61.7,Not Placed
STU00854,Male,CSE,3.4,65.1,8.1,3.1,9.0,66.2,Yes,61.6,Placed
STU09335,Female,Civil,1.4,77.2,6.5,3.9,13.0,77.8,No,56.3,Not Placed
STU07844,Male,Mechanical,,64.4,6.7,3.0,8.0,56.9,Yes,49.6,Not Placed
STU02275,Female,CSE,1.5,67.6,5.8,19.5,13.0,56.7,Yes,55.0,Not Placed
STU07041,Female,CSE,3.7,79.3,6.3,5.3,15.0,46.8,No,59.9,Not Placed
STU07563,Female,CSE,3.1,61.9,5.7,3.5,11.0,53.3,No,49.5,Not Placed
STU04498,Female,Civil,2.4,67.1,8.1,9.3,9.0,34.7,No,41.7,Not Placed
STU07573,Male,Mechanical,5.1,75.9,8.2,5.4,14.0,45.1,No,65.8,Not Placed
STU01104,Female,ECE,3.9,73.3,5.6,3.5,12.0,63.5,No,62.6,Not Placed
STU00085,Female,Civil,1.7,79.8,4.6,3.3,9.0,45.0,No,55.1,Not Placed
STU05953,Female,CSE,0.0,57.0,8.1,6.7,5.0,56.1,Yes,39.8,Not Placed
STU04211,Female,CSE,4.4,75.1,7.6,4.0,12.0,57.4,No,67.3,Placed
STU06815,Male,IT,1.3,,5.4,2.6,13.0,77.3,No,62.6,Placed
STU05682,Male,CSE,5.3,90.5,7.6,5.4,16.0,74.0,Yes,74.4,Placed
STU03441,Male,CSE,5.4,95.2,5.9,2.5,16.0,77.0,Yes,83.6,Placed
STU01568,Male,Civil,5.7,77.5,7.1,4.9,12.0,72.6,No,66.7,Not Placed
STU07034,Female,Commerce,4.0,72.9,5.4,3.3,15.0,,No,56.7,Placed
STU05598,Female,Civil,4.1,81.2,5.1,5.6,9.0,61.9,Yes,52.6,Not Placed
STU01661,Male,IT,6.4,86.2,8.7,0.3,18.0,89.9,No,96.0,Placed
STU03765,Female,IT,1.5,84.9,,4.9,16.0,66.2,Yes,67.3,Placed
STU03585,Male,IT,3.2,86.6,7.5,6.0,18.0,56.7,No,71.6,Not Placed
STU06952,Female,Mechanical,2.8,97.6,5.5,5.1,18.0,89.0,Yes,77.2,Placed
STU02875,Male,Mechanical,5.2,78.4,6.3,1.8,7.0,72.3,No,62.0,Not Placed
STU02885,Male,Mechanical,1.6,74.8,6.8,6.1,12.0,53.2,Yes,45.1,Not Placed
STU03008,Female,ECE,4.0,85.4,8.2,4.9,15.0,85.0,Yes,75.2,Placed
STU01827,Female,CSE,3.1,83.4,7.1,4.0,17.0,76.5,Yes,69.0,Placed
STU05930,Female,IT,3.2,59.9,7.1,7.1,13.0,52.5,No,46.6,Placed
STU02641,Female,ECE,4.7,78.0,6.5,4.7,16.0,75.8,Yes,71.8,Placed
STU05702,Female,Mechanical,4.9,88.7,6.8,3.5,20.0,79.4,No,78.6,Placed
STU08536,Male,IT,1.7,73.2,6.1,3.7,11.0,61.5,No,59.5,Not Placed
STU06438,Male,CSE,3.6,92.9,6.4,1.3,17.0,63.2,No,64.7,Placed
STU06323,Male,Civil,4.2,81.4,6.4,6.4,12.0,67.0,No,72.0,Not Placed
STU02708,Female,Commerce,2.4,,6.4,5.4,0.0,23.8,Yes,15.9,Not Placed
STU06159,Male,CSE,6.0,71.4,6.0,5.2,9.0,43.4,Yes,51.6,Not Placed
STU07855,Female,Civil,,71.5,8.5,4.8,13.0,37.5,No,52.5,Not Placed
STU09303,Female,IT,1.1,74.7,8.4,4.7,13.0,63.5,Yes,45.9,Placed
STU02214,Male,Commerce,5.8,95.1,6.3,1.5,15.0,79.5,Yes,82.3,Placed
STU01360,Female,Commerce,5.0,72.2,6.8,2.2,12.0,72.1,Yes,73.5,Placed
STU02108,Female,ECE,3.3,76.1,6.4,4.3,8.0,46.2,No,50.4,Not Placed
STU04806,Female,ECE,,72.0,7.6,5.4,6.0,44.3,No,53.6,Not Placed
STU05975,Female,ECE,5.8,85.7,5.8,5.1,16.0,,No,88.7,Placed
STU06821,Male,IT,,78.6,7.4,2.6,13.0,64.4,Yes,67.1,Placed
STU09571,Male,Mechanical,4.7,90.9,7.0,3.5,20.0,75.4,No,77.9,Placed
STU02829,Female,IT,1.1,56.6,7.7,3.1,7.0,49.0,No,33.8,Not Placed
STU00425,Female,Mechanical,3.7,80.2,6.0,2.8,10.0,43.2,No,43.6,Not Placed
STU00293,Male,Civil,4.6,83.9,6.7,4.8,18.0,76.6,No,69.2,Placed
STU01066,Female,Mechanical,0.9,61.5,7.9,5.7,14.0,75.4,No,55.0,Not Placed
STU07018,Male,Civil,6.0,92.9,6.0,3.7,12.0,65.3,No,78.5,Not Placed
STU05735,Male,IT,4.9,62.5,8.2,3.7,9.0,48.5,No,60.5,Not Placed
STU05109,Female,CSE,3.3,67.7,6.5,5.5,10.0,58.9,Yes,48.7,Placed
STU07197,Female,IT,1.9,58.7,8.2,4.7,,53.0,No,41.6,Not Placed
STU00938,Female,CSE,1.1,81.3,,3.3,19.0,63.3,No,66.4,Placed
STU03780,Male,IT,3.3,56.2,7.5,,5.0,33.8,No,32.3,Not Placed
STU06894,Female,CSE,6.1,87.4,7.1,5.3,17.0,72.5,Yes,77.0,Placed
STU08447,Male,Commerce,4.4,75.7,5.4,4.5,13.0,71.7,Yes,67.6,Not Placed
STU09675,Female,CSE,6.0,87.3,8.0,2.9,19.0,66.2,No,84.6,Placed
STU09137,Male,Civil,6.2,82.3,5.2,4.4,12.0,58.3,No,54.7,Not Placed
STU09920,female,Civil,5.6,93.1,,3.8,17.0,84.3,Yes,79.5,Placed
STU06281,Male,IT,1.3,72.0,8.8,3.1,14.0,65.3,No,54.2,Placed
STU03267,Male,IT,4.1,59.1,7.1,5.6,2.0,37.2,Yes,39.7,Not Placed
STU07347,Female,Commerce,4.5,73.6,5.7,4.2,15.0,86.4,No,74.8,Placed
STU07724,Female,IT,0.5,48.8,6.2,5.8,6.0,31.4,Yes,35.9,Not Placed
STU04820,Female,Mechanical,1.8,61.5,6.8,7.3,,39.7,Yes,38.0,Not Placed
STU00970,Female,CSE,0.9,84.2,,2.0,13.0,58.6,Yes,63.2,Placed
STU00497,Male,IT,1.8,61.8,7.2,5.9,9.0,43.4,No,35.8,Not Placed
STU05836,Female,Commerce,2.5,68.4,5.5,5.2,,29.9,No,30.8,Not Placed
STU08530,Female,CSE,3.8,73.6,6.8,5.5,14.0,70.8,Yes,64.7,Placed
STU04705,Female,ECE,4.3,83.5,7.3,3.0,11.0,69.2,Yes,72.6,Placed
STU01149,Male,Commerce,3.2,81.6,6.6,4.2,16.0,82.5,No,82.0,Placed
STU05810,Female,CSE,3.9,54.4,5.5,3.3,8.0,62.0,No,54.6,Not Placed
STU03425,Male,CSE,6.9,100.0,6.3,3.8,20.0,94.8,No,92.4,Placed
STU05006,Male,Civil,2.3,60.9,6.3,8.4,6.0,45.4,No,32.4,Not Placed
STU03969,Female,ECE,2.3,67.8,6.6,4.6,9.0,58.3,Yes,49.9,Not Placed
STU02152,Male,IT,2.1,74.7,4.5,2.3,16.0,52.2,No,55.2,Not Placed
STU07762,Female,ECE,2.7,78.7,,2.8,13.0,55.5,Yes,52.9,Placed
STU02492,Male,CSE,1.9,71.1,6.0,3.7,8.0,42.6,No,45.9,Not Placed
STU04816,Female,CSE,1.8,57.7,7.2,6.4,0.0,32.9,No,37.3,Not Placed
STU02825,Female,IT,2.0,71.9,6.0,7.8,12.0,52.0,Yes,55.3,Placed
STU05666,Female,IT,4.6,90.0,6.4,4.1,14.0,54.9,No,73.0,Not Placed
STU07039,Male,Commerce,4.0,85.3,6.6,3.3,18.0,80.3,Yes,72.6,Placed
STU02276,Male,ECE,0.3,,6.9,6.4,2.0,26.8,Yes,14.8,Not Placed
STU08627,Female,ECE,2.2,58.4,7.5,3.9,12.0,56.6,No,52.3,Not Placed
STU08168,Female,CSE,0.2,58.6,5.9,3.3,10.0,46.6,Yes,43.9,Placed
STU05396,Male,CSE,3.8,79.7,5.8,4.0,17.0,75.7,Yes,76.3,Placed
STU06271,Male,Civil,5.8,77.7,5.7,2.9,16.0,69.2,Yes,79.1,Placed
STU03756,Female,CSE,2.9,74.8,,2.9,16.0,61.5,Yes,58.3,Placed
STU07918,Female,CSE,1.2,77.6,4.7,3.7,,59.4,No,48.0,Not Placed
STU07205,Female,ECE,3.5,54.3,6.4,4.3,7.0,44.0,No,47.5,Not Placed
STU03212,Female,Commerce,3.1,77.1,5.6,4.6,15.0,67.9,No,72.5,Placed
STU04309,Female,CSE,4.4,84.7,5.3,6.1,11.0,65.6,No,58.5,Not Placed
STU04993,Male,CSE,4.7,77.2,6.2,3.7,12.0,59.7,Yes,64.4,Placed
STU03541,Female,ECE,6.6,87.9,7.0,3.5,15.0,58.6,Yes,83.4,Placed
STU01942,Female,ECE,3.5,83.0,6.4,6.3,17.0,67.0,Yes,63.9,Placed
STU03600,Male,ECE,4.1,,6.2,5.8,18.0,86.5,Yes,80.2,Placed
STU05386,Male,CSE,3.8,64.6,6.5,6.0,,80.1,No,61.3,Placed
STU09458,Male,ECE,5.7,77.4,4.9,2.8,12.0,69.7,Yes,68.9,Placed
STU04439,Female,Commerce,3.9,71.4,7.7,3.4,8.0,44.7,Yes,61.2,Not Placed
STU02598,Female,Civil,4.7,91.4,5.4,4.7,17.0,64.1,No,54.6,Not Placed
STU01411,Male,CSE,3.1,67.0,4.6,2.4,9.0,58.1,No,41.3,Placed
STU01215,Male,IT,4.0,62.9,7.7,10.1,2.0,38.9,Yes,38.8,Not Placed
STU09159,Male,Commerce,2.7,80.8,7.9,5.8,15.0,62.5,No,56.2,Placed
STU09423,Female,Commerce,2.3,68.7,7.2,5.2,16.0,42.7,No,55.3,Not Placed
STU06440,Female,IT,3.8,96.3,4.2,5.2,17.0,75.2,No,69.6,Placed
STU04792,Female,Mechanical,2.6,51.3,7.3,8.0,2.0,26.0,Yes,28.0,Not Placed
STU07597,Male,Civil,2.3,82.2,7.4,,15.0,58.5,Yes,62.9,Placed
STU06218,Male,IT,1.8,73.6,7.1,4.4,10.0,49.9,No,47.7,Not Placed
STU00606,Male,IT,2.2,85.6,4.9,,15.0,61.9,No,54.4,Not Placed
STU08297,Female,CSE,2.9,64.5,7.6,4.9,10.0,55.6,No,53.3,Placed
STU00646,Male,Civil,5.4,83.2,5.8,5.5,8.0,63.7,Yes,67.6,Placed
STU05501,Male,Mechanical,1.0,74.4,6.2,3.6,9.0,48.5,Yes,48.9,Not Placed
STU03089,Female,CSE,3.6,73.2,6.4,3.9,11.0,58.9,Yes,58.6,Not Placed
STU09212,Female,Mechanical,2.7,69.8,7.1,2.6,10.0,47.2,No,51.7,Not Placed
STU08284,Male,CSE,3.6,71.7,5.6,3.5,8.0,71.3,No,57.0,Not Placed
STU05209,Female,CSE,0.4,79.2,5.8,6.4,12.0,56.3,No,44.9,Not Placed
STU02871,Male,CSE,5.0,79.0,6.9,6.8,10.0,46.1,No,45.7,Not Placed
STU09101,Male,CSE,7.5,90.5,7.7,2.2,19.0,80.6,Yes,97.0,Placed
STU05571,Male,CSE,3.5,75.3,7.8,5.0,18.0,67.5,No,73.1,Placed
STU05838,Female,CSE,3.6,69.9,6.5,6.6,9.0,51.2,Yes,49.4,Placed
STU08431,F,IT,,77.0,8.0,3.9,15.0,63.7,No,69.8,Placed
STU03141,Female,ECE,5.0,76.5,6.6,2.3,,69.4,No,73.7,Not Placed
STU09135,Female,Civil,0.0,65.4,4.8,7.1,8.0,51.2,Yes,28.3,Not Placed
STU09463,Female,Civil,4.3,68.9,7.7,2.6,10.0,60.2,No,79.9,Not Placed
STU00939,Female,Civil,4.9,90.5,7.0,3.7,,61.4,No,61.8,Not Placed
STU05521,Female,Mechanical,3.4,84.8,6.9,5.4,16.0,64.8,No,63.5,Not Placed
STU03230,Male,Commerce,1.5,61.9,7.4,6.9,9.0,43.9,Yes,39.4,Not Placed
STU01863,Female,IT,3.4,82.5,6.3,4.3,20.0,72.1,No,70.1,Placed
STU01670,Female,CSE,1.6,71.9,6.6,4.0,13.0,57.5,No,56.0,Not Placed
STU08198,Male,CSE,2.9,64.3,8.0,5.4,10.0,34.0,Yes,38.9,Not Placed
STU04344,Female,Mechanical,,82.6,7.0,5.8,,60.6,No,63.9,Not Placed
STU03944,Female,CSE,4.3,84.1,6.5,1.9,17.0,69.8,No,74.6,Placed
STU03014,Female,Civil,4.9,76.1,5.4,4.6,13.0,60.8,No,69.7,Not Placed
STU00019,Male,Commerce,3.9,88.2,7.1,2.8,15.0,69.7,No,79.4,Placed
STU07575,Male,CSE,4.5,88.4,7.7,5.8,11.0,64.6,No,66.9,Placed
STU06578,Female,Civil,3.2,60.6,7.5,5.5,8.0,43.6,No,51.2,Not Placed
STU09004,Female,Commerce,1.1,65.2,7.0,5.8,7.0,50.0,No,50.3,Not Placed
STU09493,Female,Civil,3.3,57.8,5.9,5.5,10.0,41.2,Yes,41.3,Not Placed
STU05432,Female,ECE,5.5,90.5,6.8,3.4,,70.9,No,68.8,Placed
STU08453,Female,Mechanical,1.5,67.8,7.2,7.6,12.0,48.0,Yes,41.5,Not Placed
STU01571,Female,CSE,6.3,85.6,7.7,4.5,15.0,66.0,No,82.8,Placed
STU01744,Female,CSE,0.3,63.9,7.6,5.4,6.0,50.5,Yes,34.6,Not Placed
STU07010,Male,IT,,75.7,5.6,4.0,14.0,62.2,Yes,69.0,Placed
STU00521,male,ECE,2.3,50.3,6.1,7.4,4.0,49.4,No,41.0,Not Placed
STU03938,Male,IT,6.2,85.8,6.6,5.1,14.0,80.1,No,83.5,Placed
STU01659,Female, Civil ,4.4,76.9,7.1,5.5,16.0,62.7,Yes,77.2,Placed
STU03473,Female,IT,,81.1,5.6,6.8,16.0,64.6,No,63.7,Not Placed
STU02476,Male,CSE,6.8,94.1,7.4,2.7,12.0,68.6,No,81.4,Placed
STU03949,Female,ECE,2.4,78.3,,6.5,12.0,64.3,Yes,55.3,Placed
STU03935,Female,CSE,5.7,78.0,7.5,1.4,16.0,,No,75.2,Placed
STU07154,Female,ECE,,77.6,6.9,3.7,16.0,72.9,Yes,71.5,Placed
STU00764,Female,ECE,2.5,74.9,7.4,4.4,16.0,55.6,Yes,54.9,Not Placed
STU04704,Female,Civil,4.0,97.8,6.5,6.1,14.0,74.7,No,73.2,Placed
STU07237,Female,ECE,5.6,92.1,6.4,5.1,19.0,76.4,No,83.9,Placed
STU08028,Female,IT,5.4,90.7,6.0,,13.0,78.7,No,78.9,Placed
STU04428,Male,CSE,1.5,70.3,,3.6,8.0,54.3,No,45.5,Not Placed
STU07659,Female,CSE,4.6,84.5,,2.7,12.0,53.1,No,59.7,Placed
STU07730,Female,ECE,1.3,66.9,7.7,7.0,11.0,49.9,No,44.1,Not Placed
STU01092,Male,CSE,2.1,65.4,7.8,6.0,14.0,60.6,Yes,60.8,Placed
STU03609,Male,ECE,3.4,90.7,4.6,6.2,15.0,62.0,No,56.1,Not Placed
STU01102,Male,ECE,,,6.7,4.0,12.0,71.3,No,76.0,Not Placed
STU07380,Female,ECE,2.4,73.5,7.2,6.6,15.0,51.2,No,55.4,Not Placed
STU00959,Female,ECE,2.8,69.9,,5.8,17.0,63.2,Yes,58.2,Placed
STU00560,Female,Commerce,3.6,87.6,6.3,2.9,13.0,49.4,No,62.6,Not Placed
STU06991,Male,CSE,2.8,72.5,7.3,6.1,7.0,,No,42.5,Not Placed
STU06835,Female,CSE,5.3,72.3,8.4,6.0,16.0,65.5,No,73.5,Placed
STU01520,Male,Civil,2.7,66.6,4.2,8.0,8.0,45.1,Yes,43.6,Placed
STU08840,Male,CSE,2.7,75.2,6.3,5.5,16.0,74.7,No,74.4,Placed
STU06129,Female,ECE,3.2,82.5,5.9,2.1,18.0,76.0,Yes,82.3,Placed
STU02485,Male,CSE,5.4,86.7,6.1,,13.0,57.6,Yes,65.8,Placed
STU06635,Female,CSE,0.8,71.1,6.3,4.0,10.0,53.6,Yes,36.4,Not Placed
STU00367,Female,Commerce,1.9,69.5,,5.8,9.0,52.5,Yes,44.9,Not Placed
STU06194,Male,ECE,5.0,79.1,7.5,3.6,13.0,55.5,Yes,63.9,Placed
STU07532,Female,Commerce,3.9,70.5,8.5,4.6,14.0,67.1,Yes,63.3,Placed
STU01949,Male,Civil,3.6,64.9,7.8,5.0,4.0,53.4,Yes,50.1,Not Placed
STU09765,Male,Mechanical,,83.9,6.7,3.7,17.0,64.8,Yes,84.8,Placed
STU00809,Female,,2.6,65.8,7.1,3.6,12.0,56.6,Yes,52.8,Placed
STU08204,Male,Mechanical,1.7,72.5,7.6,7.2,7.0,52.4,No,38.1,Not Placed
STU05014,Male,it,4.3,94.8,6.4,4.1,18.0,88.3,No,78.6,Placed
STU07686,Female,IT,3.4,76.0,7.0,3.4,9.0,40.8,No,46.8,Not Placed
STU06784,Male,CSE,1.1,78.9,5.7,5.2,18.0,79.4,Yes,62.9,Placed
STU08369,Male,Mechanical,2.5,80.2,4.8,3.1,13.0,60.9,Yes,52.9,Not Placed
STU02570,Male,Mechanical,3.9,85.1,8.3,6.6,15.0,54.7,No,59.8,Not Placed
STU03521,Male,Mechanical,2.6,85.9,5.5,6.9,13.0,,No,44.5,Not Placed
STU03283,Male,CSE,1.4,57.3,6.0,4.5,5.0,50.2,No,45.6,Not Placed
STU01665,Male,CSE,7.2,91.6,6.3,2.6,16.0,90.7,No,93.4,Placed
STU09237,Female,Mechanical,5.5,95.4,6.8,,12.0,65.1,Yes,69.1,Placed
STU03371,Female,Commerce,4.1,74.6,9.0,3.4,12.0,53.2,Yes,61.4,Not Placed
STU06967,Female,CSE,3.2,85.8,6.2,2.8,,78.7,No,86.0,Placed
STU08116,Male,CSE,3.1,84.2,5.3,5.7,10.0,64.4,No,66.0,Placed
STU06573,Male,IT,6.4,100.0,5.8,4.5,19.0,83.0,No,83.5,Placed
STU07928,Female,ECE,4.9,77.7,7.3,2.5,11.0,54.0,Yes,63.7,Not Placed
STU04253,Male,IT,6.0,91.0,8.5,1.3,17.0,72.9,No,85.0,Placed
STU06684,Female,CSE,4.2,82.0,5.8,5.7,7.0,60.9,No,39.2,Not Placed
STU03579,Male,ECE,1.2,72.6,6.9,7.5,14.0,75.9,No,60.1,Not Placed
STU05947,Male,CSE,5.3,86.9,7.7,1.8,16.0,69.7,Yes,68.4,Placed
STU06606,Male,CSE,1.8,67.9,5.7,3.6,5.0,35.8,Yes,37.3,Not Placed
STU02625,Female,ECE,2.5,84.9,7.4,7.1,10.0,64.3,No,48.7,Not Placed
STU06400,Female,IT,4.0,87.7,7.1,2.7,17.0,74.2,Yes,71.3,Placed
STU06102,Female,IT,3.5,76.8,6.2,5.4,10.0,58.2,No,51.3,Not Placed
STU09378,Female,ECE,1.5,75.8,,2.7,10.0,64.5,Yes,59.8,Not Placed
STU01007,Male,IT,4.8,82.8,8.2,5.6,17.0,66.9,No,76.8,Placed
STU02050,Male,CSE,2.4,65.7,6.6,4.6,9.0,52.3,Yes,42.0,Not Placed
STU04012,Female,Mechanical,3.2,85.9,5.5,6.0,15.0,60.4,Yes,63.7,Placed
STU00270,Male,CSE,1.1,86.4,8.1,5.2,17.0,57.4,Yes,55.1,Placed
STU01994,Female,IT,5.3,87.8,7.4,3.4,16.0,77.8,Yes,79.5,Placed
STU00266,Male,ECE,5.4,93.4,6.7,3.5,18.0,71.9,Yes,74.4,Placed
STU09107,Male,CSE,7.7,84.2,6.7,3.2,15.0,77.9,No,86.3,Placed
STU08049,Female,IT,5.5,91.1,5.8,,20.0,77.3,No,85.6,Placed
STU00291,Male,Civil,1.9,67.5,5.7,3.3,12.0,66.3,Yes,62.6,Placed
STU02913,Male,CSE,3.4,77.0,5.1,4.0,14.0,75.4,No,65.3,Placed
STU06543,Female,CSE,5.3,94.6,5.7,6.3,19.0,,Yes,84.0,Placed
STU09845,Female,CSE,1.3,61.3,4.9,4.2,10.0,53.9,Yes,47.9,Not Placed
STU04142,Female,Mechanical,4.9,97.5,5.7,3.4,20.0,91.4,Yes,83.7,Placed
STU04258,Female,CSE,5.5,,6.0,4.1,17.0,79.1,Yes,73.3,Placed
STU06872,Male,CSE,1.8,71.3,8.6,0.3,14.0,78.8,No,67.0,Placed
STU00289,Female,civil,1.9,63.1,6.9,3.9,12.0,66.4,No,64.4,Placed
STU07758,Male,IT,1.2,67.7,5.7,,14.0,56.0,Yes,50.9,Not Placed
STU03108,Female,it,0.2,68.4,6.6,4.5,11.0,,Yes,52.3,Not Placed
STU08070,Male,CSE,2.3,86.0,7.3,,20.0,70.1,No,76.7,Placed
STU06045,Male, Mechanical ,5.4,91.7,6.9,,17.0,74.2,No,80.7,Placed
STU00576,Female,Mechanical,4.6,76.4,6.7,3.1,7.0,49.5,Yes,56.0,Not Placed
STU00851,Female,IT,0.1,59.6,5.4,0.5,11.0,55.5,No,42.9,Not Placed
STU07484,Male,CSE,0.4,51.4,8.0,6.6,1.0,35.9,No,19.9,Not Placed
STU05351,Female,CSE,4.6,70.8,8.3,1.7,11.0,54.5,No,65.6,Not Placed
STU06230,Female,IT,4.6,98.6,6.8,5.8,15.0,58.4,No,70.4,Placed
STU03950,Female,CSE,1.4,66.4,7.1,5.5,8.0,57.6,Yes,46.2,Not Placed
STU09293,Female,Mechanical,2.9,62.5,6.5,5.5,7.0,53.5,Yes,38.7,Not Placed
STU07802,Male,IT,3.3,,6.1,4.6,20.0,73.0,Yes,75.7,Placed
STU09400,Male,CSE,3.7,77.2,7.7,6.7,13.0,,No,67.2,Placed
STU01844,Male,CSE,3.0,66.9,7.5,,6.0,41.3,No,42.4,Not Placed
STU01849,Female,Commerce,4.2,80.2,7.3,3.1,14.0,63.1,Yes,77.5,Placed
STU03948,Female,Commerce,1.7,57.9,7.6,6.3,3.0,38.9,Yes,43.8,Not Placed
STU01695,Male,Mechanical,3.3,73.9,,6.4,8.0,47.7,No,51.3,Not Placed
STU04182,Female,Commerce,3.8,70.9,6.5,3.0,19.0,58.3,No,70.9,Placed
STU06370,Female,CSE,5.3,96.3,7.8,4.1,19.0,90.9,Yes,93.1,Placed
STU00234,Male,CSE,4.5,,6.9,3.6,17.0,82.0,Yes,76.0,Placed
STU02648,Male,CSE,4.3,74.2,6.9,3.2,13.0,54.4,No,65.4,Not Placed
STU01712,Male,,1.8,55.9,6.8,4.4,4.0,40.8,No,37.4,Not Placed
STU08375,Male,Commerce,4.8,78.9,6.9,6.2,11.0,61.3,Yes,58.4,Not Placed
STU05097,Female,Commerce,3.2,78.1,7.7,5.4,19.0,73.0,Yes,73.1,Placed
STU05738,Female,CSE,5.9,91.3,8.5,5.4,16.0,52.1,No,69.4,Not Placed
STU05453,Female,CSE,4.4,89.4,6.6,4.5,18.0,83.6,No,84.6,Placed
STU01463,Female,Mechanical,3.0,64.6,7.9,7.0,7.0,42.3,Yes,34.2,Not Placed
STU00050,Male,Commerce,3.9,79.8,6.6,6.2,14.0,62.2,No,56.9,Not Placed
STU06674,Female,IT,1.9,65.7,,3.5,8.0,45.5,No,41.2,Not Placed
STU05355,Female,IT,2.2,77.0,8.2,4.5,16.0,59.3,No,56.7,Not Placed
STU06005,Female,ECE,0.0,43.8,6.2,5.9,1.0,24.4,Yes,14.3,Not Placed
STU07791,Female,ECE,0.7,66.4,6.2,5.5,12.0,54.7,No,47.6,Not Placed
STU08299,Male,Mechanical,3.0,67.2,7.5,5.6,13.0,58.9,No,50.8,Placed
STU00444,Male,Mechanical,3.5,87.5,9.6,3.3,15.0,78.5,No,62.4,Not Placed
STU07657,Male,Commerce,1.5,64.4,7.7,3.9,4.0,56.6,No,41.2,Not Placed
STU04743,Male,CSE,3.6,80.6,6.4,4.3,13.0,63.8,Yes,64.7,Placed
STU07181,F,Commerce,5.2,78.0,7.2,2.6,14.0,54.1,Yes,67.5,Placed
STU00727,Female,IT,,77.4,6.9,3.4,14.0,49.7,No,60.4,Not Placed
STU02239,Male,ECE,3.7,67.1,5.1,3.9,8.0,43.4,No,42.4,Not Placed
STU07933,Male,IT,7.0,99.1,6.5,3.3,15.0,73.4,Yes,84.8,Placed
STU02331,Male,CSE,0.6,67.2,8.2,6.8,11.0,47.9,No,47.4,Not Placed
STU04126,Male,CSE,3.1,88.5,,6.1,14.0,51.0,Yes,56.4,Not Placed
STU00170,Female,Commerce,4.7,81.8,7.8,3.1,17.0,,No,73.1,Placed
STU01002,Male,ECE,1.8,68.0,4.7,5.7,11.0,45.9,Yes,49.0,Not Placed
STU03253,Male,Mechanical,0.8,,5.6,4.5,9.0,50.0,No,43.5,Not Placed
STU02149,Female,ECE,1.9,68.8,5.7,4.7,10.0,67.4,No,54.3,Not Placed
STU00198,Female,CSE,,,6.2,5.0,11.0,56.7,No,52.2,Not Placed
STU06123,Male,Civil,4.2,89.3,7.0,1.9,16.0,83.5,No,77.0,Placed
STU03794,Female,Commerce,3.3,79.2,,3.7,16.0,85.3,Yes,69.3,Placed
STU00648,Male,ECE,1.5,67.3,6.1,8.3,5.0,47.0,No,30.0,Not Placed
STU04141,Male,ECE,1.5,70.7,8.0,1.8,10.0,63.9,No,57.2,Placed
STU02759,Female,ECE,5.5,83.9,8.5,3.4,15.0,75.7,No,76.8,Placed
STU08566,Male, CSE ,3.8,61.9,7.1,4.1,7.0,49.2,No,55.5,Not Placed
STU08759,Male,CSE,3.5,72.4,5.7,7.2,13.0,53.8,Yes,51.2,Not Placed
STU03486,Female,Mechanical,3.5,71.4,4.9,4.3,,79.2,No,70.7,Placed
STU01156,Male,ECE,2.0,73.7,6.7,5.4,15.0,56.1,No,58.4,Not Placed
STU04136,Female,ECE,2.1,69.4,5.4,6.2,11.0,53.7,Yes,59.0,Placed
STU00974,Female,IT,5.0,85.3,6.3,5.1,17.0,64.7,No,63.6,Placed
STU03288,Female,CSE,3.2,81.2,5.8,5.6,18.0,77.8,Yes,67.8,Placed
STU07152,Female,ECE,3.8,72.6,6.1,4.4,13.0,64.5,Yes,59.0,Placed
STU03639,Male,IT,3.4,85.9,6.5,5.6,12.0,67.4,No,61.2,Placed
STU05883,Male,IT,5.7,77.3,5.8,2.7,12.0,68.4,No,82.8,Placed
STU05595,Female,Civil,4.0,78.7,5.5,3.8,13.0,67.0,No,69.9,Placed
STU06601,Male,Mechanical,4.0,88.8,6.5,3.5,12.0,79.9,No,84.2,Placed
STU02309,Male,Mechanical,4.0,81.2,5.8,2.2,19.0,81.7,No,80.8,Placed
STU06032,Female,Commerce,4.6,88.1,4.8,6.7,19.0,76.9,No,71.5,Placed
STU02045,Female,CSE,1.5,59.0,7.0,4.9,9.0,57.9,No,50.8,Not Placed
STU04373,Male, Civil ,3.0,57.8,6.1,1.9,10.0,55.4,Yes,43.0,Not Placed
STU04733,Female,IT,3.0,84.3,7.3,4.5,20.0,88.2,Yes,86.6,Placed
STU04719,Male,CSE,4.7,83.0,6.3,6.8,14.0,61.1,No,62.2,Placed
STU05956,Female,ECE,3.9,76.5,5.8,4.0,14.0,58.6,No,67.3,Not Placed
STU00845,Male,ECE,2.3,,5.4,7.8,12.0,58.8,No,55.2,Placed
STU04490,Male,ECE,2.7,63.0,7.4,7.3,10.0,,Yes,64.2,Placed
STU07914,Female,CSE,1.2,63.0,6.7,8.6,5.0,43.2,No,29.9,Not Placed
STU00350,Female,IT,5.8,89.8,7.1,1.2,19.0,77.9,No,79.5,Placed
STU06669,Male,CSE,2.8,77.0,7.3,3.1,16.0,66.0,No,78.8,Placed
STU00785,Female,CSE,3.6,70.3,6.3,5.8,15.0,64.9,Yes,54.3,Placed
STU08240,Male,ECE,2.9,78.1,4.6,3.6,15.0,73.5,Yes,75.5,Placed
STU05752,Male,CSE,4.5,67.8,7.0,4.5,14.0,63.3,Yes,66.5,Placed
STU04019,Female,Commerce,2.3,69.0,5.4,7.1,9.0,47.8,No,47.2,Not Placed
STU01440,Female,CSE,2.0,91.4,6.7,5.1,18.0,81.2,No,73.4,Placed
STU06098,Female,CSE,2.0,69.2,8.5,6.4,7.0,62.3,No,36.6,Not Placed
STU05086,Male,CSE,2.7,63.3,8.1,2.8,15.0,79.7,Yes,75.6,Placed
STU06886,Male,Mechanical,3.7,79.5,8.6,4.3,17.0,56.8,No,62.6,Not Placed
STU07866,Male,CSE,2.8,75.1,6.9,5.1,15.0,62.4,No,63.8,Placed
STU05407,Female,CSE,1.5,63.8,6.6,9.1,9.0,45.9,No,35.9,Not Placed
STU08226,Female,Commerce,2.8,73.4,6.0,4.0,11.0,55.2,No,54.0,Not Placed
STU00788,Female,CSE,1.5,67.7,6.9,5.0,11.0,65.0,No,60.5,Placed
STU07685,Female,IT,6.2,70.2,6.8,2.6,9.0,,Yes,64.7,Placed
STU05140,Male,IT,2.3,79.5,7.7,4.8,14.0,70.2,Yes,64.9,Placed
STU04578,Female,Commerce,1.8,50.4,7.8,7.4,4.0,28.7,No,34.1,Not Placed
STU05340,Male,CSE,3.9,76.8,7.4,5.8,15.0,68.1,Yes,77.3,Placed
STU08060,Male,IT,2.3,90.0,4.9,4.8,20.0,76.2,No,66.3,Not Placed
STU02628,Female,Commerce,6.8,81.1,5.0,3.5,15.0,70.7,No,67.8,Placed
STU06626,Male,CSE,,80.0,6.5,3.9,14.0,51.2,No,59.9,Not Placed
STU00932,Male,Mechanical,5.0,83.7,6.8,1.6,14.0,66.3,Yes,69.6,Placed
STU02405,Male,Civil,1.5,68.3,8.2,6.3,12.0,47.0,Yes,50.0,Not Placed
STU09878,Male,ECE,2.8,52.7,9.5,5.3,4.0,35.2,No,34.0,Not Placed
STU01249,Female,CSE,3.5,77.8,6.9,1.5,11.0,56.8,No,65.6,Not Placed
STU04856,Female,CSE,5.3,79.0,7.0,5.6,17.0,65.4,No,75.9,Placed
STU00093,Female,Civil,4.8,78.8,9.5,3.5,12.0,71.1,No,67.4,Placed
STU05512,Female,ECE,4.2,70.8,5.0,4.5,15.0,57.0,Yes,59.8,Placed
STU05438,Male,CSE,1.8,86.3,7.7,5.6,13.0,71.3,No,63.8,Not Placed
STU02852,Female,Commerce,3.7,88.1,6.7,3.1,20.0,76.9,No,70.1,Placed
STU06424,Male,Civil,2.6,82.6,6.4,4.7,12.0,68.4,Yes,63.1,Placed
STU00765,Male,Mechanical,5.2,96.7,6.8,4.6,17.0,63.8,No,68.7,Placed
STU06749,Male,Civil,3.6,,5.4,4.8,17.0,65.5,No,64.0,Placed
STU05470,Male,Civil,6.4,78.7,6.4,3.8,15.0,65.0,Yes,77.6,Placed
STU06048,Female,CSE,3.7,80.6,7.4,5.5,11.0,52.7,No,64.6,Not Placed
STU09921,Female,Mechanical,5.7,91.2,8.2,3.5,19.0,95.5,No,83.1,Placed
STU00258,Male,Civil,3.9,84.6,7.9,3.1,13.0,54.7,No,66.7,Not Placed
STU07241,Female,Commerce,2.9,89.6,4.9,3.8,15.0,62.4,No,66.5,Placed
STU09412,Female,Mechanical,4.2,80.0,6.2,4.9,15.0,58.1,Yes,62.8,Not Placed
STU07652,Female,Mechanical,1.6,45.7,8.5,3.3,8.0,51.7,No,42.0,Not Placed
STU09354,Male,Commerce,2.6,84.3,5.4,2.3,9.0,60.6,No,58.9,Not Placed
STU08965,Male,Commerce,6.1,85.1,7.0,,20.0,76.6,No,81.8,Placed
STU05583,Male,IT,3.9,83.8,8.5,3.1,17.0,72.7,No,66.9,Placed
STU08505,Male,CSE,3.2,61.3,6.1,3.1,9.0,52.5,No,50.8,Not Placed
STU04860,Male,CSE,4.3,71.8,,4.2,14.0,60.7,No,60.8,Not Placed
STU02998,Female,Mechanical,4.9,100.0,5.5,,20.0,83.7,Yes,76.8,Placed
STU01177,Female,Commerce,,68.7,8.0,5.8,9.0,51.9,Yes,44.5,Not Placed
STU03897,Male,ECE,0.0,51.0,8.0,4.5,9.0,48.2,Yes,35.9,Not Placed
STU09542,Female,ECE,2.6,56.8,6.2,3.4,12.0,68.5,No,64.8,Placed
STU03517,Female,CSE,5.1,84.9,7.9,3.0,14.0,69.2,No,69.4,Placed
STU07956,Male,CSE,4.4,69.2,8.0,4.6,7.0,46.5,No,50.8,Not Placed
STU07681,Female,IT,1.7,74.0,4.8,4.7,14.0,59.8,Yes,48.1,Not Placed
STU07085,Female,Civil,6.2,85.9,8.2,0.7,19.0,66.6,Yes,83.3,Placed
STU08584,Female,Mechanical,3.6,75.1,5.5,3.3,11.0,48.0,No,62.2,Not Placed
STU06016,Male,Commerce,1.3,55.3,6.8,8.1,10.0,46.8,No,41.6,Not Placed
STU01457,Female,IT,6.2,96.5,7.1,5.3,20.0,98.9,No,89.4,Placed
STU01093,Male,ECE,5.2,84.8,6.9,0.8,14.0,81.2,No,85.7,Placed
STU06119,Male,CSE,3.3,78.1,5.5,6.1,11.0,47.4,No,55.2,Not Placed
STU03240,Female,IT,2.2,68.1,7.2,4.5,4.0,53.0,No,46.9,Not Placed
STU04442,Male,CSE,0.0,53.6,6.9,8.0,4.0,48.9,Yes,19.0,Not Placed
STU02584,Male,ECE,2.7,71.1,8.4,3.4,18.0,52.8,No,58.6,Not Placed
STU07567,Male,Commerce,3.4,77.9,7.8,5.2,13.0,61.9,No,58.7,Not Placed
STU01373,Male,IT,4.6,81.6,9.4,5.5,15.0,66.6,No,67.2,Placed
STU00920,Female,ECE,2.9,47.2,5.4,6.5,6.0,32.9,No,27.3,Not Placed
STU04308,Female,CSE,6.5,95.7,8.4,1.9,20.0,88.5,Yes,94.5,Placed
STU05700,Female,CSE,3.9,61.3,5.8,3.0,6.0,43.2,Yes,51.8,Not Placed
STU00538,male,CSE,3.4,81.8,6.8,3.2,19.0,75.4,Yes,73.6,Placed
STU09413,Male,Mechanical,1.3,75.6,6.7,5.4,13.0,45.7,Yes,43.0,Placed
